50,31,0,5,14,0,0
50,30,0,5,15,0,0
50,29,0,5,16,0,0
50,28,0,5,17,0,0
50,27,0,5,18,0,0
50,26,0,5,19,0,0
50,25,0,5,20,0,0
50,24,0,5,21,0,0
50,23,0,5,22,0,0
50,22,0,5,23,0,0
50,21,0,5,24,0,0
50,20,0,5,25,0,0
50,31,0,6,13,0,0
50,30,0,6,14,0,0
50,29,0,6,15,0,0
50,28,0,6,16,0,0
50,27,0,6,17,0,0
50,26,0,6,18,0,0
50,25,0,6,19,0,0
50,24,0,6,20,0,0
50,23,0,6,21,0,0
50,22,0,6,22,0,0
50,21,0,6,23,0,0
50,20,0,6,24,0,0
50,31,0,7,12,0,0
50,30,0,7,13,0,0
50,29,0,7,14,0,0
50,28,0,7,15,0,0
50,27,0,7,16,0,0
50,26,0,7,17,0,0
50,25,0,7,18,0,0
50,24,0,7,19,0,0
50,23,0,7,20,0,0
50,22,0,7,21,0,0
50,21,0,7,22,0,0
50,20,0,7,23,0,0
50,31,0,8,11,0,0
50,30,0,8,12,0,0
50,29,0,8,13,0,0
50,28,0,8,14,0,0
50,27,0,8,15,0,0
50,26,0,8,16,0,0
50,25,0,8,17,0,0
50,24,0,8,18,0,0
50,23,0,8,19,0,0
50,22,0,8,20,0,0
50,21,0,8,21,0,0
50,20,0,8,22,0,0
50,31,0,9,10,0,0
50,30,0,9,11,0,0
50,29,0,9,12,0,0
50,28,0,9,13,0,0
50,27,0,9,14,0,0
50,26,0,9,15,0,0
50,25,0,9,16,0,0
50,24,0,9,17,0,0
50,23,0,9,18,0,0
50,22,0,9,19,0,0
50,21,0,9,20,0,0
50,20,0,9,21,0,0
50,31,0,10,9,0,0
50,30,0,10,10,0,0
50,29,0,10,11,0,0
50,28,0,10,12,0,0
50,27,0,10,13,0,0
50,26,0,10,14,0,0
50,25,0,10,15,0,0
50,24,0,10,16,0,0
50,23,0,10,17,0,0
50,22,0,10,18,0,0
50,21,0,10,19,0,0
50,20,0,10,20,0,0
50,31,0,11,8,0,0
50,30,0,11,9,0,0
50,29,0,11,10,0,0
50,28,0,11,11,0,0
50,27,0,11,12,0,0
50,26,0,11,13,0,0
50,25,0,11,14,0,0
50,24,0,11,15,0,0
50,23,0,11,16,0,0
50,22,0,11,17,0,0
50,21,0,11,18,0,0
50,20,0,11,19,0,0
50,31,0,12,7,0,0
50,30,0,12,8,0,0
50,29,0,12,9,0,0
50,28,0,12,10,0,0
50,27,0,12,11,0,0
50,26,0,12,12,0,0
50,25,0,12,13,0,0
50,24,0,12,14,0,0
50,23,0,12,15,0,0
50,22,0,12,16,0,0
50,21,0,12,17,0,0
50,20,0,12,18,0,0
50,31,0,13,6,0,0
50,30,0,13,7,0,0
50,29,0,13,8,0,0
50,28,0,13,9,0,0
50,27,0,13,10,0,0
50,26,0,13,11,0,0
50,25,0,13,12,0,0
50,24,0,13,13,0,0
50,23,0,13,14,0,0
50,22,0,13,15,0,0
50,21,0,13,16,0,0
50,20,0,13,17,0,0
50,31,0,14,5,0,0
50,30,0,14,6,0,0
50,29,0,14,7,0,0
50,28,0,14,8,0,0
50,27,0,14,9,0,0
50,26,0,14,10,0,0
50,25,0,14,11,0,0
50,24,0,14,12,0,0
50,23,0,14,13,0,0
50,22,0,14,14,0,0
50,21,0,14,15,0,0
50,20,0,14,16,0,0
50,30,0,15,5,0,0
50,29,0,15,6,0,0
50,28,0,15,7,0,0
50,27,0,15,8,0,0
50,26,0,15,9,0,0
50,25,0,15,10,0,0
50,24,0,15,11,0,0
50,23,0,15,12,0,0
50,22,0,15,13,0,0
50,21,0,15,14,0,0
50,20,0,15,15,0,0
50,29,0,16,5,0,0
50,28,0,16,6,0,0
50,27,0,16,7,0,0
50,26,0,16,8,0,0
50,25,0,16,9,0,0
50,24,0,16,10,0,0
50,23,0,16,11,0,0
50,22,0,16,12,0,0
50,21,0,16,13,0,0
50,20,0,16,14,0,0
50,28,0,17,5,0,0
50,27,0,17,6,0,0
50,26,0,17,7,0,0
50,25,0,17,8,0,0
50,24,0,17,9,0,0
50,23,0,17,10,0,0
50,22,0,17,11,0,0
50,21,0,17,12,0,0
50,20,0,17,13,0,0
50,27,0,18,5,0,0
50,26,0,18,6,0,0
50,25,0,18,7,0,0
50,24,0,18,8,0,0
50,23,0,18,9,0,0
50,22,0,18,10,0,0
50,21,0,18,11,0,0
50,20,0,18,12,0,0
50,26,0,19,5,0,0
50,25,0,19,6,0,0
50,24,0,19,7,0,0
50,23,0,19,8,0,0
50,22,0,19,9,0,0
50,21,0,19,10,0,0
50,20,0,19,11,0,0
50,25,0,20,5,0,0
50,24,0,20,6,0,0
50,23,0,20,7,0,0
50,22,0,20,8,0,0
50,21,0,20,9,0,0
50,20,0,20,10,0,0
50,24,0,21,5,0,0
50,23,0,21,6,0,0
50,22,0,21,7,0,0
50,21,0,21,8,0,0
50,20,0,21,9,0,0
50,23,0,22,5,0,0
50,22,0,22,6,0,0
50,21,0,22,7,0,0
50,20,0,22,8,0,0
50,22,0,23,5,0,0
50,21,0,23,6,0,0
50.2,27.8,0,14,8,0,0
50.2,27.8,0,15,7,0,0
50.2,27.8,0,16,6,0,0
50.2,27.8,0,17,5,0,0
50.2,26.8,0,18,5,0,0
49,25,0,0,25,1,0
49,26,0,5,19,1,0
49,25,0,5,20,1,0
49,24,0,5,21,1,0
49,23,0,5,22,1,0
49,22,0,5,23,1,0
49,21,0,5,24,1,0
49,20,0,5,25,1,0
49,26,0,6,18,1,0
49,25,0,6,19,1,0
49,24,0,6,20,1,0
49,23,0,6,21,1,0
49,22,0,6,22,1,0
49,21,0,6,23,1,0
49,20,0,6,24,1,0
49,26,0,7,17,1,0
49,25,0,7,18,1,0
49,24,0,7,19,1,0
49,23,0,7,20,1,0
49,22,0,7,21,1,0
49,21,0,7,22,1,0
49,20,0,7,23,1,0
49,26,0,8,16,1,0
49,25,0,8,17,1,0
49,24,0,8,18,1,0
49,23,0,8,19,1,0
49,22,0,8,20,1,0
49,21,0,8,21,1,0
49,20,0,8,22,1,0
49,26,0,9,15,1,0
49,25,0,9,16,1,0
49,24,0,9,17,1,0
49,23,0,9,18,1,0
49,22,0,9,19,1,0
49,21,0,9,20,1,0
49,20,0,9,21,1,0
49,30,0,10,10,1,0
49,29,0,10,11,1,0
49,27,0,10,13,1,0
49,26,0,10,14,1,0
49,25,0,10,15,1,0
49,24,0,10,16,1,0
49,23,0,10,17,1,0
49,22,0,10,18,1,0
49,21,0,10,19,1,0
49,20,0,10,20,1,0
49,30,0,11,9,1,0
49,29,0,11,10,1,0
49,26,0,11,13,1,0
49,25,0,11,14,1,0
49,24,0,11,15,1,0
49,23,0,11,16,1,0
49,22,0,11,17,1,0
49,21,0,11,18,1,0
49,20,0,11,19,1,0
49,30,0,12,8,1,0
49,29,0,12,9,1,0
49,28,0,12,10,1,0
49,27,0,12,11,1,0
49,26,0,12,12,1,0
49,25,0,12,13,1,0
49,24,0,12,14,1,0
49,23,0,12,15,1,0
49,22,0,12,16,1,0
49,21,0,12,17,1,0
49,20,0,12,18,1,0
49,30,0,13,7,1,0
49,29,0,13,8,1,0
49,28,0,13,9,1,0
49,27,0,13,10,1,0
49,26,0,13,11,1,0
49,25,0,13,12,1,0
49,24,0,13,13,1,0
49,23,0,13,14,1,0
49,22,0,13,15,1,0
49,21,0,13,16,1,0
49,20,0,13,17,1,0
49,30,0,14,6,1,0
49,29,0,14,7,1,0
49,28,0,14,8,1,0
49,27,0,14,9,1,0
49,26,0,14,10,1,0
49,25,0,14,11,1,0
49,24,0,14,12,1,0
49,23,0,14,13,1,0
49,22,0,14,14,1,0
49,21,0,14,15,1,0
49,20,0,14,16,1,0
49,30,0,15,5,1,0
49,29,0,15,6,1,0
49,28,0,15,7,1,0
49,27,0,15,8,1,0
49,26,0,15,9,1,0
49,25,0,15,10,1,0
49,24,0,15,11,1,0
49,23,0,15,12,1,0
49,22,0,15,13,1,0
49,21,0,15,14,1,0
49,20,0,15,15,1,0
49,29,0,16,5,1,0
49,28,0,16,6,1,0
49,27,0,16,7,1,0
49,26,0,16,8,1,0
49,25,0,16,9,1,0
49,24,0,16,10,1,0
49,23,0,16,11,1,0
49,22,0,16,12,1,0
49,21,0,16,13,1,0
49,20,0,16,14,1,0
49,28,0,17,5,1,0
49,27,0,17,6,1,0
49,26,0,17,7,1,0
49,25,0,17,8,1,0
49,24,0,17,9,1,0
49,23,0,17,10,1,0
49,22,0,17,11,1,0
49,21,0,17,12,1,0
49,20,0,17,13,1,0
49,27,0,18,5,1,0
49,26,0,18,6,1,0
49,25,0,18,7,1,0
49,24,0,18,8,1,0
49,23,0,18,9,1,0
49,22,0,18,10,1,0
49,21,0,18,11,1,0
49,20,0,18,12,1,0
49,26,0,19,5,1,0
49,25,0,19,6,1,0
49,24,0,19,7,1,0
49,23,0,19,8,1,0
49,22,0,19,9,1,0
49,21,0,19,10,1,0
49,20,0,19,11,1,0
49,25,0,20,5,1,0
49,24,0,20,6,1,0
49,23,0,20,7,1,0
49,22,0,20,8,1,0
49,21,0,20,9,1,0
49,20,0,20,10,1,0
49,29,0,21,0,1,0
49,24,0,21,5,1,0
49,23,0,21,6,1,0
49,22,0,21,7,1,0
49,21,0,21,8,1,0
49,20,0,21,9,1,0
49,28,0,22,0,1,0
49,23,0,22,5,1,0
49,22,0,22,6,1,0
49,21,0,22,7,1,0
49,20,0,22,8,1,0
49,27,0,23,0,1,0
49,22,0,23,5,1,0
49,21,0,23,6,1,0
49,20,0,23,7,1,0
49,26,0,24,0,1,0
49,21,0,24,5,1,0
49,20,0,24,6,1,0
49,25,0,25,0,1,0
49,20,0,25,5,1,0
49.2,28.8,0,12,9,1,0
49.2,28.8,0,13,8,1,0
49.2,28.8,0,14,7,1,0
49.2,27.8,0,15,7,1,0
49.2,27.8,0,16,6,1,0
49.2,27.8,0,17,5,1,0
49.2,26.8,0,18,5,1,0
49.2,28.8,0,21,0,1,0
48,25,0,0,25,2,0
48,25,0,5,20,2,0
48,22,0,5,23,2,0
48,21,0,5,24,2,0
48,20,0,5,25,2,0
48,25,0,6,19,2,0
48,22,0,6,22,2,0
48,21,0,6,23,2,0
48,20,0,6,24,2,0
48,25,0,7,18,2,0
48,22,0,7,21,2,0
48,21,0,7,22,2,0
48,20,0,7,23,2,0
48,25,0,8,17,2,0
48,24,0,8,18,2,0
48,22,0,8,20,2,0
48,21,0,8,21,2,0
48,20,0,8,22,2,0
48,25,0,9,16,2,0
48,24,0,9,17,2,0
48,22,0,9,19,2,0
48,21,0,9,20,2,0
48,20,0,9,21,2,0
48,26,0,10,14,2,0
48,25,0,10,15,2,0
48,24,0,10,16,2,0
48,23,0,10,17,2,0
48,22,0,10,18,2,0
48,21,0,10,19,2,0
48,20,0,10,20,2,0
48,27,0,11,12,2,0
48,26,0,11,13,2,0
48,25,0,11,14,2,0
48,24,0,11,15,2,0
48,23,0,11,16,2,0
48,22,0,11,17,2,0
48,21,0,11,18,2,0
48,20,0,11,19,2,0
48,27,0,12,11,2,0
48,26,0,12,12,2,0
48,25,0,12,13,2,0
48,24,0,12,14,2,0
48,23,0,12,15,2,0
48,22,0,12,16,2,0
48,21,0,12,17,2,0
48,20,0,12,18,2,0
48,27,0,13,10,2,0
48,26,0,13,11,2,0
48,25,0,13,12,2,0
48,24,0,13,13,2,0
48,23,0,13,14,2,0
48,22,0,13,15,2,0
48,21,0,13,16,2,0
48,20,0,13,17,2,0
48,27,0,14,9,2,0
48,26,0,14,10,2,0
48,25,0,14,11,2,0
48,24,0,14,12,2,0
48,23,0,14,13,2,0
48,22,0,14,14,2,0
48,21,0,14,15,2,0
48,20,0,14,16,2,0
48,27,0,15,8,2,0
48,26,0,15,9,2,0
48,25,0,15,10,2,0
48,24,0,15,11,2,0
48,23,0,15,12,2,0
48,22,0,15,13,2,0
48,21,0,15,14,2,0
48,20,0,15,15,2,0
48,27,0,16,7,2,0
48,26,0,16,8,2,0
48,25,0,16,9,2,0
48,24,0,16,10,2,0
48,23,0,16,11,2,0
48,22,0,16,12,2,0
48,21,0,16,13,2,0
48,20,0,16,14,2,0
48,28,0,17,5,2,0
48,27,0,17,6,2,0
48,26,0,17,7,2,0
48,25,0,17,8,2,0
48,24,0,17,9,2,0
48,23,0,17,10,2,0
48,22,0,17,11,2,0
48,21,0,17,12,2,0
48,20,0,17,13,2,0
48,27,0,18,5,2,0
48,26,0,18,6,2,0
48,25,0,18,7,2,0
48,24,0,18,8,2,0
48,23,0,18,9,2,0
48,22,0,18,10,2,0
48,21,0,18,11,2,0
48,20,0,18,12,2,0
48,26,0,19,5,2,0
48,25,0,19,6,2,0
48,24,0,19,7,2,0
48,23,0,19,8,2,0
48,22,0,19,9,2,0
48,21,0,19,10,2,0
48,20,0,19,11,2,0
48,25,0,20,5,2,0
48,24,0,20,6,2,0
48,23,0,20,7,2,0
48,22,0,20,8,2,0
48,21,0,20,9,2,0
48,20,0,20,10,2,0
48,29,0,21,0,2,0
48,24,0,21,5,2,0
48,23,0,21,6,2,0
48,22,0,21,7,2,0
48,21,0,21,8,2,0
48,20,0,21,9,2,0
48,28,0,22,0,2,0
48,23,0,22,5,2,0
48,22,0,22,6,2,0
48,21,0,22,7,2,0
48,20,0,22,8,2,0
48,27,0,23,0,2,0
48,22,0,23,5,2,0
48,21,0,23,6,2,0
48,20,0,23,7,2,0
48,26,0,24,0,2,0
48,21,0,24,5,2,0
48,20,0,24,6,2,0
48,25,0,25,0,2,0
48,20,0,25,5,2,0
48.2,26.8,0,18,5,2,0
48.2,28.8,0,21,0,2,0
47,20,0,5,25,3,0
47,21,0,6,23,3,0
47,20,0,6,24,3,0
47,21,0,7,22,3,0
47,20,0,7,23,3,0
47,22,0,8,20,3,0
47,21,0,8,21,3,0
47,20,0,8,22,3,0
47,22,0,9,19,3,0
47,21,0,9,20,3,0
47,20,0,9,21,3,0
47,24,0,10,16,3,0
47,22,0,10,18,3,0
47,21,0,10,19,3,0
47,20,0,10,20,3,0
47,24,0,11,15,3,0
47,23,0,11,16,3,0
47,22,0,11,17,3,0
47,21,0,11,18,3,0
47,20,0,11,19,3,0
47,24,0,12,14,3,0
47,23,0,12,15,3,0
47,22,0,12,16,3,0
47,21,0,12,17,3,0
47,20,0,12,18,3,0
47,24,0,13,13,3,0
47,23,0,13,14,3,0
47,22,0,13,15,3,0
47,21,0,13,16,3,0
47,20,0,13,17,3,0
47,24,0,14,12,3,0
47,23,0,14,13,3,0
47,22,0,14,14,3,0
47,21,0,14,15,3,0
47,20,0,14,16,3,0
47,24,0,15,11,3,0
47,23,0,15,12,3,0
47,22,0,15,13,3,0
47,21,0,15,14,3,0
47,20,0,15,15,3,0
47,28,0,16,6,3,0
47,25,0,16,9,3,0
47,24,0,16,10,3,0
47,23,0,16,11,3,0
47,22,0,16,12,3,0
47,21,0,16,13,3,0
47,20,0,16,14,3,0
47,28,0,17,5,3,0
47,25,0,17,8,3,0
47,24,0,17,9,3,0
47,23,0,17,10,3,0
47,22,0,17,11,3,0
47,21,0,17,12,3,0
47,20,0,17,13,3,0
47,25,0,18,7,3,0
47,24,0,18,8,3,0
47,23,0,18,9,3,0
47,22,0,18,10,3,0
47,21,0,18,11,3,0
47,20,0,18,12,3,0
47,25,0,19,6,3,0
47,24,0,19,7,3,0
47,23,0,19,8,3,0
47,22,0,19,9,3,0
47,21,0,19,10,3,0
47,20,0,19,11,3,0
47,25,0,20,5,3,0
47,24,0,20,6,3,0
47,23,0,20,7,3,0
47,22,0,20,8,3,0
47,21,0,20,9,3,0
47,20,0,20,10,3,0
47,24,0,21,5,3,0
47,23,0,21,6,3,0
47,22,0,21,7,3,0
47,21,0,21,8,3,0
47,20,0,21,9,3,0
47,28,0,22,0,3,0
47,23,0,22,5,3,0
47,22,0,22,6,3,0
47,21,0,22,7,3,0
47,20,0,22,8,3,0
47,27,0,23,0,3,0
47,22,0,23,5,3,0
47,21,0,23,6,3,0
47,20,0,23,7,3,0
47,26,0,24,0,3,0
47,21,0,24,5,3,0
47,20,0,24,6,3,0
47,25,0,25,0,3,0
47,20,0,25,5,3,0
46,20,0,5,25,4,0
46,20,0,6,24,4,0
46,21,0,7,22,4,0
46,20,0,7,23,4,0
46,21,0,8,21,4,0
46,20,0,8,22,4,0
46,21,0,9,20,4,0
46,20,0,9,21,4,0
46,22,0,10,18,4,0
46,21,0,10,19,4,0
46,20,0,10,20,4,0
46,22,0,11,17,4,0
46,21,0,11,18,4,0
46,20,0,11,19,4,0
46,22,0,12,16,4,0
46,21,0,12,17,4,0
46,20,0,12,18,4,0
46,22,0,13,15,4,0
46,21,0,13,16,4,0
46,20,0,13,17,4,0
46,22,0,14,14,4,0
46,21,0,14,15,4,0
46,20,0,14,16,4,0
46,22,0,15,13,4,0
46,21,0,15,14,4,0
46,20,0,15,15,4,0
46,22,0,16,12,4,0
46,21,0,16,13,4,0
46,20,0,16,14,4,0
46,24,0,17,9,4,0
46,22,0,17,11,4,0
46,21,0,17,12,4,0
46,20,0,17,13,4,0
46,24,0,18,8,4,0
46,23,0,18,9,4,0
46,22,0,18,10,4,0
46,21,0,18,11,4,0
46,20,0,18,12,4,0
46,24,0,19,7,4,0
46,23,0,19,8,4,0
46,22,0,19,9,4,0
46,21,0,19,10,4,0
46,20,0,19,11,4,0
46,24,0,20,6,4,0
46,23,0,20,7,4,0
46,22,0,20,8,4,0
46,21,0,20,9,4,0
46,20,0,20,10,4,0
46,24,0,21,5,4,0
46,23,0,21,6,4,0
46,22,0,21,7,4,0
46,21,0,21,8,4,0
46,20,0,21,9,4,0
46,28,0,22,0,4,0
46,23,0,22,5,4,0
46,22,0,22,6,4,0
46,21,0,22,7,4,0
46,20,0,22,8,4,0
46,27,0,23,0,4,0
46,22,0,23,5,4,0
46,21,0,23,6,4,0
46,20,0,23,7,4,0
46,21,0,24,5,4,0
46,20,0,24,6,4,0
46,25,0,25,0,4,0
46,20,0,25,5,4,0
45,21,0,5,24,5,0
45,20,0,5,25,5,0
45,20,0,6,24,5,0
45,20,0,7,23,5,0
45,21,0,8,21,5,0
45,20,0,8,22,5,0
45,21,0,9,20,5,0
45,20,0,9,21,5,0
45,21,0,10,19,5,0
45,20,0,10,20,5,0
45,21,0,11,18,5,0
45,20,0,11,19,5,0
45,21,0,12,17,5,0
45,20,0,12,18,5,0
45,21,0,13,16,5,0
45,20,0,13,17,5,0
45,21,0,14,15,5,0
45,20,0,14,16,5,0
45,21,0,15,14,5,0
45,20,0,15,15,5,0
45,22,0,16,12,5,0
45,21,0,16,13,5,0
45,20,0,16,14,5,0
45,22,0,17,11,5,0
45,21,0,17,12,5,0
45,20,0,17,13,5,0
45,21,0,18,11,5,0
45,20,0,18,12,5,0
45,22,0,19,9,5,0
45,21,0,19,10,5,0
45,20,0,19,11,5,0
45,22,0,20,8,5,0
45,21,0,20,9,5,0
45,20,0,20,10,5,0
45,22,0,21,7,5,0
45,21,0,21,8,5,0
45,20,0,21,9,5,0
45,22,0,22,6,5,0
45,21,0,22,7,5,0
45,20,0,22,8,5,0
45,22,0,23,5,5,0
45,21,0,23,6,5,0
45,20,0,23,7,5,0
45,21,0,24,5,5,0
45,20,0,24,6,5,0
45,20,0,25,5,5,0
44,21,0,6,23,6,0
44,20,0,6,24,6,0
44,20,0,7,23,6,0
44,20,0,8,22,6,0
44,21,0,9,20,6,0
44,20,0,9,21,6,0
44,21,0,10,19,6,0
44,20,0,10,20,6,0
44,21,0,11,18,6,0
44,20,0,11,19,6,0
44,21,0,12,17,6,0
44,20,0,12,18,6,0
44,21,0,13,16,6,0
44,20,0,13,17,6,0
44,21,0,14,15,6,0
44,20,0,14,16,6,0
44,21,0,15,14,6,0
44,20,0,15,15,6,0
44,21,0,16,13,6,0
44,20,0,16,14,6,0
44,21,0,17,12,6,0
44,20,0,17,13,6,0
44,21,0,18,11,6,0
44,20,0,18,12,6,0
44,21,0,19,10,6,0
44,20,0,19,11,6,0
44,22,0,20,8,6,0
44,21,0,20,9,6,0
44,20,0,20,10,6,0
44,22,0,21,7,6,0
44,21,0,21,8,6,0
44,20,0,21,9,6,0
44,22,0,22,6,6,0
44,21,0,22,7,6,0
44,20,0,22,8,6,0
44,22,0,23,5,6,0
44,21,0,23,6,6,0
44,20,0,23,7,6,0
44,21,0,24,5,6,0
44,20,0,24,6,6,0
44,20,0,25,5,6,0
43,20,0,7,23,7,0
43,20,0,8,22,7,0
43,20,0,9,21,7,0
43,20,0,10,20,7,0
43,20,0,11,19,7,0
43,21,0,12,17,7,0
43,20,0,12,18,7,0
43,21,0,13,16,7,0
43,20,0,13,17,7,0
43,20,0,14,16,7,0
43,20,0,15,15,7,0
43,21,0,16,13,7,0
43,20,0,16,14,7,0
43,21,0,17,12,7,0
43,20,0,17,13,7,0
43,21,0,18,11,7,0
43,20,0,18,12,7,0
43,21,0,19,10,7,0
43,20,0,19,11,7,0
43,21,0,20,9,7,0
43,20,0,20,10,7,0
43,21,0,21,8,7,0
43,20,0,21,9,7,0
43,21,0,22,7,7,0
43,20,0,22,8,7,0
43,21,0,23,6,7,0
43,20,0,23,7,7,0
43,21,0,24,5,7,0
43,20,0,24,6,7,0
43,20,0,25,5,7,0
42,20,0,8,22,8,0
42,20,0,9,21,8,0
42,20,0,10,20,8,0
42,20,0,11,19,8,0
42,20,0,12,18,8,0
42,20,0,13,17,8,0
42,20,0,14,16,8,0
42,20,0,15,15,8,0
42,21,0,16,13,8,0
42,20,0,16,14,8,0
42,21,0,17,12,8,0
42,20,0,17,13,8,0
42,21,0,18,11,8,0
42,20,0,18,12,8,0
42,20,0,19,11,8,0
42,21,0,20,9,8,0
42,20,0,20,10,8,0
42,21,0,21,8,8,0
42,20,0,21,9,8,0
42,21,0,22,7,8,0
42,20,0,22,8,8,0
42,21,0,23,6,8,0
42,20,0,23,7,8,0
42,21,0,24,5,8,0
42,20,0,24,6,8,0
42,20,0,25,5,8,0
41,20,0,11,19,9,0
41,20,0,12,18,9,0
41,20,0,13,17,9,0
41,20,0,14,16,9,0
41,20,0,15,15,9,0
41,20,0,16,14,9,0
41,20,0,17,13,9,0
41,20,0,18,12,9,0
41,20,0,19,11,9,0
41,20,0,20,10,9,0
41,20,0,22,8,9,0
41,21,0,23,6,9,0
41,20,0,23,7,9,0
41,21,0,24,5,9,0
41,20,0,24,6,9,0
41,20,0,25,5,9,0
41.2,20.8,0,23,6,9,0
40,20,0,10,20,10,0
40,20,0,11,19,10,0
40,20,0,12,18,10,0
40,20,0,13,17,10,0
40,20,0,14,16,10,0
40,20,0,15,15,10,0
40,20,0,16,14,10,0
40,21,0,24,5,10,0
40,20,0,24,6,10,0
40,20,0,25,5,10,0
40.2,20.8,0,24,5,10,0
39,20,0,11,19,11,0
39,20,0,12,18,11,0
39,20,0,13,17,11,0
39,20,0,24,6,11,0
39,20,0,25,5,11,0
39.2,20.8,0,24,5,11,0
38,20,0,25,5,12,0
45,20,5,5,25,0,0
45,20,5,6,24,0,0
45,21,5,7,22,0,0
45,20,5,7,23,0,0
45,21,5,8,21,0,0
45,20,5,8,22,0,0
45,22,5,9,19,0,0
45,21,5,9,20,0,0
45,20,5,9,21,0,0
45,22,5,10,18,0,0
45,21,5,10,19,0,0
45,20,5,10,20,0,0
45,22,5,11,17,0,0
45,21,5,11,18,0,0
45,20,5,11,19,0,0
45,22,5,12,16,0,0
45,21,5,12,17,0,0
45,20,5,12,18,0,0
45,22,5,13,15,0,0
45,21,5,13,16,0,0
45,20,5,13,17,0,0
45,23,5,14,13,0,0
45,22,5,14,14,0,0
45,21,5,14,15,0,0
45,20,5,14,16,0,0
45,23,5,15,12,0,0
45,22,5,15,13,0,0
45,21,5,15,14,0,0
45,20,5,15,15,0,0
45,24,5,16,10,0,0
45,23,5,16,11,0,0
45,22,5,16,12,0,0
45,21,5,16,13,0,0
45,20,5,16,14,0,0
45,24,5,17,9,0,0
45,23,5,17,10,0,0
45,22,5,17,11,0,0
45,21,5,17,12,0,0
45,20,5,17,13,0,0
45,24,5,18,8,0,0
45,23,5,18,9,0,0
45,22,5,18,10,0,0
45,21,5,18,11,0,0
45,20,5,18,12,0,0
45,25,5,19,6,0,0
45,24,5,19,7,0,0
45,23,5,19,8,0,0
45,22,5,19,9,0,0
45,21,5,19,10,0,0
45,20,5,19,11,0,0
45,25,5,20,5,0,0
45,24,5,20,6,0,0
45,23,5,20,7,0,0
45,22,5,20,8,0,0
45,21,5,20,9,0,0
45,20,5,20,10,0,0
45,24,5,21,5,0,0
45,23,5,21,6,0,0
45,22,5,21,7,0,0
45,21,5,21,8,0,0
45,20,5,21,9,0,0
45,23,5,22,5,0,0
45,22,5,22,6,0,0
45,21,5,22,7,0,0
45,20,5,22,8,0,0
45,22,5,23,5,0,0
45,21,5,23,6,0,0
45,20,5,23,7,0,0
45,26,5,24,0,0,0
45,21,5,24,5,0,0
45,20,5,24,6,0,0
45,25,5,25,0,0,0
45,20,5,25,5,0,0
45.2,23.8,5,20,6,0,0
45.2,23.8,5,21,5,0,0
45.2,22.8,5,21,6,0,0
45.2,22.8,5,22,5,0,0
45.2,21.8,5,22,6,0,0
45.2,21.8,5,23,5,0,0
45.2,20.8,5,24,5,0,0
45.2,24.8,5,25,0,0,0
44,23,5,5,22,1,0
44,22,5,5,23,1,0
44,21,5,5,24,1,0
44,20,5,5,25,1,0
44,23,5,6,21,1,0
44,22,5,6,22,1,0
44,21,5,6,23,1,0
44,20,5,6,24,1,0
44,24,5,7,19,1,0
44,23,5,7,20,1,0
44,22,5,7,21,1,0
44,21,5,7,22,1,0
44,20,5,7,23,1,0
44,24,5,8,18,1,0
44,23,5,8,19,1,0
44,22,5,8,20,1,0
44,21,5,8,21,1,0
44,20,5,8,22,1,0
44,24,5,9,17,1,0
44,23,5,9,18,1,0
44,22,5,9,19,1,0
44,21,5,9,20,1,0
44,20,5,9,21,1,0
44,24,5,10,16,1,0
44,23,5,10,17,1,0
44,22,5,10,18,1,0
44,21,5,10,19,1,0
44,20,5,10,20,1,0
44,24,5,11,15,1,0
44,23,5,11,16,1,0
44,22,5,11,17,1,0
44,21,5,11,18,1,0
44,20,5,11,19,1,0
44,24,5,12,14,1,0
44,23,5,12,15,1,0
44,22,5,12,16,1,0
44,21,5,12,17,1,0
44,20,5,12,18,1,0
44,24,5,13,13,1,0
44,23,5,13,14,1,0
44,22,5,13,15,1,0
44,21,5,13,16,1,0
44,20,5,13,17,1,0
44,24,5,14,12,1,0
44,23,5,14,13,1,0
44,22,5,14,14,1,0
44,21,5,14,15,1,0
44,20,5,14,16,1,0
44,24,5,15,11,1,0
44,23,5,15,12,1,0
44,22,5,15,13,1,0
44,21,5,15,14,1,0
44,20,5,15,15,1,0
44,24,5,16,10,1,0
44,23,5,16,11,1,0
44,22,5,16,12,1,0
44,21,5,16,13,1,0
44,20,5,16,14,1,0
44,25,5,17,8,1,0
44,24,5,17,9,1,0
44,23,5,17,10,1,0
44,22,5,17,11,1,0
44,21,5,17,12,1,0
44,20,5,17,13,1,0
44,26,5,18,6,1,0
44,25,5,18,7,1,0
44,24,5,18,8,1,0
44,23,5,18,9,1,0
44,22,5,18,10,1,0
44,21,5,18,11,1,0
44,20,5,18,12,1,0
44,25,5,19,6,1,0
44,24,5,19,7,1,0
44,23,5,19,8,1,0
44,22,5,19,9,1,0
44,21,5,19,10,1,0
44,20,5,19,11,1,0
44,25,5,20,5,1,0
44,24,5,20,6,1,0
44,23,5,20,7,1,0
44,22,5,20,8,1,0
44,21,5,20,9,1,0
44,20,5,20,10,1,0
44,24,5,21,5,1,0
44,23,5,21,6,1,0
44,22,5,21,7,1,0
44,21,5,21,8,1,0
44,20,5,21,9,1,0
44,23,5,22,5,1,0
44,22,5,22,6,1,0
44,21,5,22,7,1,0
44,20,5,22,8,1,0
44,22,5,23,5,1,0
44,21,5,23,6,1,0
44,20,5,23,7,1,0
44,26,5,24,0,1,0
44,21,5,24,5,1,0
44,20,5,24,6,1,0
44,25,5,25,0,1,0
44,20,5,25,5,1,0
44.2,24.8,5,18,7,1,0
44.2,24.8,5,19,6,1,0
44.2,24.8,5,20,5,1,0
44.2,23.8,5,20,6,1,0
44.2,23.8,5,21,5,1,0
44.2,22.8,5,22,5,1,0
44.2,25.8,5,24,0,1,0
44.2,24.8,5,25,0,1,0
43,23,5,5,22,2,0
43,22,5,5,23,2,0
43,21,5,5,24,2,0
43,20,5,5,25,2,0
43,23,5,6,21,2,0
43,22,5,6,22,2,0
43,21,5,6,23,2,0
43,20,5,6,24,2,0
43,22,5,7,21,2,0
43,21,5,7,22,2,0
43,20,5,7,23,2,0
43,23,5,8,19,2,0
43,22,5,8,20,2,0
43,21,5,8,21,2,0
43,20,5,8,22,2,0
43,23,5,9,18,2,0
43,22,5,9,19,2,0
43,21,5,9,20,2,0
43,20,5,9,21,2,0
43,23,5,10,17,2,0
43,22,5,10,18,2,0
43,21,5,10,19,2,0
43,20,5,10,20,2,0
43,24,5,11,15,2,0
43,23,5,11,16,2,0
43,22,5,11,17,2,0
43,21,5,11,18,2,0
43,20,5,11,19,2,0
43,24,5,12,14,2,0
43,23,5,12,15,2,0
43,22,5,12,16,2,0
43,21,5,12,17,2,0
43,20,5,12,18,2,0
43,24,5,13,13,2,0
43,23,5,13,14,2,0
43,22,5,13,15,2,0
43,21,5,13,16,2,0
43,20,5,13,17,2,0
43,24,5,14,12,2,0
43,23,5,14,13,2,0
43,22,5,14,14,2,0
43,21,5,14,15,2,0
43,20,5,14,16,2,0
43,24,5,15,11,2,0
43,23,5,15,12,2,0
43,22,5,15,13,2,0
43,21,5,15,14,2,0
43,20,5,15,15,2,0
43,24,5,16,10,2,0
43,23,5,16,11,2,0
43,22,5,16,12,2,0
43,21,5,16,13,2,0
43,20,5,16,14,2,0
43,24,5,17,9,2,0
43,23,5,17,10,2,0
43,22,5,17,11,2,0
43,21,5,17,12,2,0
43,20,5,17,13,2,0
43,24,5,18,8,2,0
43,23,5,18,9,2,0
43,22,5,18,10,2,0
43,21,5,18,11,2,0
43,20,5,18,12,2,0
43,24,5,19,7,2,0
43,23,5,19,8,2,0
43,22,5,19,9,2,0
43,21,5,19,10,2,0
43,20,5,19,11,2,0
43,25,5,20,5,2,0
43,24,5,20,6,2,0
43,23,5,20,7,2,0
43,22,5,20,8,2,0
43,21,5,20,9,2,0
43,20,5,20,10,2,0
43,24,5,21,5,2,0
43,23,5,21,6,2,0
43,22,5,21,7,2,0
43,21,5,21,8,2,0
43,20,5,21,9,2,0
43,23,5,22,5,2,0
43,22,5,22,6,2,0
43,21,5,22,7,2,0
43,20,5,22,8,2,0
43,22,5,23,5,2,0
43,21,5,23,6,2,0
43,20,5,23,7,2,0
43,26,5,24,0,2,0
43,21,5,24,5,2,0
43,20,5,24,6,2,0
43,25,5,25,0,2,0
43,20,5,25,5,2,0
43.2,23.8,5,21,5,2,0
43.2,25.8,5,24,0,2,0
43.2,24.8,5,25,0,2,0
42,22,5,5,23,3,0
42,21,5,5,24,3,0
42,20,5,5,25,3,0
42,23,5,6,21,3,0
42,22,5,6,22,3,0
42,21,5,6,23,3,0
42,20,5,6,24,3,0
42,23,5,7,20,3,0
42,22,5,7,21,3,0
42,21,5,7,22,3,0
42,20,5,7,23,3,0
42,23,5,8,19,3,0
42,22,5,8,20,3,0
42,21,5,8,21,3,0
42,20,5,8,22,3,0
42,23,5,9,18,3,0
42,22,5,9,19,3,0
42,21,5,9,20,3,0
42,20,5,9,21,3,0
42,23,5,10,17,3,0
42,22,5,10,18,3,0
42,21,5,10,19,3,0
42,20,5,10,20,3,0
42,23,5,11,16,3,0
42,22,5,11,17,3,0
42,21,5,11,18,3,0
42,20,5,11,19,3,0
42,23,5,12,15,3,0
42,22,5,12,16,3,0
42,21,5,12,17,3,0
42,20,5,12,18,3,0
42,23,5,13,14,3,0
42,22,5,13,15,3,0
42,21,5,13,16,3,0
42,20,5,13,17,3,0
42,23,5,14,13,3,0
42,22,5,14,14,3,0
42,21,5,14,15,3,0
42,20,5,14,16,3,0
42,23,5,15,12,3,0
42,22,5,15,13,3,0
42,21,5,15,14,3,0
42,20,5,15,15,3,0
42,23,5,16,11,3,0
42,22,5,16,12,3,0
42,21,5,16,13,3,0
42,20,5,16,14,3,0
42,23,5,17,10,3,0
42,22,5,17,11,3,0
42,21,5,17,12,3,0
42,20,5,17,13,3,0
42,24,5,18,8,3,0
42,23,5,18,9,3,0
42,22,5,18,10,3,0
42,21,5,18,11,3,0
42,20,5,18,12,3,0
42,24,5,19,7,3,0
42,23,5,19,8,3,0
42,22,5,19,9,3,0
42,21,5,19,10,3,0
42,20,5,19,11,3,0
42,24,5,20,6,3,0
42,23,5,20,7,3,0
42,22,5,20,8,3,0
42,21,5,20,9,3,0
42,20,5,20,10,3,0
42,24,5,21,5,3,0
42,23,5,21,6,3,0
42,22,5,21,7,3,0
42,21,5,21,8,3,0
42,20,5,21,9,3,0
42,23,5,22,5,3,0
42,22,5,22,6,3,0
42,21,5,22,7,3,0
42,20,5,22,8,3,0
42,22,5,23,5,3,0
42,21,5,23,6,3,0
42,20,5,23,7,3,0
42,26,5,24,0,3,0
42,21,5,24,5,3,0
42,20,5,24,6,3,0
42,25,5,25,0,3,0
42,20,5,25,5,3,0
42.2,24.8,5,25,0,3,0
41,20,5,5,25,4,0
41,21,5,6,23,4,0
41,20,5,6,24,4,0
41,22,5,7,21,4,0
41,21,5,7,22,4,0
41,20,5,7,23,4,0
41,22,5,8,20,4,0
41,21,5,8,21,4,0
41,20,5,8,22,4,0
41,22,5,9,19,4,0
41,21,5,9,20,4,0
41,20,5,9,21,4,0
41,22,5,10,18,4,0
41,21,5,10,19,4,0
41,20,5,10,20,4,0
41,22,5,11,17,4,0
41,21,5,11,18,4,0
41,20,5,11,19,4,0
41,22,5,12,16,4,0
41,21,5,12,17,4,0
41,20,5,12,18,4,0
41,22,5,13,15,4,0
41,21,5,13,16,4,0
41,20,5,13,17,4,0
41,22,5,14,14,4,0
41,21,5,14,15,4,0
41,20,5,14,16,4,0
41,22,5,15,13,4,0
41,21,5,15,14,4,0
41,20,5,15,15,4,0
41,22,5,16,12,4,0
41,21,5,16,13,4,0
41,20,5,16,14,4,0
41,22,5,17,11,4,0
41,21,5,17,12,4,0
41,20,5,17,13,4,0
41,23,5,18,9,4,0
41,22,5,18,10,4,0
41,21,5,18,11,4,0
41,20,5,18,12,4,0
41,24,5,19,7,4,0
41,23,5,19,8,4,0
41,22,5,19,9,4,0
41,21,5,19,10,4,0
41,20,5,19,11,4,0
41,24,5,20,6,4,0
41,23,5,20,7,4,0
41,22,5,20,8,4,0
41,21,5,20,9,4,0
41,20,5,20,10,4,0
41,24,5,21,5,4,0
41,23,5,21,6,4,0
41,22,5,21,7,4,0
41,21,5,21,8,4,0
41,20,5,21,9,4,0
41,23,5,22,5,4,0
41,22,5,22,6,4,0
41,21,5,22,7,4,0
41,20,5,22,8,4,0
41,22,5,23,5,4,0
41,21,5,23,6,4,0
41,20,5,23,7,4,0
41,21,5,24,5,4,0
41,20,5,24,6,4,0
41,20,5,25,5,4,0
41.2,23.8,5,21,5,4,0
40,21,5,5,24,5,0
40,20,5,5,25,5,0
40,21,5,6,23,5,0
40,20,5,6,24,5,0
40,21,5,7,22,5,0
40,20,5,7,23,5,0
40,21,5,8,21,5,0
40,20,5,8,22,5,0
40,21,5,9,20,5,0
40,20,5,9,21,5,0
40,21,5,10,19,5,0
40,20,5,10,20,5,0
40,21,5,11,18,5,0
40,20,5,11,19,5,0
40,21,5,12,17,5,0
40,20,5,12,18,5,0
40,21,5,13,16,5,0
40,20,5,13,17,5,0
40,21,5,14,15,5,0
40,20,5,14,16,5,0
40,22,5,15,13,5,0
40,21,5,15,14,5,0
40,20,5,15,15,5,0
40,21,5,16,13,5,0
40,20,5,16,14,5,0
40,22,5,17,11,5,0
40,21,5,17,12,5,0
40,20,5,17,13,5,0
40,22,5,18,10,5,0
40,21,5,18,11,5,0
40,20,5,18,12,5,0
40,23,5,19,8,5,0
40,22,5,19,9,5,0
40,21,5,19,10,5,0
40,20,5,19,11,5,0
40,23,5,20,7,5,0
40,22,5,20,8,5,0
40,21,5,20,9,5,0
40,20,5,20,10,5,0
40,23,5,21,6,5,0
40,22,5,21,7,5,0
40,21,5,21,8,5,0
40,20,5,21,9,5,0
40,22,5,22,6,5,0
40,21,5,22,7,5,0
40,20,5,22,8,5,0
40,22,5,23,5,5,0
40,21,5,23,6,5,0
40,20,5,23,7,5,0
40,21,5,24,5,5,0
40,20,5,24,6,5,0
40,20,5,25,5,5,0
40.2,23.8,5,21,5,5,0
40.2,22.8,5,22,5,5,0
39,20,5,7,23,6,0
39,20,5,8,22,6,0
39,20,5,10,20,6,0
39,20,5,11,19,6,0
39,20,5,12,18,6,0
39,20,5,13,17,6,0
39,20,5,14,16,6,0
39,21,5,15,14,6,0
39,20,5,15,15,6,0
39,22,5,16,12,6,0
39,21,5,16,13,6,0
39,20,5,16,14,6,0
39,21,5,17,12,6,0
39,20,5,17,13,6,0
39,22,5,18,10,6,0
39,21,5,18,11,6,0
39,22,5,19,9,6,0
39,21,5,19,10,6,0
39,20,5,19,11,6,0
39,22,5,20,8,6,0
39,21,5,20,9,6,0
39,20,5,20,10,6,0
39,22,5,21,7,6,0
39,21,5,21,8,6,0
39,20,5,21,9,6,0
39,22,5,22,6,6,0
39,21,5,22,7,6,0
39,20,5,22,8,6,0
39,22,5,23,5,6,0
39,21,5,23,6,6,0
39,20,5,23,7,6,0
39,21,5,24,5,6,0
39,20,5,24,6,6,0
39,20,5,25,5,6,0
39.2,21.8,5,23,5,6,0
39.2,20.8,5,24,5,6,0
38,20,5,11,19,7,0
38,20,5,12,18,7,0
38,20,5,13,17,7,0
38,21,5,18,11,7,0
38,21,5,19,10,7,0
38,22,5,20,8,7,0
38,21,5,20,9,7,0
38,20,5,20,10,7,0
38,21,5,21,8,7,0
38,20,5,21,9,7,0
38,21,5,22,7,7,0
38,20,5,22,8,7,0
38,21,5,23,6,7,0
38,20,5,23,7,7,0
38,21,5,24,5,7,0
38,20,5,24,6,7,0
38,20,5,25,5,7,0
38.2,20.8,5,23,6,7,0
38.2,20.8,5,24,5,7,0
37,20,5,9,21,8,0
37,20,5,10,20,8,0
37,21,5,19,10,8,0
37,21,5,20,9,8,0
37,20,5,21,9,8,0
37,20,5,22,8,8,0
37,21,5,23,6,8,0
37,20,5,23,7,8,0
37,21,5,24,5,8,0
37,20,5,24,6,8,0
37,20,5,25,5,8,0
37.2,20.8,5,23,6,8,0
37.2,20.8,5,24,5,8,0
36,20,5,5,25,9,0
36,20,5,6,24,9,0
36,20,5,7,23,9,0
36,21,5,22,7,9,0
36,20,5,22,8,9,0
36,21,5,23,6,9,0
36,20,5,23,7,9,0
36,21,5,24,5,9,0
36,20,5,24,6,9,0
36,20,5,25,5,9,0
36.2,20.8,5,24,5,9,0
35,21,5,23,6,10,0
35,20,5,23,7,10,0
35,21,5,24,5,10,0
35,20,5,24,6,10,0
35,20,5,25,5,10,0
34,21,5,24,5,11,0
34,20,5,24,6,11,0
34,20,5,25,5,11,0
34.2,20.8,5,24,5,11,0
33,21,5,24,5,12,0
33,20,5,24,6,12,0
33,20,5,25,5,12,0
33.2,20.8,5,24,5,12,0
32,20,5,25,5,13,0
20,50,5,0,0,25,0
44,20,6,5,25,0,0
44,20,6,6,24,0,0
44,20,6,7,23,0,0
44,21,6,8,21,0,0
44,20,6,8,22,0,0
44,21,6,9,20,0,0
44,20,6,9,21,0,0
44,22,6,10,18,0,0
44,21,6,10,19,0,0
44,20,6,10,20,0,0
44,22,6,11,17,0,0
44,21,6,11,18,0,0
44,20,6,11,19,0,0
44,23,6,12,15,0,0
44,22,6,12,16,0,0
44,21,6,12,17,0,0
44,20,6,12,18,0,0
44,23,6,13,14,0,0
44,22,6,13,15,0,0
44,21,6,13,16,0,0
44,20,6,13,17,0,0
44,23,6,14,13,0,0
44,22,6,14,14,0,0
44,21,6,14,15,0,0
44,20,6,14,16,0,0
44,23,6,15,12,0,0
44,22,6,15,13,0,0
44,21,6,15,14,0,0
44,20,6,15,15,0,0
44,24,6,16,10,0,0
44,23,6,16,11,0,0
44,22,6,16,12,0,0
44,21,6,16,13,0,0
44,20,6,16,14,0,0
44,24,6,17,9,0,0
44,23,6,17,10,0,0
44,22,6,17,11,0,0
44,21,6,17,12,0,0
44,20,6,17,13,0,0
44,24,6,18,8,0,0
44,23,6,18,9,0,0
44,22,6,18,10,0,0
44,21,6,18,11,0,0
44,20,6,18,12,0,0
44,25,6,19,6,0,0
44,24,6,19,7,0,0
44,23,6,19,8,0,0
44,22,6,19,9,0,0
44,21,6,19,10,0,0
44,20,6,19,11,0,0
44,25,6,20,5,0,0
44,24,6,20,6,0,0
44,23,6,20,7,0,0
44,22,6,20,8,0,0
44,21,6,20,9,0,0
44,20,6,20,10,0,0
44,24,6,21,5,0,0
44,23,6,21,6,0,0
44,22,6,21,7,0,0
44,21,6,21,8,0,0
44,20,6,21,9,0,0
44,23,6,22,5,0,0
44,22,6,22,6,0,0
44,21,6,22,7,0,0
44,20,6,22,8,0,0
44,22,6,23,5,0,0
44,21,6,23,6,0,0
44,20,6,23,7,0,0
44,26,6,24,0,0,0
44,21,6,24,5,0,0
44,20,6,24,6,0,0
44,25,6,25,0,0,0
44,20,6,25,5,0,0
44.2,23.8,6,21,5,0,0
44.2,24.8,6,25,0,0,0
43,23,6,5,22,1,0
43,22,6,5,23,1,0
43,21,6,5,24,1,0
43,20,6,5,25,1,0
43,23,6,6,21,1,0
43,22,6,6,22,1,0
43,21,6,6,23,1,0
43,20,6,6,24,1,0
43,23,6,7,20,1,0
43,22,6,7,21,1,0
43,21,6,7,22,1,0
43,20,6,7,23,1,0
43,23,6,8,19,1,0
43,22,6,8,20,1,0
43,21,6,8,21,1,0
43,20,6,8,22,1,0
43,23,6,9,18,1,0
43,22,6,9,19,1,0
43,21,6,9,20,1,0
43,20,6,9,21,1,0
43,23,6,10,17,1,0
43,22,6,10,18,1,0
43,21,6,10,19,1,0
43,20,6,10,20,1,0
43,23,6,11,16,1,0
43,22,6,11,17,1,0
43,21,6,11,18,1,0
43,20,6,11,19,1,0
43,23,6,12,15,1,0
43,22,6,12,16,1,0
43,21,6,12,17,1,0
43,20,6,12,18,1,0
43,24,6,13,13,1,0
43,23,6,13,14,1,0
43,22,6,13,15,1,0
43,21,6,13,16,1,0
43,20,6,13,17,1,0
43,24,6,14,12,1,0
43,23,6,14,13,1,0
43,22,6,14,14,1,0
43,21,6,14,15,1,0
43,20,6,14,16,1,0
43,24,6,15,11,1,0
43,23,6,15,12,1,0
43,22,6,15,13,1,0
43,21,6,15,14,1,0
43,20,6,15,15,1,0
43,24,6,16,10,1,0
43,23,6,16,11,1,0
43,22,6,16,12,1,0
43,21,6,16,13,1,0
43,20,6,16,14,1,0
43,24,6,17,9,1,0
43,23,6,17,10,1,0
43,22,6,17,11,1,0
43,21,6,17,12,1,0
43,20,6,17,13,1,0
43,25,6,18,7,1,0
43,24,6,18,8,1,0
43,23,6,18,9,1,0
43,22,6,18,10,1,0
43,21,6,18,11,1,0
43,20,6,18,12,1,0
43,25,6,19,6,1,0
43,24,6,19,7,1,0
43,23,6,19,8,1,0
43,22,6,19,9,1,0
43,21,6,19,10,1,0
43,20,6,19,11,1,0
43,25,6,20,5,1,0
43,24,6,20,6,1,0
43,23,6,20,7,1,0
43,22,6,20,8,1,0
43,21,6,20,9,1,0
43,20,6,20,10,1,0
43,24,6,21,5,1,0
43,23,6,21,6,1,0
43,22,6,21,7,1,0
43,21,6,21,8,1,0
43,20,6,21,9,1,0
43,23,6,22,5,1,0
43,22,6,22,6,1,0
43,21,6,22,7,1,0
43,20,6,22,8,1,0
43,22,6,23,5,1,0
43,21,6,23,6,1,0
43,20,6,23,7,1,0
43,26,6,24,0,1,0
43,21,6,24,5,1,0
43,20,6,24,6,1,0
43,25,6,25,0,1,0
43,20,6,25,5,1,0
43.2,24.8,6,20,5,1,0
43.2,25.8,6,24,0,1,0
43.2,24.8,6,25,0,1,0
43.4,25.6,6,24,0,1,0
42,23,6,5,22,2,0
42,22,6,5,23,2,0
42,21,6,5,24,2,0
42,20,6,5,25,2,0
42,22,6,6,22,2,0
42,21,6,6,23,2,0
42,20,6,6,24,2,0
42,22,6,7,21,2,0
42,21,6,7,22,2,0
42,20,6,7,23,2,0
42,22,6,8,20,2,0
42,21,6,8,21,2,0
42,20,6,8,22,2,0
42,22,6,9,19,2,0
42,21,6,9,20,2,0
42,20,6,9,21,2,0
42,22,6,10,18,2,0
42,21,6,10,19,2,0
42,20,6,10,20,2,0
42,23,6,11,16,2,0
42,22,6,11,17,2,0
42,21,6,11,18,2,0
42,20,6,11,19,2,0
42,23,6,12,15,2,0
42,22,6,12,16,2,0
42,21,6,12,17,2,0
42,20,6,12,18,2,0
42,23,6,13,14,2,0
42,22,6,13,15,2,0
42,21,6,13,16,2,0
42,20,6,13,17,2,0
42,23,6,14,13,2,0
42,22,6,14,14,2,0
42,21,6,14,15,2,0
42,20,6,14,16,2,0
42,23,6,15,12,2,0
42,22,6,15,13,2,0
42,21,6,15,14,2,0
42,20,6,15,15,2,0
42,24,6,16,10,2,0
42,23,6,16,11,2,0
42,22,6,16,12,2,0
42,21,6,16,13,2,0
42,20,6,16,14,2,0
42,24,6,17,9,2,0
42,23,6,17,10,2,0
42,22,6,17,11,2,0
42,21,6,17,12,2,0
42,20,6,17,13,2,0
42,24,6,18,8,2,0
42,23,6,18,9,2,0
42,22,6,18,10,2,0
42,21,6,18,11,2,0
42,20,6,18,12,2,0
42,24,6,19,7,2,0
42,23,6,19,8,2,0
42,22,6,19,9,2,0
42,21,6,19,10,2,0
42,20,6,19,11,2,0
42,25,6,20,5,2,0
42,24,6,20,6,2,0
42,23,6,20,7,2,0
42,22,6,20,8,2,0
42,21,6,20,9,2,0
42,20,6,20,10,2,0
42,24,6,21,5,2,0
42,23,6,21,6,2,0
42,22,6,21,7,2,0
42,21,6,21,8,2,0
42,20,6,21,9,2,0
42,23,6,22,5,2,0
42,22,6,22,6,2,0
42,21,6,22,7,2,0
42,20,6,22,8,2,0
42,22,6,23,5,2,0
42,21,6,23,6,2,0
42,20,6,23,7,2,0
42,26,6,24,0,2,0
42,21,6,24,5,2,0
42,20,6,24,6,2,0
42,25,6,25,0,2,0
42,20,6,25,5,2,0
42.2,25.8,6,24,0,2,0
42.2,24.8,6,25,0,2,0
42.4,24.6,6,25,0,2,0
41,22,6,5,23,3,0
41,21,6,5,24,3,0
41,20,6,5,25,3,0
41,22,6,6,22,3,0
41,21,6,6,23,3,0
41,20,6,6,24,3,0
41,22,6,7,21,3,0
41,21,6,7,22,3,0
41,20,6,7,23,3,0
41,22,6,8,20,3,0
41,21,6,8,21,3,0
41,20,6,8,22,3,0
41,22,6,9,19,3,0
41,21,6,9,20,3,0
41,20,6,9,21,3,0
41,22,6,10,18,3,0
41,21,6,10,19,3,0
41,20,6,10,20,3,0
41,22,6,11,17,3,0
41,21,6,11,18,3,0
41,20,6,11,19,3,0
41,22,6,12,16,3,0
41,21,6,12,17,3,0
41,20,6,12,18,3,0
41,22,6,13,15,3,0
41,21,6,13,16,3,0
41,20,6,13,17,3,0
41,23,6,14,13,3,0
41,22,6,14,14,3,0
41,21,6,14,15,3,0
41,20,6,14,16,3,0
41,23,6,15,12,3,0
41,22,6,15,13,3,0
41,21,6,15,14,3,0
41,20,6,15,15,3,0
41,23,6,16,11,3,0
41,22,6,16,12,3,0
41,21,6,16,13,3,0
41,20,6,16,14,3,0
41,23,6,17,10,3,0
41,22,6,17,11,3,0
41,21,6,17,12,3,0
41,20,6,17,13,3,0
41,23,6,18,9,3,0
41,22,6,18,10,3,0
41,21,6,18,11,3,0
41,20,6,18,12,3,0
41,24,6,19,7,3,0
41,23,6,19,8,3,0
41,22,6,19,9,3,0
41,21,6,19,10,3,0
41,20,6,19,11,3,0
41,24,6,20,6,3,0
41,23,6,20,7,3,0
41,22,6,20,8,3,0
41,21,6,20,9,3,0
41,20,6,20,10,3,0
41,24,6,21,5,3,0
41,23,6,21,6,3,0
41,22,6,21,7,3,0
41,21,6,21,8,3,0
41,20,6,21,9,3,0
41,23,6,22,5,3,0
41,22,6,22,6,3,0
41,21,6,22,7,3,0
41,20,6,22,8,3,0
41,22,6,23,5,3,0
41,21,6,23,6,3,0
41,20,6,23,7,3,0
41,26,6,24,0,3,0
41,21,6,24,5,3,0
41,20,6,24,6,3,0
41,25,6,25,0,3,0
41,20,6,25,5,3,0
41.2,25.8,6,24,0,3,0
41.2,24.8,6,25,0,3,0
41.4,24.6,6,25,0,3,0
40,21,6,5,24,4,0
40,20,6,5,25,4,0
40,22,6,6,22,4,0
40,21,6,6,23,4,0
40,20,6,6,24,4,0
40,21,6,7,22,4,0
40,20,6,7,23,4,0
40,22,6,8,20,4,0
40,21,6,8,21,4,0
40,20,6,8,22,4,0
40,22,6,9,19,4,0
40,21,6,9,20,4,0
40,20,6,9,21,4,0
40,22,6,10,18,4,0
40,21,6,10,19,4,0
40,20,6,10,20,4,0
40,22,6,11,17,4,0
40,21,6,11,18,4,0
40,20,6,11,19,4,0
40,22,6,12,16,4,0
40,21,6,12,17,4,0
40,20,6,12,18,4,0
40,22,6,13,15,4,0
40,21,6,13,16,4,0
40,20,6,13,17,4,0
40,22,6,14,14,4,0
40,21,6,14,15,4,0
40,20,6,14,16,4,0
40,22,6,15,13,4,0
40,21,6,15,14,4,0
40,20,6,15,15,4,0
40,22,6,16,12,4,0
40,21,6,16,13,4,0
40,20,6,16,14,4,0
40,23,6,17,10,4,0
40,22,6,17,11,4,0
40,21,6,17,12,4,0
40,20,6,17,13,4,0
40,23,6,18,9,4,0
40,22,6,18,10,4,0
40,21,6,18,11,4,0
40,20,6,18,12,4,0
40,23,6,19,8,4,0
40,22,6,19,9,4,0
40,21,6,19,10,4,0
40,20,6,19,11,4,0
40,24,6,20,6,4,0
40,23,6,20,7,4,0
40,22,6,20,8,4,0
40,21,6,20,9,4,0
40,20,6,20,10,4,0
40,24,6,21,5,4,0
40,23,6,21,6,4,0
40,22,6,21,7,4,0
40,21,6,21,8,4,0
40,20,6,21,9,4,0
40,23,6,22,5,4,0
40,22,6,22,6,4,0
40,21,6,22,7,4,0
40,20,6,22,8,4,0
40,22,6,23,5,4,0
40,21,6,23,6,4,0
40,20,6,23,7,4,0
40,21,6,24,5,4,0
40,20,6,24,6,4,0
40,20,6,25,5,4,0
39,21,6,5,24,5,0
39,20,6,5,25,5,0
39,21,6,6,23,5,0
39,20,6,6,24,5,0
39,21,6,7,22,5,0
39,20,6,7,23,5,0
39,21,6,8,21,5,0
39,20,6,8,22,5,0
39,21,6,9,20,5,0
39,20,6,9,21,5,0
39,21,6,10,19,5,0
39,20,6,10,20,5,0
39,21,6,11,18,5,0
39,20,6,11,19,5,0
39,21,6,12,17,5,0
39,20,6,12,18,5,0
39,22,6,13,15,5,0
39,21,6,13,16,5,0
39,20,6,13,17,5,0
39,21,6,14,15,5,0
39,20,6,14,16,5,0
39,22,6,15,13,5,0
39,21,6,15,14,5,0
39,20,6,15,15,5,0
39,22,6,16,12,5,0
39,21,6,16,13,5,0
39,20,6,16,14,5,0
39,22,6,17,11,5,0
39,21,6,17,12,5,0
39,20,6,17,13,5,0
39,23,6,18,9,5,0
39,22,6,18,10,5,0
39,21,6,18,11,5,0
39,20,6,18,12,5,0
39,23,6,19,8,5,0
39,22,6,19,9,5,0
39,21,6,19,10,5,0
39,20,6,19,11,5,0
39,23,6,20,7,5,0
39,22,6,20,8,5,0
39,21,6,20,9,5,0
39,20,6,20,10,5,0
39,23,6,21,6,5,0
39,22,6,21,7,5,0
39,21,6,21,8,5,0
39,20,6,21,9,5,0
39,22,6,22,6,5,0
39,21,6,22,7,5,0
39,20,6,22,8,5,0
39,22,6,23,5,5,0
39,21,6,23,6,5,0
39,20,6,23,7,5,0
39,21,6,24,5,5,0
39,20,6,24,6,5,0
39,20,6,25,5,5,0
38,21,6,5,24,6,0
38,21,6,6,23,6,0
38,20,6,6,24,6,0
38,21,6,7,22,6,0
38,20,6,7,23,6,0
38,20,6,8,22,6,0
38,21,6,9,20,6,0
38,20,6,9,21,6,0
38,21,6,10,19,6,0
38,20,6,10,20,6,0
38,20,6,11,19,6,0
38,21,6,12,17,6,0
38,20,6,12,18,6,0
38,21,6,13,16,6,0
38,20,6,13,17,6,0
38,20,6,14,16,6,0
38,22,6,16,12,6,0
38,21,6,17,12,6,0
38,22,6,18,10,6,0
38,21,6,18,11,6,0
38,22,6,19,9,6,0
38,21,6,19,10,6,0
38,20,6,19,11,6,0
38,22,6,20,8,6,0
38,21,6,20,9,6,0
38,20,6,20,10,6,0
38,22,6,21,7,6,0
38,21,6,21,8,6,0
38,20,6,21,9,6,0
38,22,6,22,6,6,0
38,21,6,22,7,6,0
38,20,6,22,8,6,0
38,22,6,23,5,6,0
38,21,6,23,6,6,0
38,20,6,23,7,6,0
38,21,6,24,5,6,0
38,20,6,24,6,6,0
38,20,6,25,5,6,0
37,20,6,5,25,7,0
37,20,6,6,24,7,0
37,20,6,7,23,7,0
37,20,6,8,22,7,0
37,20,6,9,21,7,0
37,20,6,10,20,7,0
37,21,6,18,11,7,0
37,22,6,19,9,7,0
37,21,6,19,10,7,0
37,22,6,20,8,7,0
37,21,6,20,9,7,0
37,20,6,20,10,7,0
37,21,6,21,8,7,0
37,20,6,21,9,7,0
37,20,6,22,8,7,0
37,20,6,23,7,7,0
37,21,6,24,5,7,0
37,20,6,24,6,7,0
37,20,6,25,5,7,0
36,21,6,19,10,8,0
36,21,6,20,9,8,0
36,20,6,21,9,8,0
36,20,6,25,5,8,0
35,20,6,24,6,9,0
35,20,6,25,5,9,0
34,20,6,23,7,10,0
34,21,6,24,5,10,0
34,20,6,24,6,10,0
34,20,6,25,5,10,0
33,20,6,24,6,11,0
33,20,6,25,5,11,0
32,29,6,21,0,12,0
32,21,6,24,5,12,0
32,20,6,25,5,12,0
32.2,28.8,6,21,0,12,0
31,20,6,25,5,13,0
31.2,28.8,6,21,0,13,0
43,20,7,5,25,0,0
43,21,7,6,23,0,0
43,20,7,6,24,0,0
43,22,7,7,21,0,0
43,21,7,7,22,0,0
43,20,7,7,23,0,0
43,22,7,8,20,0,0
43,21,7,8,21,0,0
43,20,7,8,22,0,0
43,22,7,9,19,0,0
43,21,7,9,20,0,0
43,20,7,9,21,0,0
43,22,7,10,18,0,0
43,21,7,10,19,0,0
43,20,7,10,20,0,0
43,22,7,11,17,0,0
43,21,7,11,18,0,0
43,20,7,11,19,0,0
43,23,7,12,15,0,0
43,22,7,12,16,0,0
43,21,7,12,17,0,0
43,20,7,12,18,0,0
43,23,7,13,14,0,0
43,22,7,13,15,0,0
43,21,7,13,16,0,0
43,20,7,13,17,0,0
43,23,7,14,13,0,0
43,22,7,14,14,0,0
43,21,7,14,15,0,0
43,20,7,14,16,0,0
43,24,7,15,11,0,0
43,23,7,15,12,0,0
43,22,7,15,13,0,0
43,21,7,15,14,0,0
43,20,7,15,15,0,0
43,24,7,16,10,0,0
43,23,7,16,11,0,0
43,22,7,16,12,0,0
43,21,7,16,13,0,0
43,20,7,16,14,0,0
43,24,7,17,9,0,0
43,23,7,17,10,0,0
43,22,7,17,11,0,0
43,21,7,17,12,0,0
43,20,7,17,13,0,0
43,24,7,18,8,0,0
43,23,7,18,9,0,0
43,22,7,18,10,0,0
43,21,7,18,11,0,0
43,20,7,18,12,0,0
43,24,7,19,7,0,0
43,23,7,19,8,0,0
43,22,7,19,9,0,0
43,21,7,19,10,0,0
43,20,7,19,11,0,0
43,24,7,20,6,0,0
43,23,7,20,7,0,0
43,22,7,20,8,0,0
43,21,7,20,9,0,0
43,20,7,20,10,0,0
43,24,7,21,5,0,0
43,23,7,21,6,0,0
43,22,7,21,7,0,0
43,21,7,21,8,0,0
43,20,7,21,9,0,0
43,23,7,22,5,0,0
43,22,7,22,6,0,0
43,21,7,22,7,0,0
43,20,7,22,8,0,0
43,22,7,23,5,0,0
43,21,7,23,6,0,0
43,20,7,23,7,0,0
43,26,7,24,0,0,0
43,21,7,24,5,0,0
43,20,7,24,6,0,0
43,25,7,25,0,0,0
43,20,7,25,5,0,0
43.2,24.8,7,25,0,0,0
42,22,7,5,23,1,0
42,21,7,5,24,1,0
42,20,7,5,25,1,0
42,22,7,6,22,1,0
42,21,7,6,23,1,0
42,20,7,6,24,1,0
42,22,7,7,21,1,0
42,21,7,7,22,1,0
42,20,7,7,23,1,0
42,22,7,8,20,1,0
42,21,7,8,21,1,0
42,20,7,8,22,1,0
42,22,7,9,19,1,0
42,21,7,9,20,1,0
42,20,7,9,21,1,0
42,22,7,10,18,1,0
42,21,7,10,19,1,0
42,20,7,10,20,1,0
42,23,7,11,16,1,0
42,22,7,11,17,1,0
42,21,7,11,18,1,0
42,20,7,11,19,1,0
42,23,7,12,15,1,0
42,22,7,12,16,1,0
42,21,7,12,17,1,0
42,20,7,12,18,1,0
42,23,7,13,14,1,0
42,22,7,13,15,1,0
42,21,7,13,16,1,0
42,20,7,13,17,1,0
42,24,7,14,12,1,0
42,23,7,14,13,1,0
42,22,7,14,14,1,0
42,21,7,14,15,1,0
42,20,7,14,16,1,0
42,24,7,15,11,1,0
42,23,7,15,12,1,0
42,22,7,15,13,1,0
42,21,7,15,14,1,0
42,20,7,15,15,1,0
42,24,7,16,10,1,0
42,23,7,16,11,1,0
42,22,7,16,12,1,0
42,21,7,16,13,1,0
42,20,7,16,14,1,0
42,24,7,17,9,1,0
42,23,7,17,10,1,0
42,22,7,17,11,1,0
42,21,7,17,12,1,0
42,20,7,17,13,1,0
42,25,7,18,7,1,0
42,24,7,18,8,1,0
42,23,7,18,9,1,0
42,22,7,18,10,1,0
42,21,7,18,11,1,0
42,20,7,18,12,1,0
42,25,7,19,6,1,0
42,24,7,19,7,1,0
42,23,7,19,8,1,0
42,22,7,19,9,1,0
42,21,7,19,10,1,0
42,20,7,19,11,1,0
42,25,7,20,5,1,0
42,24,7,20,6,1,0
42,23,7,20,7,1,0
42,22,7,20,8,1,0
42,21,7,20,9,1,0
42,20,7,20,10,1,0
42,24,7,21,5,1,0
42,23,7,21,6,1,0
42,22,7,21,7,1,0
42,21,7,21,8,1,0
42,20,7,21,9,1,0
42,23,7,22,5,1,0
42,22,7,22,6,1,0
42,21,7,22,7,1,0
42,20,7,22,8,1,0
42,22,7,23,5,1,0
42,21,7,23,6,1,0
42,20,7,23,7,1,0
42,26,7,24,0,1,0
42,21,7,24,5,1,0
42,20,7,24,6,1,0
42,25,7,25,0,1,0
42,20,7,25,5,1,0
42.2,25.8,7,24,0,1,0
42.2,24.8,7,25,0,1,0
42.4,24.6,7,25,0,1,0
41,22,7,5,23,2,0
41,21,7,5,24,2,0
41,20,7,5,25,2,0
41,22,7,6,22,2,0
41,21,7,6,23,2,0
41,20,7,6,24,2,0
41,22,7,7,21,2,0
41,21,7,7,22,2,0
41,20,7,7,23,2,0
41,22,7,8,20,2,0
41,21,7,8,21,2,0
41,20,7,8,22,2,0
41,22,7,9,19,2,0
41,21,7,9,20,2,0
41,20,7,9,21,2,0
41,22,7,10,18,2,0
41,21,7,10,19,2,0
41,20,7,10,20,2,0
41,22,7,11,17,2,0
41,21,7,11,18,2,0
41,20,7,11,19,2,0
41,22,7,12,16,2,0
41,21,7,12,17,2,0
41,20,7,12,18,2,0
41,23,7,13,14,2,0
41,22,7,13,15,2,0
41,21,7,13,16,2,0
41,20,7,13,17,2,0
41,23,7,14,13,2,0
41,22,7,14,14,2,0
41,21,7,14,15,2,0
41,20,7,14,16,2,0
41,23,7,15,12,2,0
41,22,7,15,13,2,0
41,21,7,15,14,2,0
41,20,7,15,15,2,0
41,24,7,16,10,2,0
41,23,7,16,11,2,0
41,22,7,16,12,2,0
41,21,7,16,13,2,0
41,20,7,16,14,2,0
41,24,7,17,9,2,0
41,23,7,17,10,2,0
41,22,7,17,11,2,0
41,21,7,17,12,2,0
41,20,7,17,13,2,0
41,24,7,18,8,2,0
41,23,7,18,9,2,0
41,22,7,18,10,2,0
41,21,7,18,11,2,0
41,20,7,18,12,2,0
41,24,7,19,7,2,0
41,23,7,19,8,2,0
41,22,7,19,9,2,0
41,21,7,19,10,2,0
41,20,7,19,11,2,0
41,25,7,20,5,2,0
41,24,7,20,6,2,0
41,23,7,20,7,2,0
41,22,7,20,8,2,0
41,21,7,20,9,2,0
41,20,7,20,10,2,0
41,24,7,21,5,2,0
41,23,7,21,6,2,0
41,22,7,21,7,2,0
41,21,7,21,8,2,0
41,20,7,21,9,2,0
41,23,7,22,5,2,0
41,22,7,22,6,2,0
41,21,7,22,7,2,0
41,20,7,22,8,2,0
41,22,7,23,5,2,0
41,21,7,23,6,2,0
41,20,7,23,7,2,0
41,26,7,24,0,2,0
41,21,7,24,5,2,0
41,20,7,24,6,2,0
41,20,7,25,5,2,0
40,21,7,5,24,3,0
40,20,7,5,25,3,0
40,22,7,6,22,3,0
40,21,7,6,23,3,0
40,20,7,6,24,3,0
40,22,7,7,21,3,0
40,21,7,7,22,3,0
40,20,7,7,23,3,0
40,22,7,8,20,3,0
40,21,7,8,21,3,0
40,20,7,8,22,3,0
40,22,7,9,19,3,0
40,21,7,9,20,3,0
40,20,7,9,21,3,0
40,22,7,10,18,3,0
40,21,7,10,19,3,0
40,20,7,10,20,3,0
40,22,7,11,17,3,0
40,21,7,11,18,3,0
40,20,7,11,19,3,0
40,22,7,12,16,3,0
40,21,7,12,17,3,0
40,20,7,12,18,3,0
40,22,7,13,15,3,0
40,21,7,13,16,3,0
40,20,7,13,17,3,0
40,22,7,14,14,3,0
40,21,7,14,15,3,0
40,20,7,14,16,3,0
40,22,7,15,13,3,0
40,21,7,15,14,3,0
40,20,7,15,15,3,0
40,22,7,16,12,3,0
40,21,7,16,13,3,0
40,20,7,16,14,3,0
40,24,7,17,9,3,0
40,23,7,17,10,3,0
40,22,7,17,11,3,0
40,21,7,17,12,3,0
40,20,7,17,13,3,0
40,24,7,18,8,3,0
40,23,7,18,9,3,0
40,22,7,18,10,3,0
40,21,7,18,11,3,0
40,20,7,18,12,3,0
40,23,7,19,8,3,0
40,22,7,19,9,3,0
40,21,7,19,10,3,0
40,20,7,19,11,3,0
40,24,7,20,6,3,0
40,23,7,20,7,3,0
40,22,7,20,8,3,0
40,21,7,20,9,3,0
40,20,7,20,10,3,0
40,24,7,21,5,3,0
40,23,7,21,6,3,0
40,22,7,21,7,3,0
40,21,7,21,8,3,0
40,20,7,21,9,3,0
40,23,7,22,5,3,0
40,22,7,22,6,3,0
40,21,7,22,7,3,0
40,20,7,22,8,3,0
40,22,7,23,5,3,0
40,21,7,23,6,3,0
40,20,7,23,7,3,0
40,21,7,24,5,3,0
40,20,7,24,6,3,0
40,25,7,25,0,3,0
40,20,7,25,5,3,0
40.2,24.8,7,25,0,3,0
39,21,7,5,24,4,0
39,20,7,5,25,4,0
39,21,7,6,23,4,0
39,20,7,6,24,4,0
39,21,7,7,22,4,0
39,20,7,7,23,4,0
39,21,7,8,21,4,0
39,20,7,8,22,4,0
39,21,7,9,20,4,0
39,20,7,9,21,4,0
39,21,7,10,19,4,0
39,20,7,10,20,4,0
39,21,7,11,18,4,0
39,20,7,11,19,4,0
39,22,7,12,16,4,0
39,21,7,12,17,4,0
39,20,7,12,18,4,0
39,22,7,13,15,4,0
39,21,7,13,16,4,0
39,20,7,13,17,4,0
39,22,7,14,14,4,0
39,21,7,14,15,4,0
39,20,7,14,16,4,0
39,22,7,15,13,4,0
39,21,7,15,14,4,0
39,20,7,15,15,4,0
39,22,7,16,12,4,0
39,21,7,16,13,4,0
39,20,7,16,14,4,0
39,22,7,17,11,4,0
39,21,7,17,12,4,0
39,20,7,17,13,4,0
39,22,7,18,10,4,0
39,21,7,18,11,4,0
39,20,7,18,12,4,0
39,22,7,19,9,4,0
39,21,7,19,10,4,0
39,20,7,19,11,4,0
39,23,7,20,7,4,0
39,22,7,20,8,4,0
39,21,7,20,9,4,0
39,20,7,20,10,4,0
39,23,7,21,6,4,0
39,22,7,21,7,4,0
39,21,7,21,8,4,0
39,20,7,21,9,4,0
39,23,7,22,5,4,0
39,22,7,22,6,4,0
39,21,7,22,7,4,0
39,20,7,22,8,4,0
39,22,7,23,5,4,0
39,21,7,23,6,4,0
39,20,7,23,7,4,0
39,21,7,24,5,4,0
39,20,7,24,6,4,0
39,20,7,25,5,4,0
38,21,7,5,24,5,0
38,20,7,5,25,5,0
38,21,7,6,23,5,0
38,20,7,6,24,5,0
38,21,7,7,22,5,0
38,20,7,7,23,5,0
38,21,7,8,21,5,0
38,20,7,8,22,5,0
38,21,7,9,20,5,0
38,20,7,9,21,5,0
38,21,7,10,19,5,0
38,20,7,10,20,5,0
38,21,7,11,18,5,0
38,20,7,11,19,5,0
38,21,7,12,17,5,0
38,20,7,12,18,5,0
38,21,7,13,16,5,0
38,20,7,13,17,5,0
38,21,7,14,15,5,0
38,20,7,14,16,5,0
38,22,7,15,13,5,0
38,20,7,15,15,5,0
38,22,7,16,12,5,0
38,22,7,17,11,5,0
38,21,7,17,12,5,0
38,22,7,18,10,5,0
38,21,7,18,11,5,0
38,23,7,19,8,5,0
38,22,7,19,9,5,0
38,21,7,19,10,5,0
38,20,7,19,11,5,0
38,22,7,20,8,5,0
38,21,7,20,9,5,0
38,20,7,20,10,5,0
38,23,7,21,6,5,0
38,22,7,21,7,5,0
38,21,7,21,8,5,0
38,20,7,21,9,5,0
38,22,7,22,6,5,0
38,21,7,22,7,5,0
38,20,7,22,8,5,0
38,22,7,23,5,5,0
38,21,7,23,6,5,0
38,20,7,23,7,5,0
38,21,7,24,5,5,0
38,20,7,24,6,5,0
38,20,7,25,5,5,0
37,21,7,5,24,6,0
37,20,7,5,25,6,0
37,20,7,6,24,6,0
37,21,7,7,22,6,0
37,20,7,7,23,6,0
37,21,7,8,21,6,0
37,20,7,8,22,6,0
37,21,7,9,20,6,0
37,20,7,9,21,6,0
37,21,7,10,19,6,0
37,20,7,10,20,6,0
37,20,7,11,19,6,0
37,22,7,23,5,6,0
36,20,7,5,25,7,0
36,20,7,7,23,7,0
36,20,7,8,22,7,0
31,29,7,21,0,12,0
30,29,7,21,0,13,0
42,21,8,5,24,0,0
42,20,8,5,25,0,0
42,21,8,6,23,0,0
42,20,8,6,24,0,0
42,21,8,7,22,0,0
42,20,8,7,23,0,0
42,22,8,8,20,0,0
42,21,8,8,21,0,0
42,20,8,8,22,0,0
42,22,8,9,19,0,0
42,21,8,9,20,0,0
42,20,8,9,21,0,0
42,22,8,10,18,0,0
42,21,8,10,19,0,0
42,20,8,10,20,0,0
42,22,8,11,17,0,0
42,21,8,11,18,0,0
42,20,8,11,19,0,0
42,23,8,12,15,0,0
42,22,8,12,16,0,0
42,21,8,12,17,0,0
42,20,8,12,18,0,0
42,23,8,13,14,0,0
42,22,8,13,15,0,0
42,21,8,13,16,0,0
42,20,8,13,17,0,0
42,23,8,14,13,0,0
42,22,8,14,14,0,0
42,21,8,14,15,0,0
42,20,8,14,16,0,0
42,23,8,15,12,0,0
42,22,8,15,13,0,0
42,21,8,15,14,0,0
42,20,8,15,15,0,0
42,24,8,16,10,0,0
42,23,8,16,11,0,0
42,22,8,16,12,0,0
42,21,8,16,13,0,0
42,20,8,16,14,0,0
42,24,8,17,9,0,0
42,23,8,17,10,0,0
42,22,8,17,11,0,0
42,21,8,17,12,0,0
42,20,8,17,13,0,0
42,24,8,18,8,0,0
42,23,8,18,9,0,0
42,22,8,18,10,0,0
42,21,8,18,11,0,0
42,20,8,18,12,0,0
42,24,8,19,7,0,0
42,23,8,19,8,0,0
42,22,8,19,9,0,0
42,21,8,19,10,0,0
42,20,8,19,11,0,0
42,24,8,20,6,0,0
42,23,8,20,7,0,0
42,22,8,20,8,0,0
42,21,8,20,9,0,0
42,20,8,20,10,0,0
42,24,8,21,5,0,0
42,23,8,21,6,0,0
42,22,8,21,7,0,0
42,21,8,21,8,0,0
42,20,8,21,9,0,0
42,23,8,22,5,0,0
42,22,8,22,6,0,0
42,21,8,22,7,0,0
42,20,8,22,8,0,0
42,22,8,23,5,0,0
42,21,8,23,6,0,0
42,20,8,23,7,0,0
42,21,8,24,5,0,0
42,20,8,24,6,0,0
42,25,8,25,0,0,0
42,20,8,25,5,0,0
42.2,24.8,8,25,0,0,0
41,22,8,5,23,1,0
41,21,8,5,24,1,0
41,20,8,5,25,1,0
41,22,8,6,22,1,0
41,21,8,6,23,1,0
41,20,8,6,24,1,0
41,22,8,7,21,1,0
41,21,8,7,22,1,0
41,20,8,7,23,1,0
41,22,8,8,20,1,0
41,21,8,8,21,1,0
41,20,8,8,22,1,0
41,22,8,9,19,1,0
41,21,8,9,20,1,0
41,20,8,9,21,1,0
41,22,8,10,18,1,0
41,21,8,10,19,1,0
41,20,8,10,20,1,0
41,22,8,11,17,1,0
41,21,8,11,18,1,0
41,20,8,11,19,1,0
41,23,8,12,15,1,0
41,22,8,12,16,1,0
41,21,8,12,17,1,0
41,20,8,12,18,1,0
41,23,8,13,14,1,0
41,22,8,13,15,1,0
41,21,8,13,16,1,0
41,20,8,13,17,1,0
41,23,8,14,13,1,0
41,22,8,14,14,1,0
41,21,8,14,15,1,0
41,20,8,14,16,1,0
41,24,8,15,11,1,0
41,23,8,15,12,1,0
41,22,8,15,13,1,0
41,21,8,15,14,1,0
41,20,8,15,15,1,0
41,24,8,16,10,1,0
41,23,8,16,11,1,0
41,22,8,16,12,1,0
41,21,8,16,13,1,0
41,20,8,16,14,1,0
41,24,8,17,9,1,0
41,23,8,17,10,1,0
41,22,8,17,11,1,0
41,21,8,17,12,1,0
41,20,8,17,13,1,0
41,24,8,18,8,1,0
41,23,8,18,9,1,0
41,22,8,18,10,1,0
41,21,8,18,11,1,0
41,20,8,18,12,1,0
41,24,8,19,7,1,0
41,23,8,19,8,1,0
41,22,8,19,9,1,0
41,21,8,19,10,1,0
41,20,8,19,11,1,0
41,25,8,20,5,1,0
41,24,8,20,6,1,0
41,23,8,20,7,1,0
41,22,8,20,8,1,0
41,21,8,20,9,1,0
41,20,8,20,10,1,0
41,24,8,21,5,1,0
41,23,8,21,6,1,0
41,22,8,21,7,1,0
41,21,8,21,8,1,0
41,20,8,21,9,1,0
41,23,8,22,5,1,0
41,22,8,22,6,1,0
41,21,8,22,7,1,0
41,20,8,22,8,1,0
41,22,8,23,5,1,0
41,21,8,23,6,1,0
41,20,8,23,7,1,0
41,21,8,24,5,1,0
41,20,8,24,6,1,0
41,20,8,25,5,1,0
40,21,8,5,24,2,0
40,20,8,5,25,2,0
40,22,8,6,22,2,0
40,21,8,6,23,2,0
40,20,8,6,24,2,0
40,22,8,7,21,2,0
40,21,8,7,22,2,0
40,20,8,7,23,2,0
40,22,8,8,20,2,0
40,21,8,8,21,2,0
40,20,8,8,22,2,0
40,22,8,9,19,2,0
40,21,8,9,20,2,0
40,20,8,9,21,2,0
40,22,8,10,18,2,0
40,21,8,10,19,2,0
40,20,8,10,20,2,0
40,22,8,11,17,2,0
40,21,8,11,18,2,0
40,20,8,11,19,2,0
40,22,8,12,16,2,0
40,21,8,12,17,2,0
40,20,8,12,18,2,0
40,23,8,13,14,2,0
40,22,8,13,15,2,0
40,21,8,13,16,2,0
40,20,8,13,17,2,0
40,23,8,14,13,2,0
40,22,8,14,14,2,0
40,21,8,14,15,2,0
40,20,8,14,16,2,0
40,23,8,15,12,2,0
40,22,8,15,13,2,0
40,21,8,15,14,2,0
40,20,8,15,15,2,0
40,24,8,16,10,2,0
40,23,8,16,11,2,0
40,22,8,16,12,2,0
40,21,8,16,13,2,0
40,20,8,16,14,2,0
40,24,8,17,9,2,0
40,23,8,17,10,2,0
40,22,8,17,11,2,0
40,21,8,17,12,2,0
40,20,8,17,13,2,0
40,24,8,18,8,2,0
40,23,8,18,9,2,0
40,22,8,18,10,2,0
40,21,8,18,11,2,0
40,20,8,18,12,2,0
40,24,8,19,7,2,0
40,23,8,19,8,2,0
40,22,8,19,9,2,0
40,21,8,19,10,2,0
40,20,8,19,11,2,0
40,24,8,20,6,2,0
40,23,8,20,7,2,0
40,22,8,20,8,2,0
40,21,8,20,9,2,0
40,20,8,20,10,2,0
40,24,8,21,5,2,0
40,23,8,21,6,2,0
40,22,8,21,7,2,0
40,21,8,21,8,2,0
40,20,8,21,9,2,0
40,23,8,22,5,2,0
40,22,8,22,6,2,0
40,21,8,22,7,2,0
40,20,8,22,8,2,0
40,22,8,23,5,2,0
40,21,8,23,6,2,0
40,20,8,23,7,2,0
40,21,8,24,5,2,0
40,20,8,24,6,2,0
40,25,8,25,0,2,0
40,20,8,25,5,2,0
39,21,8,5,24,3,0
39,20,8,5,25,3,0
39,21,8,6,23,3,0
39,20,8,6,24,3,0
39,21,8,7,22,3,0
39,20,8,7,23,3,0
39,21,8,8,21,3,0
39,20,8,8,22,3,0
39,21,8,9,20,3,0
39,20,8,9,21,3,0
39,21,8,10,19,3,0
39,20,8,10,20,3,0
39,21,8,11,18,3,0
39,20,8,11,19,3,0
39,22,8,12,16,3,0
39,21,8,12,17,3,0
39,20,8,12,18,3,0
39,22,8,13,15,3,0
39,21,8,13,16,3,0
39,20,8,13,17,3,0
39,22,8,14,14,3,0
39,21,8,14,15,3,0
39,20,8,14,16,3,0
39,22,8,15,13,3,0
39,21,8,15,14,3,0
39,20,8,15,15,3,0
39,23,8,16,11,3,0
39,22,8,16,12,3,0
39,21,8,16,13,3,0
39,20,8,16,14,3,0
39,22,8,17,11,3,0
39,21,8,17,12,3,0
39,20,8,17,13,3,0
39,23,8,18,9,3,0
39,22,8,18,10,3,0
39,21,8,18,11,3,0
39,20,8,18,12,3,0
39,24,8,19,7,3,0
39,23,8,19,8,3,0
39,22,8,19,9,3,0
39,21,8,19,10,3,0
39,20,8,19,11,3,0
39,24,8,20,6,3,0
39,23,8,20,7,3,0
39,22,8,20,8,3,0
39,21,8,20,9,3,0
39,20,8,20,10,3,0
39,24,8,21,5,3,0
39,23,8,21,6,3,0
39,22,8,21,7,3,0
39,21,8,21,8,3,0
39,20,8,21,9,3,0
39,23,8,22,5,3,0
39,22,8,22,6,3,0
39,21,8,22,7,3,0
39,20,8,22,8,3,0
39,22,8,23,5,3,0
39,21,8,23,6,3,0
39,21,8,24,5,3,0
38,20,8,5,25,4,0
38,20,8,6,24,4,0
38,20,8,7,23,4,0
38,20,8,8,22,4,0
38,20,8,9,21,4,0
38,21,8,10,19,4,0
38,20,8,10,20,4,0
38,21,8,11,18,4,0
38,20,8,11,19,4,0
38,21,8,12,17,4,0
38,20,8,12,18,4,0
38,21,8,13,16,4,0
38,20,8,13,17,4,0
38,21,8,14,15,4,0
38,20,8,14,16,4,0
38,21,8,15,14,4,0
38,20,8,15,15,4,0
38,21,8,16,13,4,0
38,20,8,16,14,4,0
38,20,8,17,13,4,0
37,20,8,6,24,5,0
37,20,8,7,23,5,0
37,20,8,8,22,5,0
37,20,8,9,21,5,0
37,20,8,10,20,5,0
37,21,8,11,18,5,0
37,20,8,11,19,5,0
37,20,8,12,18,5,0
36,20,8,6,24,6,0
36,20,8,7,23,6,0
36,20,8,8,22,6,0
41,20,9,5,25,0,0
41,21,9,6,23,0,0
41,20,9,6,24,0,0
41,21,9,7,22,0,0
41,20,9,7,23,0,0
41,22,9,8,20,0,0
41,21,9,8,21,0,0
41,20,9,8,22,0,0
41,22,9,9,19,0,0
41,21,9,9,20,0,0
41,20,9,9,21,0,0
41,22,9,10,18,0,0
41,21,9,10,19,0,0
41,20,9,10,20,0,0
41,22,9,11,17,0,0
41,21,9,11,18,0,0
41,20,9,11,19,0,0
41,22,9,12,16,0,0
41,21,9,12,17,0,0
41,20,9,12,18,0,0
41,23,9,13,14,0,0
41,22,9,13,15,0,0
41,21,9,13,16,0,0
41,20,9,13,17,0,0
41,23,9,14,13,0,0
41,22,9,14,14,0,0
41,21,9,14,15,0,0
41,20,9,14,16,0,0
41,23,9,15,12,0,0
41,22,9,15,13,0,0
41,21,9,15,14,0,0
41,20,9,15,15,0,0
41,23,9,16,11,0,0
41,22,9,16,12,0,0
41,21,9,16,13,0,0
41,20,9,16,14,0,0
41,23,9,17,10,0,0
41,22,9,17,11,0,0
41,21,9,17,12,0,0
41,20,9,17,13,0,0
41,24,9,18,8,0,0
41,23,9,18,9,0,0
41,22,9,18,10,0,0
41,21,9,18,11,0,0
41,20,9,18,12,0,0
41,24,9,19,7,0,0
41,23,9,19,8,0,0
41,22,9,19,9,0,0
41,21,9,19,10,0,0
41,20,9,19,11,0,0
41,24,9,20,6,0,0
41,23,9,20,7,0,0
41,22,9,20,8,0,0
41,21,9,20,9,0,0
41,20,9,20,10,0,0
41,24,9,21,5,0,0
41,23,9,21,6,0,0
41,22,9,21,7,0,0
41,21,9,21,8,0,0
41,20,9,21,9,0,0
41,23,9,22,5,0,0
41,22,9,22,6,0,0
41,21,9,22,7,0,0
41,20,9,22,8,0,0
41,22,9,23,5,0,0
41,21,9,23,6,0,0
41,20,9,23,7,0,0
41,21,9,24,5,0,0
41,20,9,24,6,0,0
41,25,9,25,0,0,0
41,20,9,25,5,0,0
40,21,9,5,24,1,0
40,20,9,5,25,1,0
40,21,9,6,23,1,0
40,20,9,6,24,1,0
40,22,9,7,21,1,0
40,21,9,7,22,1,0
40,20,9,7,23,1,0
40,22,9,8,20,1,0
40,21,9,8,21,1,0
40,20,9,8,22,1,0
40,22,9,9,19,1,0
40,21,9,9,20,1,0
40,20,9,9,21,1,0
40,22,9,10,18,1,0
40,21,9,10,19,1,0
40,20,9,10,20,1,0
40,22,9,11,17,1,0
40,21,9,11,18,1,0
40,20,9,11,19,1,0
40,23,9,12,15,1,0
40,22,9,12,16,1,0
40,21,9,12,17,1,0
40,20,9,12,18,1,0
40,23,9,13,14,1,0
40,22,9,13,15,1,0
40,21,9,13,16,1,0
40,20,9,13,17,1,0
40,23,9,14,13,1,0
40,22,9,14,14,1,0
40,21,9,14,15,1,0
40,20,9,14,16,1,0
40,23,9,15,12,1,0
40,22,9,15,13,1,0
40,21,9,15,14,1,0
40,20,9,15,15,1,0
40,24,9,16,10,1,0
40,23,9,16,11,1,0
40,22,9,16,12,1,0
40,21,9,16,13,1,0
40,20,9,16,14,1,0
40,24,9,17,9,1,0
40,23,9,17,10,1,0
40,22,9,17,11,1,0
40,21,9,17,12,1,0
40,20,9,17,13,1,0
40,24,9,18,8,1,0
40,23,9,18,9,1,0
40,22,9,18,10,1,0
40,21,9,18,11,1,0
40,20,9,18,12,1,0
40,24,9,19,7,1,0
40,23,9,19,8,1,0
40,22,9,19,9,1,0
40,21,9,19,10,1,0
40,20,9,19,11,1,0
40,24,9,20,6,1,0
40,23,9,20,7,1,0
40,22,9,20,8,1,0
40,21,9,20,9,1,0
40,20,9,20,10,1,0
40,24,9,21,5,1,0
40,23,9,21,6,1,0
40,22,9,21,7,1,0
40,21,9,21,8,1,0
40,20,9,21,9,1,0
40,23,9,22,5,1,0
40,22,9,22,6,1,0
40,21,9,22,7,1,0
40,20,9,22,8,1,0
40,22,9,23,5,1,0
40,21,9,23,6,1,0
40,20,9,23,7,1,0
40,21,9,24,5,1,0
40,20,9,24,6,1,0
40,25,9,25,0,1,0
40,20,9,25,5,1,0
39,21,9,5,24,2,0
39,20,9,5,25,2,0
39,21,9,6,23,2,0
39,20,9,6,24,2,0
39,22,9,7,21,2,0
39,21,9,7,22,2,0
39,20,9,7,23,2,0
39,22,9,8,20,2,0
39,21,9,8,21,2,0
39,20,9,8,22,2,0
39,22,9,9,19,2,0
39,21,9,9,20,2,0
39,20,9,9,21,2,0
39,22,9,10,18,2,0
39,21,9,10,19,2,0
39,20,9,10,20,2,0
39,22,9,11,17,2,0
39,21,9,11,18,2,0
39,20,9,11,19,2,0
39,22,9,12,16,2,0
39,21,9,12,17,2,0
39,20,9,12,18,2,0
39,22,9,13,15,2,0
39,21,9,13,16,2,0
39,20,9,13,17,2,0
39,23,9,14,13,2,0
39,22,9,14,14,2,0
39,21,9,14,15,2,0
39,20,9,14,16,2,0
39,23,9,15,12,2,0
39,22,9,15,13,2,0
39,21,9,15,14,2,0
39,20,9,15,15,2,0
39,23,9,16,11,2,0
39,22,9,16,12,2,0
39,21,9,16,13,2,0
39,20,9,16,14,2,0
39,24,9,17,9,2,0
39,23,9,17,10,2,0
39,22,9,17,11,2,0
39,21,9,17,12,2,0
39,20,9,17,13,2,0
39,24,9,18,8,2,0
39,23,9,18,9,2,0
39,22,9,18,10,2,0
39,21,9,18,11,2,0
39,20,9,18,12,2,0
39,24,9,19,7,2,0
39,23,9,19,8,2,0
39,22,9,19,9,2,0
39,21,9,19,10,2,0
39,20,9,19,11,2,0
39,24,9,20,6,2,0
39,23,9,20,7,2,0
39,22,9,20,8,2,0
39,21,9,20,9,2,0
39,20,9,20,10,2,0
39,24,9,21,5,2,0
39,23,9,21,6,2,0
39,22,9,21,7,2,0
39,21,9,21,8,2,0
39,20,9,21,9,2,0
39,23,9,22,5,2,0
39,22,9,22,6,2,0
39,21,9,22,7,2,0
39,20,9,22,8,2,0
39,22,9,23,5,2,0
39,21,9,23,6,2,0
39,20,9,23,7,2,0
39,21,9,24,5,2,0
39,20,9,24,6,2,0
39,25,9,25,0,2,0
39,20,9,25,5,2,0
38,20,9,5,25,3,0
38,20,9,6,24,3,0
38,20,9,7,23,3,0
38,21,9,8,21,3,0
38,20,9,8,22,3,0
38,21,9,9,20,3,0
38,20,9,9,21,3,0
38,21,9,10,19,3,0
38,20,9,10,20,3,0
38,21,9,11,18,3,0
38,20,9,11,19,3,0
38,22,9,12,16,3,0
38,21,9,12,17,3,0
38,20,9,12,18,3,0
38,22,9,13,15,3,0
38,21,9,13,16,3,0
38,20,9,13,17,3,0
38,22,9,14,14,3,0
38,21,9,14,15,3,0
38,20,9,14,16,3,0
38,22,9,15,13,3,0
38,21,9,15,14,3,0
38,20,9,15,15,3,0
38,21,9,16,13,3,0
38,20,9,16,14,3,0
38,20,9,17,13,3,0
38,20,9,18,12,3,0
37,20,9,5,25,4,0
37,20,9,6,24,4,0
37,20,9,7,23,4,0
37,20,9,8,22,4,0
37,20,9,9,21,4,0
37,20,9,10,20,4,0
37,21,9,11,18,4,0
37,20,9,11,19,4,0
37,21,9,12,17,4,0
37,20,9,12,18,4,0
37,20,9,13,17,4,0
36,20,9,8,22,5,0
36,20,9,9,21,5,0
40,20,10,5,25,0,0
40,20,10,6,24,0,0
40,20,10,7,23,0,0
40,21,10,8,21,0,0
40,20,10,8,22,0,0
40,21,10,9,20,0,0
40,20,10,9,21,0,0
40,21,10,10,19,0,0
40,20,10,10,20,0,0
40,22,10,11,17,0,0
40,21,10,11,18,0,0
40,20,10,11,19,0,0
40,22,10,12,16,0,0
40,21,10,12,17,0,0
40,20,10,12,18,0,0
40,22,10,13,15,0,0
40,21,10,13,16,0,0
40,20,10,13,17,0,0
40,22,10,14,14,0,0
40,21,10,14,15,0,0
40,20,10,14,16,0,0
40,23,10,15,12,0,0
40,22,10,15,13,0,0
40,21,10,15,14,0,0
40,20,10,15,15,0,0
40,23,10,16,11,0,0
40,22,10,16,12,0,0
40,21,10,16,13,0,0
40,20,10,16,14,0,0
40,23,10,17,10,0,0
40,22,10,17,11,0,0
40,21,10,17,12,0,0
40,20,10,17,13,0,0
40,23,10,18,9,0,0
40,22,10,18,10,0,0
40,21,10,18,11,0,0
40,20,10,18,12,0,0
40,23,10,19,8,0,0
40,22,10,19,9,0,0
40,21,10,19,10,0,0
40,20,10,19,11,0,0
40,24,10,20,6,0,0
40,23,10,20,7,0,0
40,22,10,20,8,0,0
40,21,10,20,9,0,0
40,20,10,20,10,0,0
40,24,10,21,5,0,0
40,23,10,21,6,0,0
40,22,10,21,7,0,0
40,21,10,21,8,0,0
40,20,10,21,9,0,0
40,23,10,22,5,0,0
40,22,10,22,6,0,0
40,21,10,22,7,0,0
40,20,10,22,8,0,0
40,22,10,23,5,0,0
40,21,10,23,6,0,0
40,20,10,23,7,0,0
40,21,10,24,5,0,0
40,20,10,24,6,0,0
40,20,10,25,5,0,0
39,21,10,5,24,1,0
39,20,10,5,25,1,0
39,21,10,6,23,1,0
39,20,10,6,24,1,0
39,21,10,7,22,1,0
39,20,10,7,23,1,0
39,22,10,8,20,1,0
39,21,10,8,21,1,0
39,20,10,8,22,1,0
39,22,10,9,19,1,0
39,21,10,9,20,1,0
39,20,10,9,21,1,0
39,22,10,10,18,1,0
39,21,10,10,19,1,0
39,20,10,10,20,1,0
39,22,10,11,17,1,0
39,21,10,11,18,1,0
39,20,10,11,19,1,0
39,22,10,12,16,1,0
39,21,10,12,17,1,0
39,20,10,12,18,1,0
39,22,10,13,15,1,0
39,21,10,13,16,1,0
39,20,10,13,17,1,0
39,23,10,14,13,1,0
39,22,10,14,14,1,0
39,21,10,14,15,1,0
39,20,10,14,16,1,0
39,23,10,15,12,1,0
39,22,10,15,13,1,0
39,21,10,15,14,1,0
39,20,10,15,15,1,0
39,23,10,16,11,1,0
39,22,10,16,12,1,0
39,21,10,16,13,1,0
39,20,10,16,14,1,0
39,23,10,17,10,1,0
39,22,10,17,11,1,0
39,21,10,17,12,1,0
39,20,10,17,13,1,0
39,24,10,18,8,1,0
39,23,10,18,9,1,0
39,22,10,18,10,1,0
39,21,10,18,11,1,0
39,20,10,18,12,1,0
39,24,10,19,7,1,0
39,23,10,19,8,1,0
39,22,10,19,9,1,0
39,21,10,19,10,1,0
39,20,10,19,11,1,0
39,24,10,20,6,1,0
39,23,10,20,7,1,0
39,22,10,20,8,1,0
39,21,10,20,9,1,0
39,20,10,20,10,1,0
39,24,10,21,5,1,0
39,23,10,21,6,1,0
39,22,10,21,7,1,0
39,21,10,21,8,1,0
39,20,10,21,9,1,0
39,23,10,22,5,1,0
39,22,10,22,6,1,0
39,21,10,22,7,1,0
39,20,10,22,8,1,0
39,22,10,23,5,1,0
39,21,10,23,6,1,0
39,20,10,23,7,1,0
39,21,10,24,5,1,0
39,20,10,24,6,1,0
39,20,10,25,5,1,0
38,21,10,5,24,2,0
38,20,10,5,25,2,0
38,21,10,6,23,2,0
38,20,10,6,24,2,0
38,21,10,7,22,2,0
38,20,10,7,23,2,0
38,21,10,8,21,2,0
38,20,10,8,22,2,0
38,21,10,9,20,2,0
38,20,10,9,21,2,0
38,21,10,10,19,2,0
38,20,10,10,20,2,0
38,22,10,11,17,2,0
38,21,10,11,18,2,0
38,20,10,11,19,2,0
38,22,10,12,16,2,0
38,21,10,12,17,2,0
38,20,10,12,18,2,0
38,22,10,13,15,2,0
38,21,10,13,16,2,0
38,20,10,13,17,2,0
38,22,10,14,14,2,0
38,21,10,14,15,2,0
38,20,10,14,16,2,0
38,22,10,15,13,2,0
38,21,10,15,14,2,0
38,20,10,15,15,2,0
38,22,10,16,12,2,0
38,21,10,16,13,2,0
38,20,10,16,14,2,0
38,23,10,17,10,2,0
38,22,10,17,11,2,0
38,21,10,17,12,2,0
38,20,10,17,13,2,0
38,22,10,18,10,2,0
38,21,10,18,11,2,0
38,20,10,18,12,2,0
38,21,10,19,10,2,0
38,20,10,19,11,2,0
38,20,10,20,10,2,0
37,20,10,5,25,3,0
37,20,10,6,24,3,0
37,21,10,7,22,3,0
37,20,10,7,23,3,0
37,21,10,8,21,3,0
37,20,10,8,22,3,0
37,21,10,9,20,3,0
37,20,10,9,21,3,0
37,21,10,10,19,3,0
37,20,10,10,20,3,0
37,21,10,11,18,3,0
37,20,10,11,19,3,0
37,21,10,12,17,3,0
37,20,10,12,18,3,0
37,22,10,13,15,3,0
37,21,10,13,16,3,0
37,20,10,13,17,3,0
37,21,10,14,15,3,0
37,20,10,14,16,3,0
37,20,10,15,15,3,0
37,20,10,16,14,3,0
36,20,10,6,24,4,0
36,20,10,8,22,4,0
36,20,10,9,21,4,0
36,20,10,10,20,4,0
39,20,11,5,25,0,0
39,20,11,6,24,0,0
39,20,11,7,23,0,0
39,21,11,8,21,0,0
39,20,11,8,22,0,0
39,21,11,9,20,0,0
39,20,11,9,21,0,0
39,21,11,10,19,0,0
39,20,11,10,20,0,0
39,21,11,11,18,0,0
39,20,11,11,19,0,0
39,21,11,12,17,0,0
39,20,11,12,18,0,0
39,22,11,13,15,0,0
39,21,11,13,16,0,0
39,20,11,13,17,0,0
39,22,11,14,14,0,0
39,21,11,14,15,0,0
39,20,11,14,16,0,0
39,22,11,15,13,0,0
39,21,11,15,14,0,0
39,20,11,15,15,0,0
39,22,11,16,12,0,0
39,21,11,16,13,0,0
39,20,11,16,14,0,0
39,22,11,17,11,0,0
39,21,11,17,12,0,0
39,20,11,17,13,0,0
39,23,11,18,9,0,0
39,22,11,18,10,0,0
39,21,11,18,11,0,0
39,20,11,18,12,0,0
39,23,11,19,8,0,0
39,22,11,19,9,0,0
39,21,11,19,10,0,0
39,20,11,19,11,0,0
39,23,11,20,7,0,0
39,22,11,20,8,0,0
39,21,11,20,9,0,0
39,20,11,20,10,0,0
39,23,11,21,6,0,0
39,22,11,21,7,0,0
39,21,11,21,8,0,0
39,20,11,21,9,0,0
39,23,11,22,5,0,0
39,22,11,22,6,0,0
39,21,11,22,7,0,0
39,20,11,22,8,0,0
39,22,11,23,5,0,0
39,21,11,23,6,0,0
39,20,11,23,7,0,0
39,21,11,24,5,0,0
39,20,11,24,6,0,0
39,20,11,25,5,0,0
38,21,11,5,24,1,0
38,20,11,5,25,1,0
38,21,11,6,23,1,0
38,20,11,6,24,1,0
38,21,11,7,22,1,0
38,20,11,7,23,1,0
38,21,11,8,21,1,0
38,20,11,8,22,1,0
38,21,11,9,20,1,0
38,20,11,9,21,1,0
38,22,11,10,18,1,0
38,21,11,10,19,1,0
38,20,11,10,20,1,0
38,22,11,11,17,1,0
38,21,11,11,18,1,0
38,20,11,11,19,1,0
38,22,11,12,16,1,0
38,21,11,12,17,1,0
38,20,11,12,18,1,0
38,22,11,13,15,1,0
38,21,11,13,16,1,0
38,20,11,13,17,1,0
38,22,11,14,14,1,0
38,21,11,14,15,1,0
38,20,11,14,16,1,0
38,23,11,15,12,1,0
38,22,11,15,13,1,0
38,21,11,15,14,1,0
38,20,11,15,15,1,0
38,23,11,16,11,1,0
38,22,11,16,12,1,0
38,21,11,16,13,1,0
38,20,11,16,14,1,0
38,23,11,17,10,1,0
38,22,11,17,11,1,0
38,21,11,17,12,1,0
38,20,11,17,13,1,0
38,23,11,18,9,1,0
38,22,11,18,10,1,0
38,21,11,18,11,1,0
38,20,11,18,12,1,0
38,23,11,19,8,1,0
38,22,11,19,9,1,0
38,21,11,19,10,1,0
38,20,11,19,11,1,0
38,23,11,20,7,1,0
38,22,11,20,8,1,0
38,21,11,20,9,1,0
38,20,11,20,10,1,0
38,23,11,21,6,1,0
38,22,11,21,7,1,0
38,21,11,21,8,1,0
38,20,11,21,9,1,0
38,23,11,22,5,1,0
38,22,11,22,6,1,0
38,21,11,22,7,1,0
38,20,11,22,8,1,0
38,22,11,23,5,1,0
38,21,11,23,6,1,0
38,20,11,23,7,1,0
38,21,11,24,5,1,0
38,20,11,24,6,1,0
38,20,11,25,5,1,0
37,20,11,5,25,2,0
37,20,11,6,24,2,0
37,20,11,7,23,2,0
37,21,11,8,21,2,0
37,20,11,8,22,2,0
37,21,11,9,20,2,0
37,20,11,9,21,2,0
37,21,11,10,19,2,0
37,20,11,10,20,2,0
37,21,11,11,18,2,0
37,20,11,11,19,2,0
37,21,11,12,17,2,0
37,20,11,12,18,2,0
37,22,11,13,15,2,0
37,21,11,13,16,2,0
37,20,11,13,17,2,0
37,22,11,14,14,2,0
37,21,11,14,15,2,0
37,20,11,14,16,2,0
37,22,11,15,13,2,0
37,21,11,15,14,2,0
37,20,11,15,15,2,0
37,21,11,16,13,2,0
37,20,11,16,14,2,0
37,21,11,17,12,2,0
37,20,11,17,13,2,0
37,20,11,18,12,2,0
36,20,11,5,25,3,0
36,20,11,6,24,3,0
36,20,11,7,23,3,0
36,20,11,8,22,3,0
36,20,11,9,21,3,0
36,20,11,10,20,3,0
36,20,11,11,19,3,0
36,20,11,12,18,3,0
36,20,11,13,17,3,0
38,20,12,5,25,0,0
38,20,12,6,24,0,0
38,21,12,7,22,0,0
38,20,12,7,23,0,0
38,21,12,8,21,0,0
38,20,12,8,22,0,0
38,21,12,9,20,0,0
38,20,12,9,21,0,0
38,21,12,10,19,0,0
38,20,12,10,20,0,0
38,21,12,11,18,0,0
38,20,12,11,19,0,0
38,21,12,12,17,0,0
38,20,12,12,18,0,0
38,21,12,13,16,0,0
38,20,12,13,17,0,0
38,21,12,14,15,0,0
38,20,12,14,16,0,0
38,21,12,15,14,0,0
38,20,12,15,15,0,0
38,22,12,16,12,0,0
38,21,12,16,13,0,0
38,20,12,16,14,0,0
38,22,12,17,11,0,0
38,21,12,17,12,0,0
38,20,12,17,13,0,0
38,22,12,18,10,0,0
38,21,12,18,11,0,0
38,20,12,18,12,0,0
38,22,12,19,9,0,0
38,21,12,19,10,0,0
38,20,12,19,11,0,0
38,23,12,20,7,0,0
38,22,12,20,8,0,0
38,21,12,20,9,0,0
38,20,12,20,10,0,0
38,23,12,21,6,0,0
38,22,12,21,7,0,0
38,21,12,21,8,0,0
38,20,12,21,9,0,0
38,23,12,22,5,0,0
38,22,12,22,6,0,0
38,21,12,22,7,0,0
38,20,12,22,8,0,0
38,22,12,23,5,0,0
38,21,12,23,6,0,0
38,20,12,23,7,0,0
38,21,12,24,5,0,0
38,20,12,24,6,0,0
38,20,12,25,5,0,0
37,21,12,5,24,1,0
37,20,12,5,25,1,0
37,21,12,6,23,1,0
37,20,12,6,24,1,0
37,21,12,7,22,1,0
37,20,12,7,23,1,0
37,21,12,8,21,1,0
37,20,12,8,22,1,0
37,21,12,9,20,1,0
37,20,12,9,21,1,0
37,22,12,10,18,1,0
37,21,12,10,19,1,0
37,20,12,10,20,1,0
37,22,12,11,17,1,0
37,21,12,11,18,1,0
37,20,12,11,19,1,0
37,22,12,12,16,1,0
37,21,12,12,17,1,0
37,20,12,12,18,1,0
37,22,12,13,15,1,0
37,21,12,13,16,1,0
37,20,12,13,17,1,0
37,22,12,14,14,1,0
37,21,12,14,15,1,0
37,20,12,14,16,1,0
37,22,12,15,13,1,0
37,21,12,15,14,1,0
37,20,12,15,15,1,0
37,22,12,16,12,1,0
37,21,12,16,13,1,0
37,20,12,16,14,1,0
37,23,12,17,10,1,0
37,22,12,17,11,1,0
37,21,12,17,12,1,0
37,20,12,17,13,1,0
37,23,12,18,9,1,0
37,22,12,18,10,1,0
37,21,12,18,11,1,0
37,20,12,18,12,1,0
37,23,12,19,8,1,0
37,22,12,19,9,1,0
37,21,12,19,10,1,0
37,20,12,19,11,1,0
37,23,12,20,7,1,0
37,22,12,20,8,1,0
37,21,12,20,9,1,0
37,20,12,20,10,1,0
37,23,12,21,6,1,0
37,22,12,21,7,1,0
37,21,12,21,8,1,0
37,20,12,21,9,1,0
37,23,12,22,5,1,0
37,22,12,22,6,1,0
37,21,12,22,7,1,0
37,20,12,22,8,1,0
37,22,12,23,5,1,0
37,21,12,23,6,1,0
37,20,12,23,7,1,0
37,21,12,24,5,1,0
36,20,12,5,25,2,0
36,20,12,6,24,2,0
36,20,12,7,23,2,0
36,21,12,8,21,2,0
36,20,12,8,22,2,0
36,21,12,9,20,2,0
36,20,12,9,21,2,0
36,21,12,10,19,2,0
36,20,12,10,20,2,0
36,21,12,11,18,2,0
36,20,12,11,19,2,0
36,21,12,12,17,2,0
36,20,12,12,18,2,0
36,21,12,13,16,2,0
36,20,12,13,17,2,0
36,21,12,14,15,2,0
36,20,12,14,16,2,0
36,21,12,15,14,2,0
36,20,12,15,15,2,0
36,20,12,16,14,2,0
35,20,12,9,21,3,0
37,20,13,7,23,0,0
37,20,13,8,22,0,0
37,20,13,9,21,0,0
37,21,13,10,19,0,0
37,20,13,10,20,0,0
37,21,13,11,18,0,0
37,20,13,11,19,0,0
37,21,13,12,17,0,0
37,20,13,12,18,0,0
37,21,13,13,16,0,0
37,20,13,13,17,0,0
37,21,13,14,15,0,0
37,20,13,14,16,0,0
37,21,13,15,14,0,0
37,20,13,15,15,0,0
37,21,13,16,13,0,0
37,20,13,16,14,0,0
37,21,13,17,12,0,0
37,20,13,17,13,0,0
37,21,13,18,11,0,0
37,20,13,18,12,0,0
37,21,13,19,10,0,0
37,20,13,19,11,0,0
37,22,13,20,8,0,0
37,21,13,20,9,0,0
37,20,13,20,10,0,0
37,22,13,21,7,0,0
37,21,13,21,8,0,0
37,20,13,21,9,0,0
37,22,13,22,6,0,0
37,21,13,22,7,0,0
37,20,13,22,8,0,0
37,22,13,23,5,0,0
37,21,13,23,6,0,0
37,20,13,23,7,0,0
37,21,13,24,5,0,0
37,20,13,24,6,0,0
37,20,13,25,5,0,0
36,20,13,5,25,1,0
36,21,13,6,23,1,0
36,20,13,6,24,1,0
36,21,13,7,22,1,0
36,20,13,7,23,1,0
36,21,13,8,21,1,0
36,20,13,8,22,1,0
36,21,13,9,20,1,0
36,20,13,9,21,1,0
36,21,13,10,19,1,0
36,20,13,10,20,1,0
36,21,13,11,18,1,0
36,20,13,11,19,1,0
36,21,13,12,17,1,0
36,20,13,12,18,1,0
36,22,13,13,15,1,0
36,21,13,13,16,1,0
36,20,13,13,17,1,0
36,22,13,14,14,1,0
36,21,13,14,15,1,0
36,20,13,14,16,1,0
36,22,13,15,13,1,0
36,21,13,15,14,1,0
36,20,13,15,15,1,0
36,22,13,16,12,1,0
36,21,13,16,13,1,0
36,20,13,16,14,1,0
36,22,13,17,11,1,0
36,21,13,17,12,1,0
36,20,13,17,13,1,0
36,23,13,18,9,1,0
36,22,13,18,10,1,0
36,21,13,18,11,1,0
36,20,13,18,12,1,0
36,22,13,19,9,1,0
36,21,13,19,10,1,0
36,20,13,19,11,1,0
36,21,13,20,9,1,0
36,20,13,20,10,1,0
36,20,13,21,9,1,0
35,20,13,5,25,2,0
35,20,13,6,24,2,0
35,20,13,7,23,2,0
35,20,13,8,22,2,0
35,20,13,9,21,2,0
35,20,13,10,20,2,0
35,20,13,11,19,2,0
35,20,13,12,18,2,0
35,20,13,13,17,2,0
36,20,14,9,21,0,0
36,20,14,10,20,0,0
36,20,14,11,19,0,0
36,20,14,12,18,0,0
36,20,14,13,17,0,0
36,20,14,14,16,0,0
36,21,14,15,14,0,0
36,20,14,15,15,0,0
36,21,14,16,13,0,0
36,20,14,16,14,0,0
36,21,14,17,12,0,0
36,20,14,17,13,0,0
36,21,14,18,11,0,0
36,20,14,18,12,0,0
36,21,14,19,10,0,0
36,20,14,19,11,0,0
36,21,14,20,9,0,0
36,20,14,20,10,0,0
36,21,14,21,8,0,0
36,20,14,21,9,0,0
36,21,14,22,7,0,0
36,20,14,22,8,0,0
36,22,14,23,5,0,0
36,21,14,23,6,0,0
36,20,14,23,7,0,0
36,21,14,24,5,0,0
36,20,14,24,6,0,0
36,20,14,25,5,0,0
35,20,14,5,25,1,0
35,20,14,6,24,1,0
35,20,14,7,23,1,0
35,21,14,8,21,1,0
35,20,14,8,22,1,0
35,21,14,9,20,1,0
35,20,14,9,21,1,0
35,21,14,10,19,1,0
35,20,14,10,20,1,0
35,21,14,11,18,1,0
35,20,14,11,19,1,0
35,21,14,12,17,1,0
35,20,14,12,18,1,0
35,21,14,13,16,1,0
35,20,14,13,17,1,0
35,21,14,14,15,1,0
35,20,14,14,16,1,0
35,21,14,15,14,1,0
35,20,14,15,15,1,0
35,21,14,16,13,1,0
35,20,14,16,14,1,0
35,21,14,17,12,1,0
35,20,14,17,13,1,0
35,21,14,18,11,1,0
35,20,14,18,12,1,0
35,20,14,19,11,1,0
35,20,15,15,15,0,0
35,20,15,16,14,0,0
35,20,15,17,13,0,0
35,20,15,18,12,0,0
35,20,15,19,11,0,0
35,20,15,20,10,0,0
35,20,15,21,9,0,0
35,20,15,22,8,0,0
35,21,15,23,6,0,0
35,20,15,23,7,0,0
35,21,15,24,5,0,0
35,20,15,24,6,0,0
35,20,15,25,5,0,0
34,21,15,13,16,1,0
34,20,15,13,17,1,0
34,21,15,14,15,1,0
34,20,15,14,16,1,0
34,21,15,15,14,1,0
34,20,15,15,15,1,0
34,20,15,16,14,1,0
34,20,16,25,5,0,0
49,30,0,0,20,0,1
49,29,0,0,21,0,1
49,28,0,0,22,0,1
49,27,0,0,23,0,1
49,26,0,0,24,0,1
49,25,0,0,25,0,1
49,30,0,5,15,0,1
49,29,0,5,16,0,1
49,28,0,5,17,0,1
49,27,0,5,18,0,1
49,26,0,5,19,0,1
49,25,0,5,20,0,1
49,24,0,5,21,0,1
49,23,0,5,22,0,1
49,22,0,5,23,0,1
49,21,0,5,24,0,1
49,20,0,5,25,0,1
49,30,0,6,14,0,1
49,29,0,6,15,0,1
49,28,0,6,16,0,1
49,27,0,6,17,0,1
49,26,0,6,18,0,1
49,25,0,6,19,0,1
49,24,0,6,20,0,1
49,23,0,6,21,0,1
49,22,0,6,22,0,1
49,21,0,6,23,0,1
49,20,0,6,24,0,1
49,30,0,7,13,0,1
49,29,0,7,14,0,1
49,28,0,7,15,0,1
49,27,0,7,16,0,1
49,26,0,7,17,0,1
49,25,0,7,18,0,1
49,24,0,7,19,0,1
49,23,0,7,20,0,1
49,22,0,7,21,0,1
49,21,0,7,22,0,1
49,20,0,7,23,0,1
49,30,0,8,12,0,1
49,29,0,8,13,0,1
49,28,0,8,14,0,1
49,27,0,8,15,0,1
49,26,0,8,16,0,1
49,25,0,8,17,0,1
49,24,0,8,18,0,1
49,23,0,8,19,0,1
49,22,0,8,20,0,1
49,21,0,8,21,0,1
49,20,0,8,22,0,1
49,30,0,9,11,0,1
49,29,0,9,12,0,1
49,28,0,9,13,0,1
49,27,0,9,14,0,1
49,26,0,9,15,0,1
49,25,0,9,16,0,1
49,24,0,9,17,0,1
49,23,0,9,18,0,1
49,22,0,9,19,0,1
49,21,0,9,20,0,1
49,20,0,9,21,0,1
49,30,0,10,10,0,1
49,29,0,10,11,0,1
49,28,0,10,12,0,1
49,27,0,10,13,0,1
49,26,0,10,14,0,1
49,25,0,10,15,0,1
49,24,0,10,16,0,1
49,23,0,10,17,0,1
49,22,0,10,18,0,1
49,21,0,10,19,0,1
49,20,0,10,20,0,1
49,30,0,11,9,0,1
49,29,0,11,10,0,1
49,28,0,11,11,0,1
49,27,0,11,12,0,1
49,26,0,11,13,0,1
49,25,0,11,14,0,1
49,24,0,11,15,0,1
49,23,0,11,16,0,1
49,22,0,11,17,0,1
49,21,0,11,18,0,1
49,20,0,11,19,0,1
49,30,0,12,8,0,1
49,29,0,12,9,0,1
49,28,0,12,10,0,1
49,27,0,12,11,0,1
49,26,0,12,12,0,1
49,25,0,12,13,0,1
49,24,0,12,14,0,1
49,23,0,12,15,0,1
49,22,0,12,16,0,1
49,21,0,12,17,0,1
49,20,0,12,18,0,1
49,30,0,13,7,0,1
49,29,0,13,8,0,1
49,28,0,13,9,0,1
49,27,0,13,10,0,1
49,26,0,13,11,0,1
49,25,0,13,12,0,1
49,24,0,13,13,0,1
49,23,0,13,14,0,1
49,22,0,13,15,0,1
49,21,0,13,16,0,1
49,20,0,13,17,0,1
49,30,0,14,6,0,1
49,29,0,14,7,0,1
49,28,0,14,8,0,1
49,27,0,14,9,0,1
49,26,0,14,10,0,1
49,25,0,14,11,0,1
49,24,0,14,12,0,1
49,23,0,14,13,0,1
49,22,0,14,14,0,1
49,21,0,14,15,0,1
49,20,0,14,16,0,1
49,30,0,15,5,0,1
49,29,0,15,6,0,1
49,28,0,15,7,0,1
49,27,0,15,8,0,1
49,26,0,15,9,0,1
49,25,0,15,10,0,1
49,24,0,15,11,0,1
49,23,0,15,12,0,1
49,22,0,15,13,0,1
49,21,0,15,14,0,1
49,20,0,15,15,0,1
49,29,0,16,5,0,1
49,28,0,16,6,0,1
49,27,0,16,7,0,1
49,26,0,16,8,0,1
49,25,0,16,9,0,1
49,24,0,16,10,0,1
49,23,0,16,11,0,1
49,22,0,16,12,0,1
49,21,0,16,13,0,1
49,20,0,16,14,0,1
49,28,0,17,5,0,1
49,27,0,17,6,0,1
49,26,0,17,7,0,1
49,25,0,17,8,0,1
49,24,0,17,9,0,1
49,23,0,17,10,0,1
49,22,0,17,11,0,1
49,21,0,17,12,0,1
49,20,0,17,13,0,1
49,27,0,18,5,0,1
49,26,0,18,6,0,1
49,25,0,18,7,0,1
49,24,0,18,8,0,1
49,23,0,18,9,0,1
49,22,0,18,10,0,1
49,20,0,18,12,0,1
49,26,0,19,5,0,1
49,25,0,19,6,0,1
49,24,0,19,7,0,1
49,23,0,19,8,0,1
49,22,0,19,9,0,1
49,20,0,19,11,0,1
49,30,0,20,0,0,1
49,25,0,20,5,0,1
49,24,0,20,6,0,1
49,23,0,20,7,0,1
49,22,0,20,8,0,1
49,24,0,21,5,0,1
49,23,0,21,6,0,1
49,22,0,21,7,0,1
49,28,0,22,0,0,1
49,23,0,22,5,0,1
49,22,0,22,6,0,1
49,27,0,23,0,0,1
49,22,0,23,5,0,1
49,26,0,24,0,0,1
49,25,0,25,0,0,1
49.2,25.8,0,5,19,0,1
49.2,24.8,0,5,20,0,1
49.2,25.8,0,6,18,0,1
49.2,25.8,0,7,17,0,1
49.2,25.8,0,8,16,0,1
49.2,26.8,0,9,14,0,1
49.2,25.8,0,9,15,0,1
49.2,26.8,0,10,13,0,1
49.2,25.8,0,10,14,0,1
49.2,26.8,0,11,12,0,1
49.2,25.8,0,11,13,0,1
49.2,26.8,0,12,11,0,1
49.2,25.8,0,12,12,0,1
49.2,26.8,0,13,10,0,1
49.2,25.8,0,13,11,0,1
49.2,27.8,0,14,8,0,1
49.2,26.8,0,14,9,0,1
49.2,25.8,0,14,10,0,1
49.2,27.8,0,15,7,0,1
49.2,26.8,0,15,8,0,1
49.2,25.8,0,15,9,0,1
49.2,27.8,0,16,6,0,1
49.2,26.8,0,16,7,0,1
49.2,25.8,0,16,8,0,1
49.2,24.8,0,16,9,0,1
49.2,27.8,0,17,5,0,1
49.2,26.8,0,17,6,0,1
49.2,25.8,0,17,7,0,1
49.2,24.8,0,17,8,0,1
49.2,26.8,0,18,5,0,1
49.2,25.8,0,18,6,0,1
49.2,24.8,0,18,7,0,1
49.2,25.8,0,19,5,0,1
49.2,24.8,0,19,6,0,1
49.2,24.8,0,20,5,0,1
49.2,27.8,0,22,0,0,1
49.2,26.8,0,23,0,0,1
48,25,0,0,25,1,1
48,26,0,5,19,1,1
48,25,0,5,20,1,1
48,24,0,5,21,1,1
48,23,0,5,22,1,1
48,22,0,5,23,1,1
48,21,0,5,24,1,1
48,20,0,5,25,1,1
48,26,0,6,18,1,1
48,25,0,6,19,1,1
48,24,0,6,20,1,1
48,23,0,6,21,1,1
48,22,0,6,22,1,1
48,21,0,6,23,1,1
48,20,0,6,24,1,1
48,26,0,7,17,1,1
48,25,0,7,18,1,1
48,24,0,7,19,1,1
48,23,0,7,20,1,1
48,22,0,7,21,1,1
48,21,0,7,22,1,1
48,20,0,7,23,1,1
48,26,0,8,16,1,1
48,25,0,8,17,1,1
48,24,0,8,18,1,1
48,23,0,8,19,1,1
48,22,0,8,20,1,1
48,21,0,8,21,1,1
48,20,0,8,22,1,1
48,30,0,9,11,1,1
48,26,0,9,15,1,1
48,25,0,9,16,1,1
48,24,0,9,17,1,1
48,23,0,9,18,1,1
48,22,0,9,19,1,1
48,21,0,9,20,1,1
48,20,0,9,21,1,1
48,29,0,10,11,1,1
48,28,0,10,12,1,1
48,26,0,10,14,1,1
48,25,0,10,15,1,1
48,24,0,10,16,1,1
48,23,0,10,17,1,1
48,22,0,10,18,1,1
48,21,0,10,19,1,1
48,20,0,10,20,1,1
48,29,0,11,10,1,1
48,26,0,11,13,1,1
48,25,0,11,14,1,1
48,24,0,11,15,1,1
48,23,0,11,16,1,1
48,22,0,11,17,1,1
48,21,0,11,18,1,1
48,20,0,11,19,1,1
48,27,0,12,11,1,1
48,26,0,12,12,1,1
48,25,0,12,13,1,1
48,24,0,12,14,1,1
48,23,0,12,15,1,1
48,22,0,12,16,1,1
48,21,0,12,17,1,1
48,20,0,12,18,1,1
48,29,0,13,8,1,1
48,28,0,13,9,1,1
48,27,0,13,10,1,1
48,26,0,13,11,1,1
48,25,0,13,12,1,1
48,24,0,13,13,1,1
48,23,0,13,14,1,1
48,22,0,13,15,1,1
48,21,0,13,16,1,1
48,20,0,13,17,1,1
48,28,0,14,8,1,1
48,27,0,14,9,1,1
48,26,0,14,10,1,1
48,25,0,14,11,1,1
48,24,0,14,12,1,1
48,23,0,14,13,1,1
48,22,0,14,14,1,1
48,21,0,14,15,1,1
48,20,0,14,16,1,1
48,28,0,15,7,1,1
48,27,0,15,8,1,1
48,26,0,15,9,1,1
48,25,0,15,10,1,1
48,24,0,15,11,1,1
48,23,0,15,12,1,1
48,22,0,15,13,1,1
48,21,0,15,14,1,1
48,20,0,15,15,1,1
48,28,0,16,6,1,1
48,27,0,16,7,1,1
48,26,0,16,8,1,1
48,25,0,16,9,1,1
48,24,0,16,10,1,1
48,23,0,16,11,1,1
48,22,0,16,12,1,1
48,21,0,16,13,1,1
48,20,0,16,14,1,1
48,28,0,17,5,1,1
48,27,0,17,6,1,1
48,26,0,17,7,1,1
48,25,0,17,8,1,1
48,24,0,17,9,1,1
48,23,0,17,10,1,1
48,22,0,17,11,1,1
48,21,0,17,12,1,1
48,20,0,17,13,1,1
48,27,0,18,5,1,1
48,26,0,18,6,1,1
48,25,0,18,7,1,1
48,24,0,18,8,1,1
48,23,0,18,9,1,1
48,22,0,18,10,1,1
48,21,0,18,11,1,1
48,20,0,18,12,1,1
48,26,0,19,5,1,1
48,25,0,19,6,1,1
48,24,0,19,7,1,1
48,23,0,19,8,1,1
48,22,0,19,9,1,1
48,21,0,19,10,1,1
48,20,0,19,11,1,1
48,25,0,20,5,1,1
48,24,0,20,6,1,1
48,23,0,20,7,1,1
48,22,0,20,8,1,1
48,21,0,20,9,1,1
48,20,0,20,10,1,1
48,24,0,21,5,1,1
48,23,0,21,6,1,1
48,22,0,21,7,1,1
48,21,0,21,8,1,1
48,20,0,21,9,1,1
48,28,0,22,0,1,1
48,23,0,22,5,1,1
48,22,0,22,6,1,1
48,21,0,22,7,1,1
48,20,0,22,8,1,1
48,27,0,23,0,1,1
48,22,0,23,5,1,1
48,21,0,23,6,1,1
48,20,0,23,7,1,1
48,26,0,24,0,1,1
48,21,0,24,5,1,1
48,20,0,24,6,1,1
48,25,0,25,0,1,1
48,20,0,25,5,1,1
48.2,25.8,0,11,13,1,1
48.2,26.8,0,12,11,1,1
48.2,25.8,0,12,12,1,1
48.2,26.8,0,13,10,1,1
48.2,25.8,0,13,11,1,1
48.2,26.8,0,14,9,1,1
48.2,25.8,0,14,10,1,1
48.2,27.8,0,15,7,1,1
48.2,26.8,0,15,8,1,1
48.2,25.8,0,15,9,1,1
48.2,27.8,0,16,6,1,1
48.2,26.8,0,16,7,1,1
48.2,25.8,0,16,8,1,1
48.2,27.8,0,17,5,1,1
48.2,26.8,0,17,6,1,1
48.2,25.8,0,17,7,1,1
48.2,24.8,0,17,8,1,1
48.2,26.8,0,18,5,1,1
48.2,25.8,0,18,6,1,1
48.2,24.8,0,18,7,1,1
48.2,25.8,0,19,5,1,1
48.2,24.8,0,19,6,1,1
48.2,24.8,0,20,5,1,1
48.2,27.8,0,22,0,1,1
48.2,26.8,0,23,0,1,1
47,22,0,5,23,2,1
47,21,0,5,24,2,1
47,20,0,5,25,2,1
47,22,0,6,22,2,1
47,21,0,6,23,2,1
47,20,0,6,24,2,1
47,22,0,7,21,2,1
47,21,0,7,22,2,1
47,20,0,7,23,2,1
47,22,0,8,20,2,1
47,21,0,8,21,2,1
47,20,0,8,22,2,1
47,23,0,9,18,2,1
47,22,0,9,19,2,1
47,21,0,9,20,2,1
47,20,0,9,21,2,1
47,25,0,10,15,2,1
47,24,0,10,16,2,1
47,23,0,10,17,2,1
47,22,0,10,18,2,1
47,21,0,10,19,2,1
47,20,0,10,20,2,1
47,25,0,11,14,2,1
47,24,0,11,15,2,1
47,23,0,11,16,2,1
47,22,0,11,17,2,1
47,21,0,11,18,2,1
47,20,0,11,19,2,1
47,25,0,12,13,2,1
47,24,0,12,14,2,1
47,23,0,12,15,2,1
47,22,0,12,16,2,1
47,21,0,12,17,2,1
47,20,0,12,18,2,1
47,25,0,13,12,2,1
47,24,0,13,13,2,1
47,23,0,13,14,2,1
47,22,0,13,15,2,1
47,21,0,13,16,2,1
47,20,0,13,17,2,1
47,26,0,14,10,2,1
47,25,0,14,11,2,1
47,24,0,14,12,2,1
47,23,0,14,13,2,1
47,22,0,14,14,2,1
47,21,0,14,15,2,1
47,20,0,14,16,2,1
47,27,0,15,8,2,1
47,26,0,15,9,2,1
47,25,0,15,10,2,1
47,24,0,15,11,2,1
47,23,0,15,12,2,1
47,22,0,15,13,2,1
47,21,0,15,14,2,1
47,20,0,15,15,2,1
47,28,0,16,6,2,1
47,27,0,16,7,2,1
47,26,0,16,8,2,1
47,25,0,16,9,2,1
47,24,0,16,10,2,1
47,23,0,16,11,2,1
47,22,0,16,12,2,1
47,21,0,16,13,2,1
47,20,0,16,14,2,1
47,28,0,17,5,2,1
47,27,0,17,6,2,1
47,26,0,17,7,2,1
47,25,0,17,8,2,1
47,24,0,17,9,2,1
47,23,0,17,10,2,1
47,22,0,17,11,2,1
47,21,0,17,12,2,1
47,20,0,17,13,2,1
47,27,0,18,5,2,1
47,26,0,18,6,2,1
47,25,0,18,7,2,1
47,24,0,18,8,2,1
47,23,0,18,9,2,1
47,22,0,18,10,2,1
47,21,0,18,11,2,1
47,20,0,18,12,2,1
47,26,0,19,5,2,1
47,25,0,19,6,2,1
47,24,0,19,7,2,1
47,23,0,19,8,2,1
47,22,0,19,9,2,1
47,21,0,19,10,2,1
47,20,0,19,11,2,1
47,25,0,20,5,2,1
47,24,0,20,6,2,1
47,23,0,20,7,2,1
47,22,0,20,8,2,1
47,21,0,20,9,2,1
47,20,0,20,10,2,1
47,24,0,21,5,2,1
47,23,0,21,6,2,1
47,22,0,21,7,2,1
47,21,0,21,8,2,1
47,20,0,21,9,2,1
47,28,0,22,0,2,1
47,23,0,22,5,2,1
47,22,0,22,6,2,1
47,21,0,22,7,2,1
47,20,0,22,8,2,1
47,27,0,23,0,2,1
47,22,0,23,5,2,1
47,21,0,23,6,2,1
47,20,0,23,7,2,1
47,26,0,24,0,2,1
47,21,0,24,5,2,1
47,20,0,24,6,2,1
47,25,0,25,0,2,1
47,20,0,25,5,2,1
47.2,25.8,0,16,8,2,1
47.2,25.8,0,17,7,2,1
47.2,24.8,0,17,8,2,1
47.2,25.8,0,18,6,2,1
47.2,24.8,0,18,7,2,1
47.2,25.8,0,19,5,2,1
47.2,24.8,0,19,6,2,1
47.2,24.8,0,20,5,2,1
47.2,27.8,0,22,0,2,1
47.2,26.8,0,23,0,2,1
46,20,0,5,25,3,1
46,21,0,6,23,3,1
46,20,0,6,24,3,1
46,22,0,7,21,3,1
46,21,0,7,22,3,1
46,20,0,7,23,3,1
46,22,0,8,20,3,1
46,21,0,8,21,3,1
46,20,0,8,22,3,1
46,22,0,9,19,3,1
46,21,0,9,20,3,1
46,20,0,9,21,3,1
46,22,0,10,18,3,1
46,21,0,10,19,3,1
46,20,0,10,20,3,1
46,22,0,11,17,3,1
46,21,0,11,18,3,1
46,20,0,11,19,3,1
46,22,0,12,16,3,1
46,21,0,12,17,3,1
46,20,0,12,18,3,1
46,22,0,13,15,3,1
46,21,0,13,16,3,1
46,20,0,13,17,3,1
46,22,0,14,14,3,1
46,21,0,14,15,3,1
46,20,0,14,16,3,1
46,23,0,15,12,3,1
46,22,0,15,13,3,1
46,21,0,15,14,3,1
46,20,0,15,15,3,1
46,24,0,16,10,3,1
46,23,0,16,11,3,1
46,22,0,16,12,3,1
46,21,0,16,13,3,1
46,20,0,16,14,3,1
46,28,0,17,5,3,1
46,23,0,17,10,3,1
46,22,0,17,11,3,1
46,21,0,17,12,3,1
46,20,0,17,13,3,1
46,24,0,18,8,3,1
46,23,0,18,9,3,1
46,22,0,18,10,3,1
46,21,0,18,11,3,1
46,20,0,18,12,3,1
46,26,0,19,5,3,1
46,24,0,19,7,3,1
46,23,0,19,8,3,1
46,22,0,19,9,3,1
46,21,0,19,10,3,1
46,20,0,19,11,3,1
46,25,0,20,5,3,1
46,24,0,20,6,3,1
46,23,0,20,7,3,1
46,22,0,20,8,3,1
46,21,0,20,9,3,1
46,20,0,20,10,3,1
46,24,0,21,5,3,1
46,23,0,21,6,3,1
46,22,0,21,7,3,1
46,21,0,21,8,3,1
46,20,0,21,9,3,1
46,28,0,22,0,3,1
46,23,0,22,5,3,1
46,22,0,22,6,3,1
46,21,0,22,7,3,1
46,20,0,22,8,3,1
46,27,0,23,0,3,1
46,22,0,23,5,3,1
46,21,0,23,6,3,1
46,20,0,23,7,3,1
46,26,0,24,0,3,1
46,21,0,24,5,3,1
46,20,0,24,6,3,1
46,25,0,25,0,3,1
46,20,0,25,5,3,1
46.2,24.8,0,20,5,3,1
46.2,27.8,0,22,0,3,1
45,20,0,5,25,4,1
45,20,0,6,24,4,1
45,21,0,7,22,4,1
45,20,0,7,23,4,1
45,21,0,8,21,4,1
45,20,0,8,22,4,1
45,21,0,9,20,4,1
45,20,0,9,21,4,1
45,21,0,10,19,4,1
45,20,0,10,20,4,1
45,21,0,11,18,4,1
45,20,0,11,19,4,1
45,21,0,12,17,4,1
45,20,0,12,18,4,1
45,21,0,13,16,4,1
45,20,0,13,17,4,1
45,22,0,14,14,4,1
45,21,0,14,15,4,1
45,20,0,14,16,4,1
45,22,0,15,13,4,1
45,21,0,15,14,4,1
45,20,0,15,15,4,1
45,22,0,16,12,4,1
45,21,0,16,13,4,1
45,20,0,16,14,4,1
45,22,0,17,11,4,1
45,21,0,17,12,4,1
45,20,0,17,13,4,1
45,22,0,18,10,4,1
45,21,0,18,11,4,1
45,20,0,18,12,4,1
45,22,0,19,9,4,1
45,21,0,19,10,4,1
45,20,0,19,11,4,1
45,22,0,20,8,4,1
45,21,0,20,9,4,1
45,20,0,20,10,4,1
45,22,0,21,7,4,1
45,21,0,21,8,4,1
45,20,0,21,9,4,1
45,23,0,22,5,4,1
45,22,0,22,6,4,1
45,21,0,22,7,4,1
45,20,0,22,8,4,1
45,27,0,23,0,4,1
45,22,0,23,5,4,1
45,21,0,23,6,4,1
45,20,0,23,7,4,1
45,21,0,24,5,4,1
45,20,0,24,6,4,1
45,20,0,25,5,4,1
45.2,26.8,0,23,0,4,1
44,20,0,5,25,5,1
44,20,0,7,23,5,1
44,20,0,8,22,5,1
44,21,0,9,20,5,1
44,20,0,9,21,5,1
44,20,0,10,20,5,1
44,20,0,11,19,5,1
44,21,0,12,17,5,1
44,20,0,12,18,5,1
44,21,0,13,16,5,1
44,20,0,13,17,5,1
44,21,0,14,15,5,1
44,20,0,14,16,5,1
44,21,0,15,14,5,1
44,20,0,15,15,5,1
44,21,0,16,13,5,1
44,20,0,16,14,5,1
44,21,0,17,12,5,1
44,20,0,17,13,5,1
44,21,0,18,11,5,1
44,20,0,18,12,5,1
44,21,0,19,10,5,1
44,20,0,19,11,5,1
44,22,0,20,8,5,1
44,21,0,20,9,5,1
44,20,0,20,10,5,1
44,22,0,21,7,5,1
44,21,0,21,8,5,1
44,20,0,21,9,5,1
44,22,0,22,6,5,1
44,21,0,22,7,5,1
44,20,0,22,8,5,1
44,27,0,23,0,5,1
44,22,0,23,5,5,1
44,21,0,23,6,5,1
44,20,0,23,7,5,1
44,26,0,24,0,5,1
44,21,0,24,5,5,1
44,20,0,24,6,5,1
44,20,0,25,5,5,1
44.2,26.8,0,23,0,5,1
43,20,0,9,21,6,1
43,20,0,10,20,6,1
43,20,0,11,19,6,1
43,20,0,12,18,6,1
43,20,0,13,17,6,1
43,20,0,14,16,6,1
43,20,0,15,15,6,1
43,21,0,16,13,6,1
43,20,0,16,14,6,1
43,21,0,17,12,6,1
43,20,0,17,13,6,1
43,21,0,18,11,6,1
43,20,0,18,12,6,1
43,21,0,19,10,6,1
43,20,0,19,11,6,1
43,21,0,20,9,6,1
43,20,0,20,10,6,1
43,21,0,21,8,6,1
43,20,0,21,9,6,1
43,21,0,22,7,6,1
43,20,0,22,8,6,1
43,21,0,23,6,6,1
43,20,0,23,7,6,1
43,21,0,24,5,6,1
43,20,0,24,6,6,1
43,20,0,25,5,6,1
42,20,0,12,18,7,1
42,20,0,15,15,7,1
42,20,0,16,14,7,1
42,20,0,17,13,7,1
42,21,0,18,11,7,1
42,20,0,18,12,7,1
42,21,0,19,10,7,1
42,20,0,19,11,7,1
42,21,0,20,9,7,1
42,20,0,20,10,7,1
42,20,0,21,9,7,1
42,20,0,22,8,7,1
42,21,0,23,6,7,1
42,20,0,23,7,7,1
42,21,0,24,5,7,1
42,20,0,24,6,7,1
42,20,0,25,5,7,1
41,20,0,13,17,8,1
41,20,0,14,16,8,1
41,20,0,16,14,8,1
41,20,0,17,13,8,1
41,20,0,18,12,8,1
41,20,0,19,11,8,1
41,20,0,20,10,8,1
41,21,0,21,8,8,1
41,20,0,21,9,8,1
41,20,0,22,8,8,1
41,20,0,23,7,8,1
41,21,0,24,5,8,1
41,20,0,24,6,8,1
41,20,0,25,5,8,1
41.2,20.8,0,24,5,8,1
40,20,0,19,11,9,1
40,20,0,20,10,9,1
40,20,0,23,7,9,1
40,21,0,24,5,9,1
40,20,0,24,6,9,1
40,20,0,25,5,9,1
40.2,20.8,0,23,6,9,1
40.2,20.8,0,24,5,9,1
39,20,0,24,6,10,1
39,20,0,25,5,10,1
39.2,20.8,0,24,5,10,1
38,23,0,21,6,11,1
38,23,0,22,5,11,1
38,21,0,24,5,11,1
38,20,0,25,5,11,1
38.2,20.8,0,24,5,11,1
37,20,0,25,5,12,1
36,21,0,24,5,13,1
44,20,5,5,25,0,1
44,20,5,6,24,0,1
44,21,5,7,22,0,1
44,20,5,7,23,0,1
44,22,5,8,20,0,1
44,21,5,8,21,0,1
44,20,5,8,22,0,1
44,22,5,9,19,0,1
44,21,5,9,20,0,1
44,20,5,9,21,0,1
44,22,5,10,18,0,1
44,21,5,10,19,0,1
44,20,5,10,20,0,1
44,22,5,11,17,0,1
44,21,5,11,18,0,1
44,20,5,11,19,0,1
44,22,5,12,16,0,1
44,21,5,12,17,0,1
44,20,5,12,18,0,1
44,23,5,13,14,0,1
44,22,5,13,15,0,1
44,21,5,13,16,0,1
44,20,5,13,17,0,1
44,23,5,14,13,0,1
44,22,5,14,14,0,1
44,21,5,14,15,0,1
44,20,5,14,16,0,1
44,24,5,15,11,0,1
44,23,5,15,12,0,1
44,22,5,15,13,0,1
44,21,5,15,14,0,1
44,20,5,15,15,0,1
44,24,5,16,10,0,1
44,23,5,16,11,0,1
44,22,5,16,12,0,1
44,21,5,16,13,0,1
44,20,5,16,14,0,1
44,24,5,17,9,0,1
44,23,5,17,10,0,1
44,22,5,17,11,0,1
44,21,5,17,12,0,1
44,20,5,17,13,0,1
44,24,5,18,8,0,1
44,23,5,18,9,0,1
44,22,5,18,10,0,1
44,21,5,18,11,0,1
44,20,5,18,12,0,1
44,24,5,19,7,0,1
44,23,5,19,8,0,1
44,22,5,19,9,0,1
44,21,5,19,10,0,1
44,20,5,19,11,0,1
44,25,5,20,5,0,1
44,24,5,20,6,0,1
44,23,5,20,7,0,1
44,22,5,20,8,0,1
44,21,5,20,9,0,1
44,20,5,20,10,0,1
44,24,5,21,5,0,1
44,23,5,21,6,0,1
44,22,5,21,7,0,1
44,21,5,21,8,0,1
44,20,5,21,9,0,1
44,23,5,22,5,0,1
44,22,5,22,6,0,1
44,21,5,22,7,0,1
44,20,5,22,8,0,1
44,22,5,23,5,0,1
44,21,5,23,6,0,1
44,20,5,23,7,0,1
44,21,5,24,5,0,1
44,20,5,24,6,0,1
44,25,5,25,0,0,1
44,20,5,25,5,0,1
44.2,24.8,5,19,6,0,1
44.2,24.8,5,20,5,0,1
44.2,23.8,5,20,6,0,1
44.2,23.8,5,21,5,0,1
44.2,22.8,5,22,5,0,1
44.2,21.8,5,23,5,0,1
44.2,24.8,5,25,0,0,1
44.4,24.6,5,25,0,0,1
43,22,5,5,23,1,1
43,21,5,5,24,1,1
43,20,5,5,25,1,1
43,23,5,6,21,1,1
43,22,5,6,22,1,1
43,21,5,6,23,1,1
43,20,5,6,24,1,1
43,22,5,7,21,1,1
43,21,5,7,22,1,1
43,20,5,7,23,1,1
43,23,5,8,19,1,1
43,22,5,8,20,1,1
43,21,5,8,21,1,1
43,20,5,8,22,1,1
43,23,5,9,18,1,1
43,22,5,9,19,1,1
43,21,5,9,20,1,1
43,20,5,9,21,1,1
43,23,5,10,17,1,1
43,22,5,10,18,1,1
43,21,5,10,19,1,1
43,20,5,10,20,1,1
43,23,5,11,16,1,1
43,22,5,11,17,1,1
43,21,5,11,18,1,1
43,20,5,11,19,1,1
43,23,5,12,15,1,1
43,22,5,12,16,1,1
43,21,5,12,17,1,1
43,20,5,12,18,1,1
43,23,5,13,14,1,1
43,22,5,13,15,1,1
43,21,5,13,16,1,1
43,20,5,13,17,1,1
43,24,5,14,12,1,1
43,23,5,14,13,1,1
43,22,5,14,14,1,1
43,21,5,14,15,1,1
43,20,5,14,16,1,1
43,24,5,15,11,1,1
43,23,5,15,12,1,1
43,22,5,15,13,1,1
43,21,5,15,14,1,1
43,20,5,15,15,1,1
43,24,5,16,10,1,1
43,23,5,16,11,1,1
43,22,5,16,12,1,1
43,21,5,16,13,1,1
43,20,5,16,14,1,1
43,24,5,17,9,1,1
43,23,5,17,10,1,1
43,22,5,17,11,1,1
43,21,5,17,12,1,1
43,20,5,17,13,1,1
43,24,5,18,8,1,1
43,23,5,18,9,1,1
43,22,5,18,10,1,1
43,21,5,18,11,1,1
43,20,5,18,12,1,1
43,25,5,19,6,1,1
43,24,5,19,7,1,1
43,23,5,19,8,1,1
43,22,5,19,9,1,1
43,21,5,19,10,1,1
43,20,5,19,11,1,1
43,25,5,20,5,1,1
43,24,5,20,6,1,1
43,23,5,20,7,1,1
43,22,5,20,8,1,1
43,21,5,20,9,1,1
43,20,5,20,10,1,1
43,24,5,21,5,1,1
43,23,5,21,6,1,1
43,22,5,21,7,1,1
43,21,5,21,8,1,1
43,20,5,21,9,1,1
43,23,5,22,5,1,1
43,22,5,22,6,1,1
43,21,5,22,7,1,1
43,20,5,22,8,1,1
43,27,5,23,0,1,1
43,22,5,23,5,1,1
43,21,5,23,6,1,1
43,20,5,23,7,1,1
43,26,5,24,0,1,1
43,21,5,24,5,1,1
43,20,5,24,6,1,1
43,25,5,25,0,1,1
43,20,5,25,5,1,1
43.2,24.8,5,20,5,1,1
43.2,23.8,5,21,5,1,1
43.2,25.8,5,24,0,1,1
43.2,24.8,5,25,0,1,1
43.4,25.6,5,24,0,1,1
43.4,24.6,5,25,0,1,1
42,22,5,5,23,2,1
42,21,5,5,24,2,1
42,20,5,5,25,2,1
42,22,5,6,22,2,1
42,21,5,6,23,2,1
42,20,5,6,24,2,1
42,22,5,7,21,2,1
42,21,5,7,22,2,1
42,20,5,7,23,2,1
42,22,5,8,20,2,1
42,21,5,8,21,2,1
42,20,5,8,22,2,1
42,22,5,9,19,2,1
42,21,5,9,20,2,1
42,20,5,9,21,2,1
42,22,5,10,18,2,1
42,21,5,10,19,2,1
42,20,5,10,20,2,1
42,22,5,11,17,2,1
42,21,5,11,18,2,1
42,20,5,11,19,2,1
42,23,5,12,15,2,1
42,22,5,12,16,2,1
42,21,5,12,17,2,1
42,20,5,12,18,2,1
42,23,5,13,14,2,1
42,22,5,13,15,2,1
42,21,5,13,16,2,1
42,20,5,13,17,2,1
42,23,5,14,13,2,1
42,22,5,14,14,2,1
42,21,5,14,15,2,1
42,20,5,14,16,2,1
42,23,5,15,12,2,1
42,22,5,15,13,2,1
42,21,5,15,14,2,1
42,20,5,15,15,2,1
42,24,5,16,10,2,1
42,23,5,16,11,2,1
42,22,5,16,12,2,1
42,21,5,16,13,2,1
42,20,5,16,14,2,1
42,24,5,17,9,2,1
42,23,5,17,10,2,1
42,22,5,17,11,2,1
42,21,5,17,12,2,1
42,20,5,17,13,2,1
42,24,5,18,8,2,1
42,23,5,18,9,2,1
42,22,5,18,10,2,1
42,21,5,18,11,2,1
42,20,5,18,12,2,1
42,25,5,19,6,2,1
42,24,5,19,7,2,1
42,23,5,19,8,2,1
42,22,5,19,9,2,1
42,21,5,19,10,2,1
42,20,5,19,11,2,1
42,25,5,20,5,2,1
42,24,5,20,6,2,1
42,23,5,20,7,2,1
42,22,5,20,8,2,1
42,21,5,20,9,2,1
42,20,5,20,10,2,1
42,24,5,21,5,2,1
42,23,5,21,6,2,1
42,22,5,21,7,2,1
42,21,5,21,8,2,1
42,20,5,21,9,2,1
42,23,5,22,5,2,1
42,22,5,22,6,2,1
42,21,5,22,7,2,1
42,20,5,22,8,2,1
42,22,5,23,5,2,1
42,21,5,23,6,2,1
42,20,5,23,7,2,1
42,26,5,24,0,2,1
42,21,5,24,5,2,1
42,20,5,24,6,2,1
42,25,5,25,0,2,1
42,20,5,25,5,2,1
42.2,24.8,5,20,5,2,1
42.2,25.8,5,24,0,2,1
42.2,24.8,5,25,0,2,1
42.4,25.6,5,24,0,2,1
42.4,24.6,5,25,0,2,1
41,21,5,5,24,3,1
41,22,5,6,22,3,1
41,21,5,6,23,3,1
41,20,5,6,24,3,1
41,21,5,7,22,3,1
41,20,5,7,23,3,1
41,22,5,8,20,3,1
41,21,5,8,21,3,1
41,20,5,8,22,3,1
41,22,5,9,19,3,1
41,21,5,9,20,3,1
41,20,5,9,21,3,1
41,21,5,10,19,3,1
41,20,5,10,20,3,1
41,22,5,11,17,3,1
41,21,5,11,18,3,1
41,20,5,11,19,3,1
41,22,5,12,16,3,1
41,21,5,12,17,3,1
41,20,5,12,18,3,1
41,22,5,13,15,3,1
41,21,5,13,16,3,1
41,20,5,13,17,3,1
41,22,5,14,14,3,1
41,21,5,14,15,3,1
41,20,5,14,16,3,1
41,22,5,15,13,3,1
41,21,5,15,14,3,1
41,20,5,15,15,3,1
41,23,5,16,11,3,1
41,22,5,16,12,3,1
41,21,5,16,13,3,1
41,20,5,16,14,3,1
41,23,5,17,10,3,1
41,22,5,17,11,3,1
41,21,5,17,12,3,1
41,20,5,17,13,3,1
41,23,5,18,9,3,1
41,22,5,18,10,3,1
41,21,5,18,11,3,1
41,20,5,18,12,3,1
41,23,5,19,8,3,1
41,22,5,19,9,3,1
41,21,5,19,10,3,1
41,20,5,19,11,3,1
41,23,5,20,7,3,1
41,22,5,20,8,3,1
41,21,5,20,9,3,1
41,20,5,20,10,3,1
41,23,5,21,6,3,1
41,22,5,21,7,3,1
41,21,5,21,8,3,1
41,20,5,21,9,3,1
41,23,5,22,5,3,1
41,22,5,22,6,3,1
41,21,5,22,7,3,1
41,20,5,22,8,3,1
41,22,5,23,5,3,1
41,21,5,23,6,3,1
41,20,5,23,7,3,1
41,26,5,24,0,3,1
41,21,5,24,5,3,1
41,20,5,24,6,3,1
41,25,5,25,0,3,1
41,20,5,25,5,3,1
41.2,24.8,5,25,0,3,1
41.4,24.6,5,25,0,3,1
40,20,5,8,22,4,1
40,20,5,9,21,4,1
40,20,5,10,20,4,1
40,20,5,11,19,4,1
40,21,5,12,17,4,1
40,20,5,12,18,4,1
40,21,5,13,16,4,1
40,20,5,13,17,4,1
40,22,5,14,14,4,1
40,21,5,14,15,4,1
40,20,5,14,16,4,1
40,22,5,15,13,4,1
40,21,5,15,14,4,1
40,20,5,15,15,4,1
40,22,5,16,12,4,1
40,21,5,16,13,4,1
40,20,5,16,14,4,1
40,22,5,17,11,4,1
40,21,5,17,12,4,1
40,20,5,17,13,4,1
40,22,5,18,10,4,1
40,21,5,18,11,4,1
40,20,5,18,12,4,1
40,22,5,19,9,4,1
40,21,5,19,10,4,1
40,20,5,19,11,4,1
40,22,5,20,8,4,1
40,21,5,20,9,4,1
40,20,5,20,10,4,1
40,22,5,21,7,4,1
40,21,5,21,8,4,1
40,20,5,21,9,4,1
40,22,5,22,6,4,1
40,21,5,22,7,4,1
40,20,5,22,8,4,1
40,22,5,23,5,4,1
40,21,5,23,6,4,1
40,20,5,23,7,4,1
40,21,5,24,5,4,1
40,20,5,24,6,4,1
40,25,5,25,0,4,1
40,20,5,25,5,4,1
40.4,24.6,5,25,0,4,1
39,20,5,13,17,5,1
39,21,5,14,15,5,1
39,20,5,14,16,5,1
39,21,5,15,14,5,1
39,20,5,15,15,5,1
39,22,5,16,12,5,1
39,21,5,16,13,5,1
39,20,5,16,14,5,1
39,21,5,17,12,5,1
39,20,5,17,13,5,1
39,22,5,18,10,5,1
39,21,5,18,11,5,1
39,20,5,18,12,5,1
39,22,5,19,9,5,1
39,21,5,19,10,5,1
39,20,5,19,11,5,1
39,22,5,20,8,5,1
39,21,5,20,9,5,1
39,20,5,20,10,5,1
39,22,5,21,7,5,1
39,21,5,21,8,5,1
39,20,5,21,9,5,1
39,22,5,22,6,5,1
39,21,5,22,7,5,1
39,20,5,22,8,5,1
39,22,5,23,5,5,1
39,21,5,23,6,5,1
39,20,5,23,7,5,1
39,21,5,24,5,5,1
39,20,5,24,6,5,1
39,20,5,25,5,5,1
38,20,5,12,18,6,1
38,20,5,13,17,6,1
38,20,5,14,16,6,1
38,20,5,15,15,6,1
38,21,5,19,10,6,1
38,20,5,19,11,6,1
38,21,5,20,9,6,1
38,20,5,20,10,6,1
38,21,5,21,8,6,1
38,20,5,21,9,6,1
38,21,5,22,7,6,1
38,20,5,22,8,6,1
38,22,5,23,5,6,1
38,21,5,23,6,6,1
38,20,5,23,7,6,1
38,21,5,24,5,6,1
38,20,5,24,6,6,1
38,20,5,25,5,6,1
37,20,5,20,10,7,1
37,20,5,21,9,7,1
37,20,5,22,8,7,1
37,20,5,23,7,7,1
37,21,5,24,5,7,1
37,20,5,24,6,7,1
37,20,5,25,5,7,1
36,20,5,21,9,8,1
36,20,5,22,8,8,1
36,20,5,23,7,8,1
36,21,5,24,5,8,1
36,20,5,24,6,8,1
36,20,5,25,5,8,1
34,20,5,25,5,10,1
33,20,5,24,6,11,1
33,20,5,25,5,11,1
32,20,5,25,5,12,1
43,20,6,5,25,0,1
43,21,6,6,23,0,1
43,20,6,6,24,0,1
43,22,6,7,21,0,1
43,21,6,7,22,0,1
43,20,6,7,23,0,1
43,22,6,8,20,0,1
43,21,6,8,21,0,1
43,20,6,8,22,0,1
43,22,6,9,19,0,1
43,21,6,9,20,0,1
43,20,6,9,21,0,1
43,22,6,10,18,0,1
43,21,6,10,19,0,1
43,20,6,10,20,0,1
43,22,6,11,17,0,1
43,21,6,11,18,0,1
43,20,6,11,19,0,1
43,23,6,12,15,0,1
43,22,6,12,16,0,1
43,21,6,12,17,0,1
43,20,6,12,18,0,1
43,23,6,13,14,0,1
43,22,6,13,15,0,1
43,21,6,13,16,0,1
43,20,6,13,17,0,1
43,23,6,14,13,0,1
43,22,6,14,14,0,1
43,21,6,14,15,0,1
43,20,6,14,16,0,1
43,23,6,15,12,0,1
43,22,6,15,13,0,1
43,21,6,15,14,0,1
43,20,6,15,15,0,1
43,24,6,16,10,0,1
43,23,6,16,11,0,1
43,22,6,16,12,0,1
43,21,6,16,13,0,1
43,20,6,16,14,0,1
43,24,6,17,9,0,1
43,23,6,17,10,0,1
43,22,6,17,11,0,1
43,21,6,17,12,0,1
43,20,6,17,13,0,1
43,24,6,18,8,0,1
43,23,6,18,9,0,1
43,22,6,18,10,0,1
43,21,6,18,11,0,1
43,20,6,18,12,0,1
43,25,6,19,6,0,1
43,24,6,19,7,0,1
43,23,6,19,8,0,1
43,22,6,19,9,0,1
43,21,6,19,10,0,1
43,20,6,19,11,0,1
43,25,6,20,5,0,1
43,24,6,20,6,0,1
43,23,6,20,7,0,1
43,22,6,20,8,0,1
43,21,6,20,9,0,1
43,20,6,20,10,0,1
43,24,6,21,5,0,1
43,23,6,21,6,0,1
43,22,6,21,7,0,1
43,21,6,21,8,0,1
43,20,6,21,9,0,1
43,23,6,22,5,0,1
43,22,6,22,6,0,1
43,21,6,22,7,0,1
43,20,6,22,8,0,1
43,22,6,23,5,0,1
43,21,6,23,6,0,1
43,20,6,23,7,0,1
43,26,6,24,0,0,1
43,21,6,24,5,0,1
43,20,6,24,6,0,1
43,25,6,25,0,0,1
43,20,6,25,5,0,1
43.2,24.8,6,20,5,0,1
43.2,24.8,6,25,0,0,1
43.4,24.6,6,25,0,0,1
42,22,6,5,23,1,1
42,21,6,5,24,1,1
42,20,6,5,25,1,1
42,22,6,6,22,1,1
42,21,6,6,23,1,1
42,20,6,6,24,1,1
42,22,6,7,21,1,1
42,21,6,7,22,1,1
42,20,6,7,23,1,1
42,22,6,8,20,1,1
42,21,6,8,21,1,1
42,20,6,8,22,1,1
42,22,6,9,19,1,1
42,21,6,9,20,1,1
42,20,6,9,21,1,1
42,22,6,10,18,1,1
42,21,6,10,19,1,1
42,20,6,10,20,1,1
42,22,6,11,17,1,1
42,21,6,11,18,1,1
42,20,6,11,19,1,1
42,23,6,12,15,1,1
42,22,6,12,16,1,1
42,21,6,12,17,1,1
42,20,6,12,18,1,1
42,23,6,13,14,1,1
42,22,6,13,15,1,1
42,21,6,13,16,1,1
42,20,6,13,17,1,1
42,23,6,14,13,1,1
42,22,6,14,14,1,1
42,21,6,14,15,1,1
42,20,6,14,16,1,1
42,24,6,15,11,1,1
42,23,6,15,12,1,1
42,22,6,15,13,1,1
42,21,6,15,14,1,1
42,20,6,15,15,1,1
42,24,6,16,10,1,1
42,23,6,16,11,1,1
42,22,6,16,12,1,1
42,21,6,16,13,1,1
42,20,6,16,14,1,1
42,24,6,17,9,1,1
42,23,6,17,10,1,1
42,22,6,17,11,1,1
42,21,6,17,12,1,1
42,20,6,17,13,1,1
42,25,6,18,7,1,1
42,24,6,18,8,1,1
42,23,6,18,9,1,1
42,22,6,18,10,1,1
42,21,6,18,11,1,1
42,20,6,18,12,1,1
42,25,6,19,6,1,1
42,24,6,19,7,1,1
42,23,6,19,8,1,1
42,22,6,19,9,1,1
42,21,6,19,10,1,1
42,20,6,19,11,1,1
42,25,6,20,5,1,1
42,24,6,20,6,1,1
42,23,6,20,7,1,1
42,22,6,20,8,1,1
42,21,6,20,9,1,1
42,20,6,20,10,1,1
42,24,6,21,5,1,1
42,23,6,21,6,1,1
42,22,6,21,7,1,1
42,21,6,21,8,1,1
42,20,6,21,9,1,1
42,23,6,22,5,1,1
42,22,6,22,6,1,1
42,21,6,22,7,1,1
42,20,6,22,8,1,1
42,22,6,23,5,1,1
42,21,6,23,6,1,1
42,20,6,23,7,1,1
42,26,6,24,0,1,1
42,21,6,24,5,1,1
42,20,6,24,6,1,1
42,25,6,25,0,1,1
42,20,6,25,5,1,1
42.2,25.8,6,24,0,1,1
42.2,24.8,6,25,0,1,1
42.4,25.6,6,24,0,1,1
42.4,24.6,6,25,0,1,1
41,22,6,5,23,2,1
41,21,6,5,24,2,1
41,20,6,5,25,2,1
41,22,6,6,22,2,1
41,21,6,6,23,2,1
41,20,6,6,24,2,1
41,22,6,7,21,2,1
41,21,6,7,22,2,1
41,20,6,7,23,2,1
41,22,6,8,20,2,1
41,21,6,8,21,2,1
41,20,6,8,22,2,1
41,22,6,9,19,2,1
41,21,6,9,20,2,1
41,20,6,9,21,2,1
41,22,6,10,18,2,1
41,21,6,10,19,2,1
41,20,6,10,20,2,1
41,22,6,11,17,2,1
41,21,6,11,18,2,1
41,20,6,11,19,2,1
41,22,6,12,16,2,1
41,21,6,12,17,2,1
41,20,6,12,18,2,1
41,22,6,13,15,2,1
41,21,6,13,16,2,1
41,20,6,13,17,2,1
41,23,6,14,13,2,1
41,22,6,14,14,2,1
41,21,6,14,15,2,1
41,20,6,14,16,2,1
41,23,6,15,12,2,1
41,22,6,15,13,2,1
41,21,6,15,14,2,1
41,20,6,15,15,2,1
41,23,6,16,11,2,1
41,22,6,16,12,2,1
41,21,6,16,13,2,1
41,20,6,16,14,2,1
41,23,6,17,10,2,1
41,22,6,17,11,2,1
41,21,6,17,12,2,1
41,20,6,17,13,2,1
41,23,6,18,9,2,1
41,22,6,18,10,2,1
41,21,6,18,11,2,1
41,20,6,18,12,2,1
41,24,6,19,7,2,1
41,23,6,19,8,2,1
41,22,6,19,9,2,1
41,21,6,19,10,2,1
41,20,6,19,11,2,1
41,25,6,20,5,2,1
41,24,6,20,6,2,1
41,23,6,20,7,2,1
41,22,6,20,8,2,1
41,21,6,20,9,2,1
41,20,6,20,10,2,1
41,24,6,21,5,2,1
41,23,6,21,6,2,1
41,22,6,21,7,2,1
41,21,6,21,8,2,1
41,20,6,21,9,2,1
41,23,6,22,5,2,1
41,22,6,22,6,2,1
41,21,6,22,7,2,1
41,20,6,22,8,2,1
41,22,6,23,5,2,1
41,21,6,23,6,2,1
41,20,6,23,7,2,1
41,26,6,24,0,2,1
41,21,6,24,5,2,1
41,20,6,24,6,2,1
41,25,6,25,0,2,1
41,20,6,25,5,2,1
41.2,25.8,6,24,0,2,1
41.2,24.8,6,25,0,2,1
41.4,25.6,6,24,0,2,1
41.4,24.6,6,25,0,2,1
40,21,6,5,24,3,1
40,20,6,5,25,3,1
40,21,6,6,23,3,1
40,20,6,6,24,3,1
40,21,6,7,22,3,1
40,20,6,7,23,3,1
40,21,6,8,21,3,1
40,20,6,8,22,3,1
40,21,6,9,20,3,1
40,20,6,9,21,3,1
40,21,6,10,19,3,1
40,20,6,10,20,3,1
40,21,6,11,18,3,1
40,20,6,11,19,3,1
40,22,6,12,16,3,1
40,21,6,12,17,3,1
40,20,6,12,18,3,1
40,22,6,13,15,3,1
40,21,6,13,16,3,1
40,20,6,13,17,3,1
40,22,6,14,14,3,1
40,21,6,14,15,3,1
40,20,6,14,16,3,1
40,22,6,15,13,3,1
40,21,6,15,14,3,1
40,20,6,15,15,3,1
40,22,6,16,12,3,1
40,21,6,16,13,3,1
40,20,6,16,14,3,1
40,22,6,17,11,3,1
40,21,6,17,12,3,1
40,20,6,17,13,3,1
40,22,6,18,10,3,1
40,21,6,18,11,3,1
40,20,6,18,12,3,1
40,23,6,19,8,3,1
40,22,6,19,9,3,1
40,21,6,19,10,3,1
40,20,6,19,11,3,1
40,24,6,20,6,3,1
40,23,6,20,7,3,1
40,22,6,20,8,3,1
40,21,6,20,9,3,1
40,20,6,20,10,3,1
40,24,6,21,5,3,1
40,23,6,21,6,3,1
40,22,6,21,7,3,1
40,21,6,21,8,3,1
40,20,6,21,9,3,1
40,23,6,22,5,3,1
40,22,6,22,6,3,1
40,21,6,22,7,3,1
40,20,6,22,8,3,1
40,22,6,23,5,3,1
40,21,6,23,6,3,1
40,20,6,23,7,3,1
40,21,6,24,5,3,1
40,20,6,24,6,3,1
40,25,6,25,0,3,1
40,20,6,25,5,3,1
40.4,24.6,6,25,0,3,1
39,20,6,5,25,4,1
39,21,6,6,23,4,1
39,20,6,6,24,4,1
39,20,6,7,23,4,1
39,21,6,8,21,4,1
39,20,6,8,22,4,1
39,21,6,9,20,4,1
39,20,6,9,21,4,1
39,21,6,10,19,4,1
39,20,6,10,20,4,1
39,21,6,11,18,4,1
39,20,6,11,19,4,1
39,21,6,12,17,4,1
39,20,6,12,18,4,1
39,22,6,13,15,4,1
39,21,6,13,16,4,1
39,20,6,13,17,4,1
39,22,6,14,14,4,1
39,21,6,14,15,4,1
39,20,6,14,16,4,1
39,22,6,15,13,4,1
39,21,6,15,14,4,1
39,20,6,15,15,4,1
39,22,6,16,12,4,1
39,21,6,16,13,4,1
39,20,6,16,14,4,1
39,22,6,17,11,4,1
39,21,6,17,12,4,1
39,20,6,17,13,4,1
39,22,6,18,10,4,1
39,21,6,18,11,4,1
39,20,6,18,12,4,1
39,22,6,19,9,4,1
39,21,6,19,10,4,1
39,20,6,19,11,4,1
39,23,6,20,7,4,1
39,22,6,20,8,4,1
39,21,6,20,9,4,1
39,20,6,20,10,4,1
39,22,6,21,7,4,1
39,21,6,21,8,4,1
39,20,6,21,9,4,1
39,23,6,22,5,4,1
39,22,6,22,6,4,1
39,21,6,22,7,4,1
39,20,6,22,8,4,1
39,22,6,23,5,4,1
39,21,6,23,6,4,1
39,20,6,23,7,4,1
39,21,6,24,5,4,1
39,20,6,24,6,4,1
39,20,6,25,5,4,1
38,20,6,9,21,5,1
38,20,6,10,20,5,1
38,20,6,11,19,5,1
38,21,6,12,17,5,1
38,20,6,12,18,5,1
38,21,6,13,16,5,1
38,20,6,13,17,5,1
38,21,6,14,15,5,1
38,20,6,14,16,5,1
38,21,6,15,14,5,1
38,20,6,15,15,5,1
38,21,6,16,13,5,1
38,20,6,16,14,5,1
38,21,6,17,12,5,1
38,21,6,18,11,5,1
38,21,6,19,10,5,1
38,20,6,19,11,5,1
38,22,6,20,8,5,1
38,21,6,20,9,5,1
38,20,6,20,10,5,1
38,22,6,21,7,5,1
38,21,6,21,8,5,1
38,20,6,21,9,5,1
38,22,6,22,6,5,1
38,21,6,22,7,5,1
38,20,6,22,8,5,1
38,22,6,23,5,5,1
38,21,6,23,6,5,1
38,20,6,23,7,5,1
38,21,6,24,5,5,1
38,20,6,24,6,5,1
38,20,6,25,5,5,1
37,20,6,10,20,6,1
37,20,6,11,19,6,1
37,20,6,12,18,6,1
37,21,6,19,10,6,1
37,21,6,20,9,6,1
37,20,6,20,10,6,1
37,21,6,21,8,6,1
37,20,6,21,9,6,1
37,21,6,22,7,6,1
37,20,6,22,8,6,1
37,21,6,23,6,6,1
37,20,6,23,7,6,1
37,21,6,24,5,6,1
37,20,6,24,6,6,1
37,20,6,25,5,6,1
36,20,6,23,7,7,1
36,21,6,24,5,7,1
36,20,6,24,6,7,1
36,20,6,25,5,7,1
42,21,7,5,24,0,1
42,20,7,5,25,0,1
42,21,7,6,23,0,1
42,20,7,6,24,0,1
42,21,7,7,22,0,1
42,20,7,7,23,0,1
42,22,7,8,20,0,1
42,21,7,8,21,0,1
42,20,7,8,22,0,1
42,22,7,9,19,0,1
42,21,7,9,20,0,1
42,20,7,9,21,0,1
42,22,7,10,18,0,1
42,21,7,10,19,0,1
42,20,7,10,20,0,1
42,22,7,11,17,0,1
42,21,7,11,18,0,1
42,20,7,11,19,0,1
42,23,7,12,15,0,1
42,22,7,12,16,0,1
42,21,7,12,17,0,1
42,20,7,12,18,0,1
42,23,7,13,14,0,1
42,22,7,13,15,0,1
42,21,7,13,16,0,1
42,20,7,13,17,0,1
42,23,7,14,13,0,1
42,22,7,14,14,0,1
42,21,7,14,15,0,1
42,20,7,14,16,0,1
42,23,7,15,12,0,1
42,22,7,15,13,0,1
42,21,7,15,14,0,1
42,20,7,15,15,0,1
42,24,7,16,10,0,1
42,23,7,16,11,0,1
42,22,7,16,12,0,1
42,21,7,16,13,0,1
42,20,7,16,14,0,1
42,24,7,17,9,0,1
42,23,7,17,10,0,1
42,22,7,17,11,0,1
42,21,7,17,12,0,1
42,20,7,17,13,0,1
42,24,7,18,8,0,1
42,23,7,18,9,0,1
42,22,7,18,10,0,1
42,21,7,18,11,0,1
42,20,7,18,12,0,1
42,24,7,19,7,0,1
42,23,7,19,8,0,1
42,22,7,19,9,0,1
42,21,7,19,10,0,1
42,20,7,19,11,0,1
42,24,7,20,6,0,1
42,23,7,20,7,0,1
42,22,7,20,8,0,1
42,21,7,20,9,0,1
42,20,7,20,10,0,1
42,24,7,21,5,0,1
42,23,7,21,6,0,1
42,22,7,21,7,0,1
42,21,7,21,8,0,1
42,20,7,21,9,0,1
42,23,7,22,5,0,1
42,22,7,22,6,0,1
42,21,7,22,7,0,1
42,20,7,22,8,0,1
42,22,7,23,5,0,1
42,21,7,23,6,0,1
42,20,7,23,7,0,1
42,21,7,24,5,0,1
42,20,7,24,6,0,1
42,25,7,25,0,0,1
42,20,7,25,5,0,1
42.2,24.8,7,25,0,0,1
42.4,24.6,7,25,0,0,1
41,21,7,5,24,1,1
41,20,7,5,25,1,1
41,22,7,6,22,1,1
41,21,7,6,23,1,1
41,20,7,6,24,1,1
41,22,7,7,21,1,1
41,21,7,7,22,1,1
41,20,7,7,23,1,1
41,22,7,8,20,1,1
41,21,7,8,21,1,1
41,20,7,8,22,1,1
41,22,7,9,19,1,1
41,21,7,9,20,1,1
41,20,7,9,21,1,1
41,22,7,10,18,1,1
41,21,7,10,19,1,1
41,20,7,10,20,1,1
41,22,7,11,17,1,1
41,21,7,11,18,1,1
41,20,7,11,19,1,1
41,23,7,12,15,1,1
41,22,7,12,16,1,1
41,21,7,12,17,1,1
41,20,7,12,18,1,1
41,23,7,13,14,1,1
41,22,7,13,15,1,1
41,21,7,13,16,1,1
41,20,7,13,17,1,1
41,23,7,14,13,1,1
41,22,7,14,14,1,1
41,21,7,14,15,1,1
41,20,7,14,16,1,1
41,23,7,15,12,1,1
41,22,7,15,13,1,1
41,21,7,15,14,1,1
41,20,7,15,15,1,1
41,24,7,16,10,1,1
41,23,7,16,11,1,1
41,22,7,16,12,1,1
41,21,7,16,13,1,1
41,20,7,16,14,1,1
41,23,7,17,10,1,1
41,22,7,17,11,1,1
41,21,7,17,12,1,1
41,20,7,17,13,1,1
41,24,7,18,8,1,1
41,23,7,18,9,1,1
41,22,7,18,10,1,1
41,21,7,18,11,1,1
41,20,7,18,12,1,1
41,24,7,19,7,1,1
41,23,7,19,8,1,1
41,22,7,19,9,1,1
41,21,7,19,10,1,1
41,20,7,19,11,1,1
41,25,7,20,5,1,1
41,24,7,20,6,1,1
41,23,7,20,7,1,1
41,22,7,20,8,1,1
41,21,7,20,9,1,1
41,20,7,20,10,1,1
41,24,7,21,5,1,1
41,23,7,21,6,1,1
41,22,7,21,7,1,1
41,21,7,21,8,1,1
41,20,7,21,9,1,1
41,23,7,22,5,1,1
41,22,7,22,6,1,1
41,21,7,22,7,1,1
41,20,7,22,8,1,1
41,22,7,23,5,1,1
41,21,7,23,6,1,1
41,20,7,23,7,1,1
41,26,7,24,0,1,1
41,21,7,24,5,1,1
41,20,7,24,6,1,1
41,25,7,25,0,1,1
41,20,7,25,5,1,1
41.2,25.8,7,24,0,1,1
41.2,24.8,7,25,0,1,1
40,21,7,5,24,2,1
40,20,7,5,25,2,1
40,21,7,6,23,2,1
40,20,7,6,24,2,1
40,21,7,7,22,2,1
40,20,7,7,23,2,1
40,21,7,8,21,2,1
40,20,7,8,22,2,1
40,21,7,9,20,2,1
40,20,7,9,21,2,1
40,22,7,10,18,2,1
40,21,7,10,19,2,1
40,20,7,10,20,2,1
40,22,7,11,17,2,1
40,21,7,11,18,2,1
40,20,7,11,19,2,1
40,22,7,12,16,2,1
40,21,7,12,17,2,1
40,20,7,12,18,2,1
40,22,7,13,15,2,1
40,21,7,13,16,2,1
40,20,7,13,17,2,1
40,22,7,14,14,2,1
40,21,7,14,15,2,1
40,20,7,14,16,2,1
40,23,7,15,12,2,1
40,22,7,15,13,2,1
40,21,7,15,14,2,1
40,20,7,15,15,2,1
40,23,7,16,11,2,1
40,22,7,16,12,2,1
40,21,7,16,13,2,1
40,20,7,16,14,2,1
40,23,7,17,10,2,1
40,22,7,17,11,2,1
40,21,7,17,12,2,1
40,20,7,17,13,2,1
40,23,7,18,9,2,1
40,22,7,18,10,2,1
40,21,7,18,11,2,1
40,20,7,18,12,2,1
40,24,7,19,7,2,1
40,23,7,19,8,2,1
40,22,7,19,9,2,1
40,21,7,19,10,2,1
40,20,7,19,11,2,1
40,25,7,20,5,2,1
40,24,7,20,6,2,1
40,23,7,20,7,2,1
40,22,7,20,8,2,1
40,21,7,20,9,2,1
40,20,7,20,10,2,1
40,24,7,21,5,2,1
40,23,7,21,6,2,1
40,22,7,21,7,2,1
40,21,7,21,8,2,1
40,20,7,21,9,2,1
40,23,7,22,5,2,1
40,22,7,22,6,2,1
40,21,7,22,7,2,1
40,20,7,22,8,2,1
40,22,7,23,5,2,1
40,21,7,23,6,2,1
40,20,7,23,7,2,1
40,21,7,24,5,2,1
40,20,7,24,6,2,1
40,25,7,25,0,2,1
40,20,7,25,5,2,1
40.2,25.8,7,24,0,2,1
39,20,7,5,25,3,1
39,20,7,6,24,3,1
39,20,7,7,23,3,1
39,21,7,8,21,3,1
39,20,7,8,22,3,1
39,21,7,9,20,3,1
39,20,7,9,21,3,1
39,21,7,10,19,3,1
39,20,7,10,20,3,1
39,21,7,11,18,3,1
39,20,7,11,19,3,1
39,22,7,12,16,3,1
39,21,7,12,17,3,1
39,20,7,12,18,3,1
39,22,7,13,15,3,1
39,21,7,13,16,3,1
39,20,7,13,17,3,1
39,22,7,14,14,3,1
39,21,7,14,15,3,1
39,20,7,14,16,3,1
39,22,7,15,13,3,1
39,21,7,15,14,3,1
39,20,7,15,15,3,1
39,22,7,16,12,3,1
39,21,7,16,13,3,1
39,20,7,16,14,3,1
39,22,7,17,11,3,1
39,21,7,17,12,3,1
39,20,7,17,13,3,1
39,22,7,18,10,3,1
39,21,7,18,11,3,1
39,20,7,18,12,3,1
39,22,7,19,9,3,1
39,21,7,19,10,3,1
39,20,7,19,11,3,1
39,24,7,20,6,3,1
39,23,7,20,7,3,1
39,22,7,20,8,3,1
39,21,7,20,9,3,1
39,20,7,20,10,3,1
39,24,7,21,5,3,1
39,23,7,21,6,3,1
39,22,7,21,7,3,1
39,21,7,21,8,3,1
39,20,7,21,9,3,1
39,23,7,22,5,3,1
39,22,7,22,6,3,1
39,21,7,22,7,3,1
39,20,7,22,8,3,1
39,22,7,23,5,3,1
39,21,7,23,6,3,1
39,20,7,23,7,3,1
39,21,7,24,5,3,1
39,20,7,24,6,3,1
39,25,7,25,0,3,1
39,20,7,25,5,3,1
38,20,7,5,25,4,1
38,20,7,6,24,4,1
38,20,7,7,23,4,1
38,20,7,8,22,4,1
38,20,7,9,21,4,1
38,21,7,10,19,4,1
38,20,7,10,20,4,1
38,21,7,11,18,4,1
38,20,7,11,19,4,1
38,21,7,12,17,4,1
38,20,7,12,18,4,1
38,21,7,13,16,4,1
38,20,7,13,17,4,1
38,21,7,14,15,4,1
38,20,7,14,16,4,1
38,22,7,15,13,4,1
38,21,7,15,14,4,1
38,20,7,15,15,4,1
38,21,7,16,13,4,1
38,20,7,16,14,4,1
38,21,7,17,12,4,1
38,20,7,17,13,4,1
38,20,7,18,12,4,1
38,23,7,21,6,4,1
38,23,7,22,5,4,1
38,22,7,23,5,4,1
37,20,7,6,24,5,1
37,20,7,7,23,5,1
37,20,7,8,22,5,1
37,20,7,9,21,5,1
37,20,7,10,20,5,1
37,21,7,11,18,5,1
37,20,7,11,19,5,1
37,21,7,12,17,5,1
37,20,7,12,18,5,1
37,20,7,13,17,5,1
36,20,7,7,23,6,1
36,20,7,9,21,6,1
36,20,7,10,20,6,1
41,20,8,5,25,0,1
41,21,8,6,23,0,1
41,20,8,6,24,0,1
41,21,8,7,22,0,1
41,20,8,7,23,0,1
41,22,8,8,20,0,1
41,21,8,8,21,0,1
41,20,8,8,22,0,1
41,22,8,9,19,0,1
41,21,8,9,20,0,1
41,20,8,9,21,0,1
41,22,8,10,18,0,1
41,21,8,10,19,0,1
41,20,8,10,20,0,1
41,22,8,11,17,0,1
41,21,8,11,18,0,1
41,20,8,11,19,0,1
41,23,8,12,15,0,1
41,22,8,12,16,0,1
41,21,8,12,17,0,1
41,20,8,12,18,0,1
41,23,8,13,14,0,1
41,22,8,13,15,0,1
41,21,8,13,16,0,1
41,20,8,13,17,0,1
41,23,8,14,13,0,1
41,22,8,14,14,0,1
41,21,8,14,15,0,1
41,20,8,14,16,0,1
41,23,8,15,12,0,1
41,22,8,15,13,0,1
41,21,8,15,14,0,1
41,20,8,15,15,0,1
41,24,8,16,10,0,1
41,23,8,16,11,0,1
41,22,8,16,12,0,1
41,21,8,16,13,0,1
41,20,8,16,14,0,1
41,23,8,17,10,0,1
41,22,8,17,11,0,1
41,21,8,17,12,0,1
41,20,8,17,13,0,1
41,24,8,18,8,0,1
41,23,8,18,9,0,1
41,22,8,18,10,0,1
41,21,8,18,11,0,1
41,20,8,18,12,0,1
41,24,8,19,7,0,1
41,23,8,19,8,0,1
41,22,8,19,9,0,1
41,21,8,19,10,0,1
41,20,8,19,11,0,1
41,24,8,20,6,0,1
41,23,8,20,7,0,1
41,22,8,20,8,0,1
41,21,8,20,9,0,1
41,20,8,20,10,0,1
41,24,8,21,5,0,1
41,23,8,21,6,0,1
41,22,8,21,7,0,1
41,21,8,21,8,0,1
41,20,8,21,9,0,1
41,23,8,22,5,0,1
41,22,8,22,6,0,1
41,21,8,22,7,0,1
41,20,8,22,8,0,1
41,22,8,23,5,0,1
41,21,8,23,6,0,1
41,20,8,23,7,0,1
41,21,8,24,5,0,1
41,20,8,24,6,0,1
41,25,8,25,0,0,1
41,20,8,25,5,0,1
41.2,24.8,8,25,0,0,1
40,21,8,5,24,1,1
40,20,8,5,25,1,1
40,21,8,6,23,1,1
40,20,8,6,24,1,1
40,22,8,7,21,1,1
40,21,8,7,22,1,1
40,20,8,7,23,1,1
40,22,8,8,20,1,1
40,21,8,8,21,1,1
40,20,8,8,22,1,1
40,22,8,9,19,1,1
40,21,8,9,20,1,1
40,20,8,9,21,1,1
40,22,8,10,18,1,1
40,21,8,10,19,1,1
40,20,8,10,20,1,1
40,22,8,11,17,1,1
40,21,8,11,18,1,1
40,20,8,11,19,1,1
40,23,8,12,15,1,1
40,22,8,12,16,1,1
40,21,8,12,17,1,1
40,20,8,12,18,1,1
40,23,8,13,14,1,1
40,22,8,13,15,1,1
40,21,8,13,16,1,1
40,20,8,13,17,1,1
40,23,8,14,13,1,1
40,22,8,14,14,1,1
40,21,8,14,15,1,1
40,20,8,14,16,1,1
40,23,8,15,12,1,1
40,22,8,15,13,1,1
40,21,8,15,14,1,1
40,20,8,15,15,1,1
40,23,8,16,11,1,1
40,22,8,16,12,1,1
40,21,8,16,13,1,1
40,20,8,16,14,1,1
40,23,8,17,10,1,1
40,22,8,17,11,1,1
40,21,8,17,12,1,1
40,20,8,17,13,1,1
40,24,8,18,8,1,1
40,23,8,18,9,1,1
40,22,8,18,10,1,1
40,21,8,18,11,1,1
40,20,8,18,12,1,1
40,24,8,19,7,1,1
40,23,8,19,8,1,1
40,22,8,19,9,1,1
40,21,8,19,10,1,1
40,20,8,19,11,1,1
40,25,8,20,5,1,1
40,24,8,20,6,1,1
40,23,8,20,7,1,1
40,22,8,20,8,1,1
40,21,8,20,9,1,1
40,20,8,20,10,1,1
40,24,8,21,5,1,1
40,23,8,21,6,1,1
40,22,8,21,7,1,1
40,21,8,21,8,1,1
40,20,8,21,9,1,1
40,23,8,22,5,1,1
40,22,8,22,6,1,1
40,21,8,22,7,1,1
40,20,8,22,8,1,1
40,22,8,23,5,1,1
40,21,8,23,6,1,1
40,20,8,23,7,1,1
40,26,8,24,0,1,1
40,21,8,24,5,1,1
40,20,8,24,6,1,1
40,25,8,25,0,1,1
40,20,8,25,5,1,1
40.2,24.8,8,25,0,1,1
39,20,8,5,25,2,1
39,21,8,6,23,2,1
39,20,8,6,24,2,1
39,21,8,7,22,2,1
39,20,8,7,23,2,1
39,21,8,8,21,2,1
39,20,8,8,22,2,1
39,21,8,9,20,2,1
39,20,8,9,21,2,1
39,22,8,10,18,2,1
39,21,8,10,19,2,1
39,20,8,10,20,2,1
39,22,8,11,17,2,1
39,21,8,11,18,2,1
39,20,8,11,19,2,1
39,22,8,12,16,2,1
39,21,8,12,17,2,1
39,20,8,12,18,2,1
39,22,8,13,15,2,1
39,21,8,13,16,2,1
39,20,8,13,17,2,1
39,22,8,14,14,2,1
39,21,8,14,15,2,1
39,20,8,14,16,2,1
39,23,8,15,12,2,1
39,22,8,15,13,2,1
39,21,8,15,14,2,1
39,20,8,15,15,2,1
39,23,8,16,11,2,1
39,22,8,16,12,2,1
39,21,8,16,13,2,1
39,20,8,16,14,2,1
39,23,8,17,10,2,1
39,22,8,17,11,2,1
39,21,8,17,12,2,1
39,20,8,17,13,2,1
39,23,8,18,9,2,1
39,22,8,18,10,2,1
39,21,8,18,11,2,1
39,20,8,18,12,2,1
39,24,8,19,7,2,1
39,23,8,19,8,2,1
39,22,8,19,9,2,1
39,21,8,19,10,2,1
39,20,8,19,11,2,1
39,24,8,20,6,2,1
39,23,8,20,7,2,1
39,22,8,20,8,2,1
39,21,8,20,9,2,1
39,20,8,20,10,2,1
39,24,8,21,5,2,1
39,23,8,21,6,2,1
39,22,8,21,7,2,1
39,21,8,21,8,2,1
39,20,8,21,9,2,1
39,23,8,22,5,2,1
39,22,8,22,6,2,1
39,21,8,22,7,2,1
39,20,8,22,8,2,1
39,22,8,23,5,2,1
39,21,8,23,6,2,1
39,20,8,23,7,2,1
39,21,8,24,5,2,1
39,20,8,24,6,2,1
39,25,8,25,0,2,1
39,20,8,25,5,2,1
38,20,8,5,25,3,1
38,20,8,6,24,3,1
38,20,8,7,23,3,1
38,20,8,8,22,3,1
38,20,8,9,21,3,1
38,20,8,10,20,3,1
38,21,8,11,18,3,1
38,20,8,11,19,3,1
38,21,8,12,17,3,1
38,20,8,12,18,3,1
38,22,8,13,15,3,1
38,21,8,13,16,3,1
38,20,8,13,17,3,1
38,22,8,14,14,3,1
38,21,8,14,15,3,1
38,20,8,14,16,3,1
38,22,8,15,13,3,1
38,21,8,15,14,3,1
38,20,8,15,15,3,1
38,22,8,16,12,3,1
38,21,8,16,13,3,1
38,20,8,16,14,3,1
38,21,8,17,12,3,1
38,20,8,17,13,3,1
38,20,8,18,12,3,1
37,20,8,7,23,4,1
37,20,8,8,22,4,1
37,20,8,9,21,4,1
37,20,8,10,20,4,1
37,20,8,11,19,4,1
37,21,8,12,17,4,1
37,20,8,12,18,4,1
37,21,8,13,16,4,1
37,20,8,13,17,4,1
37,20,8,14,16,4,1
36,20,8,8,22,5,1
36,20,8,9,21,5,1
36,20,8,10,20,5,1
40,20,9,5,25,0,1
40,21,9,6,23,0,1
40,20,9,6,24,0,1
40,21,9,7,22,0,1
40,20,9,7,23,0,1
40,21,9,8,21,0,1
40,20,9,8,22,0,1
40,22,9,9,19,0,1
40,21,9,9,20,0,1
40,20,9,9,21,0,1
40,22,9,10,18,0,1
40,21,9,10,19,0,1
40,20,9,10,20,0,1
40,22,9,11,17,0,1
40,21,9,11,18,0,1
40,20,9,11,19,0,1
40,22,9,12,16,0,1
40,21,9,12,17,0,1
40,20,9,12,18,0,1
40,22,9,13,15,0,1
40,21,9,13,16,0,1
40,20,9,13,17,0,1
40,23,9,14,13,0,1
40,22,9,14,14,0,1
40,21,9,14,15,0,1
40,20,9,14,16,0,1
40,23,9,15,12,0,1
40,22,9,15,13,0,1
40,21,9,15,14,0,1
40,20,9,15,15,0,1
40,23,9,16,11,0,1
40,22,9,16,12,0,1
40,21,9,16,13,0,1
40,20,9,16,14,0,1
40,23,9,17,10,0,1
40,22,9,17,11,0,1
40,21,9,17,12,0,1
40,20,9,17,13,0,1
40,23,9,18,9,0,1
40,22,9,18,10,0,1
40,21,9,18,11,0,1
40,20,9,18,12,0,1
40,23,9,19,8,0,1
40,22,9,19,9,0,1
40,21,9,19,10,0,1
40,20,9,19,11,0,1
40,23,9,20,7,0,1
40,22,9,20,8,0,1
40,21,9,20,9,0,1
40,20,9,20,10,0,1
40,24,9,21,5,0,1
40,23,9,21,6,0,1
40,22,9,21,7,0,1
40,21,9,21,8,0,1
40,20,9,21,9,0,1
40,23,9,22,5,0,1
40,22,9,22,6,0,1
40,21,9,22,7,0,1
40,20,9,22,8,0,1
40,22,9,23,5,0,1
40,21,9,23,6,0,1
40,20,9,23,7,0,1
40,21,9,24,5,0,1
40,20,9,24,6,0,1
40,25,9,25,0,0,1
40,20,9,25,5,0,1
39,21,9,5,24,1,1
39,20,9,5,25,1,1
39,21,9,6,23,1,1
39,20,9,6,24,1,1
39,22,9,7,21,1,1
39,21,9,7,22,1,1
39,20,9,7,23,1,1
39,22,9,8,20,1,1
39,21,9,8,21,1,1
39,20,9,8,22,1,1
39,22,9,9,19,1,1
39,21,9,9,20,1,1
39,20,9,9,21,1,1
39,22,9,10,18,1,1
39,21,9,10,19,1,1
39,20,9,10,20,1,1
39,22,9,11,17,1,1
39,21,9,11,18,1,1
39,20,9,11,19,1,1
39,22,9,12,16,1,1
39,21,9,12,17,1,1
39,20,9,12,18,1,1
39,22,9,13,15,1,1
39,21,9,13,16,1,1
39,20,9,13,17,1,1
39,23,9,14,13,1,1
39,22,9,14,14,1,1
39,21,9,14,15,1,1
39,20,9,14,16,1,1
39,23,9,15,12,1,1
39,22,9,15,13,1,1
39,21,9,15,14,1,1
39,20,9,15,15,1,1
39,23,9,16,11,1,1
39,22,9,16,12,1,1
39,21,9,16,13,1,1
39,20,9,16,14,1,1
39,23,9,17,10,1,1
39,22,9,17,11,1,1
39,21,9,17,12,1,1
39,20,9,17,13,1,1
39,23,9,18,9,1,1
39,22,9,18,10,1,1
39,21,9,18,11,1,1
39,20,9,18,12,1,1
39,23,9,19,8,1,1
39,22,9,19,9,1,1
39,21,9,19,10,1,1
39,20,9,19,11,1,1
39,23,9,20,7,1,1
39,22,9,20,8,1,1
39,21,9,20,9,1,1
39,20,9,20,10,1,1
39,24,9,21,5,1,1
39,23,9,21,6,1,1
39,22,9,21,7,1,1
39,21,9,21,8,1,1
39,20,9,21,9,1,1
39,23,9,22,5,1,1
39,22,9,22,6,1,1
39,21,9,22,7,1,1
39,20,9,22,8,1,1
39,22,9,23,5,1,1
39,21,9,23,6,1,1
39,20,9,23,7,1,1
39,21,9,24,5,1,1
39,20,9,24,6,1,1
39,25,9,25,0,1,1
39,20,9,25,5,1,1
38,20,9,5,25,2,1
38,21,9,6,23,2,1
38,20,9,6,24,2,1
38,21,9,7,22,2,1
38,20,9,7,23,2,1
38,21,9,8,21,2,1
38,20,9,8,22,2,1
38,21,9,9,20,2,1
38,20,9,9,21,2,1
38,21,9,10,19,2,1
38,20,9,10,20,2,1
38,21,9,11,18,2,1
38,20,9,11,19,2,1
38,22,9,12,16,2,1
38,21,9,12,17,2,1
38,20,9,12,18,2,1
38,22,9,13,15,2,1
38,21,9,13,16,2,1
38,20,9,13,17,2,1
38,22,9,14,14,2,1
38,21,9,14,15,2,1
38,20,9,14,16,2,1
38,22,9,15,13,2,1
38,21,9,15,14,2,1
38,20,9,15,15,2,1
38,23,9,16,11,2,1
38,22,9,16,12,2,1
38,21,9,16,13,2,1
38,20,9,16,14,2,1
38,23,9,17,10,2,1
38,22,9,17,11,2,1
38,21,9,17,12,2,1
38,20,9,17,13,2,1
38,23,9,18,9,2,1
38,22,9,18,10,2,1
38,21,9,18,11,2,1
38,20,9,18,12,2,1
38,21,9,19,10,2,1
38,20,9,19,11,2,1
38,20,9,20,10,2,1
38,24,9,21,5,2,1
37,20,9,8,22,3,1
37,20,9,9,21,3,1
37,20,9,10,20,3,1
37,21,9,11,18,3,1
37,20,9,11,19,3,1
37,21,9,12,17,3,1
37,20,9,12,18,3,1
37,21,9,13,16,3,1
37,20,9,13,17,3,1
37,22,9,14,14,3,1
37,21,9,14,15,3,1
37,20,9,14,16,3,1
37,21,9,15,14,3,1
37,20,9,15,15,3,1
37,20,9,16,14,3,1
36,20,9,9,21,4,1
36,20,9,10,20,4,1
36,20,9,11,19,4,1
36,20,9,12,18,4,1
39,20,10,5,25,0,1
39,20,10,6,24,0,1
39,21,10,7,22,0,1
39,20,10,7,23,0,1
39,21,10,8,21,0,1
39,20,10,8,22,0,1
39,21,10,9,20,0,1
39,20,10,9,21,0,1
39,21,10,10,19,0,1
39,20,10,10,20,0,1
39,21,10,11,18,0,1
39,20,10,11,19,0,1
39,21,10,12,17,0,1
39,20,10,12,18,0,1
39,21,10,13,16,0,1
39,20,10,13,17,0,1
39,22,10,14,14,0,1
39,21,10,14,15,0,1
39,20,10,14,16,0,1
39,22,10,15,13,0,1
39,21,10,15,14,0,1
39,20,10,15,15,0,1
39,22,10,16,12,0,1
39,21,10,16,13,0,1
39,20,10,16,14,0,1
39,22,10,17,11,0,1
39,21,10,17,12,0,1
39,20,10,17,13,0,1
39,22,10,18,10,0,1
39,21,10,18,11,0,1
39,20,10,18,12,0,1
39,22,10,19,9,0,1
39,21,10,19,10,0,1
39,20,10,19,11,0,1
39,23,10,20,7,0,1
39,22,10,20,8,0,1
39,21,10,20,9,0,1
39,20,10,20,10,0,1
39,23,10,21,6,0,1
39,22,10,21,7,0,1
39,21,10,21,8,0,1
39,20,10,21,9,0,1
39,23,10,22,5,0,1
39,22,10,22,6,0,1
39,21,10,22,7,0,1
39,20,10,22,8,0,1
39,22,10,23,5,0,1
39,21,10,23,6,0,1
39,20,10,23,7,0,1
39,21,10,24,5,0,1
39,20,10,24,6,0,1
39,20,10,25,5,0,1
38,20,10,5,25,1,1
38,21,10,6,23,1,1
38,20,10,6,24,1,1
38,21,10,7,22,1,1
38,20,10,7,23,1,1
38,21,10,8,21,1,1
38,20,10,8,22,1,1
38,21,10,9,20,1,1
38,20,10,9,21,1,1
38,22,10,10,18,1,1
38,21,10,10,19,1,1
38,20,10,10,20,1,1
38,22,10,11,17,1,1
38,21,10,11,18,1,1
38,20,10,11,19,1,1
38,22,10,12,16,1,1
38,21,10,12,17,1,1
38,20,10,12,18,1,1
38,22,10,13,15,1,1
38,21,10,13,16,1,1
38,20,10,13,17,1,1
38,22,10,14,14,1,1
38,21,10,14,15,1,1
38,20,10,14,16,1,1
38,22,10,15,13,1,1
38,21,10,15,14,1,1
38,20,10,15,15,1,1
38,22,10,16,12,1,1
38,21,10,16,13,1,1
38,20,10,16,14,1,1
38,23,10,17,10,1,1
38,22,10,17,11,1,1
38,21,10,17,12,1,1
38,20,10,17,13,1,1
38,22,10,18,10,1,1
38,21,10,18,11,1,1
38,20,10,18,12,1,1
38,23,10,19,8,1,1
38,22,10,19,9,1,1
38,21,10,19,10,1,1
38,20,10,19,11,1,1
38,23,10,20,7,1,1
38,22,10,20,8,1,1
38,21,10,20,9,1,1
38,20,10,20,10,1,1
38,23,10,21,6,1,1
38,22,10,21,7,1,1
38,21,10,21,8,1,1
38,20,10,21,9,1,1
38,23,10,22,5,1,1
38,22,10,22,6,1,1
38,21,10,22,7,1,1
38,20,10,22,8,1,1
38,22,10,23,5,1,1
38,21,10,23,6,1,1
38,20,10,23,7,1,1
38,21,10,24,5,1,1
38,20,10,24,6,1,1
38,25,10,25,0,1,1
38,20,10,25,5,1,1
37,20,10,5,25,2,1
37,20,10,6,24,2,1
37,20,10,7,23,2,1
37,21,10,8,21,2,1
37,20,10,8,22,2,1
37,21,10,9,20,2,1
37,20,10,9,21,2,1
37,21,10,10,19,2,1
37,20,10,10,20,2,1
37,21,10,11,18,2,1
37,20,10,11,19,2,1
37,21,10,12,17,2,1
37,20,10,12,18,2,1
37,21,10,13,16,2,1
37,20,10,13,17,2,1
37,21,10,14,15,2,1
37,20,10,14,16,2,1
37,21,10,15,14,2,1
37,20,10,15,15,2,1
37,21,10,16,13,2,1
37,20,10,16,14,2,1
37,21,10,17,12,2,1
37,20,10,17,13,2,1
37,20,10,18,12,2,1
36,20,10,8,22,3,1
36,20,10,9,21,3,1
36,21,10,10,19,3,1
36,20,10,10,20,3,1
36,21,10,11,18,3,1
36,20,10,11,19,3,1
36,21,10,12,17,3,1
36,20,10,12,18,3,1
36,21,10,13,16,3,1
36,20,10,13,17,3,1
36,20,10,14,16,3,1
38,20,11,5,25,0,1
38,20,11,6,24,0,1
38,20,11,7,23,0,1
38,20,11,8,22,0,1
38,20,11,9,21,0,1
38,21,11,10,19,0,1
38,20,11,10,20,0,1
38,21,11,11,18,0,1
38,20,11,11,19,0,1
38,21,11,12,17,0,1
38,20,11,12,18,0,1
38,21,11,13,16,0,1
38,20,11,13,17,0,1
38,21,11,14,15,0,1
38,20,11,14,16,0,1
38,21,11,15,14,0,1
38,20,11,15,15,0,1
38,21,11,16,13,0,1
38,20,11,16,14,0,1
38,22,11,17,11,0,1
38,21,11,17,12,0,1
38,20,11,17,13,0,1
38,22,11,18,10,0,1
38,21,11,18,11,0,1
38,20,11,18,12,0,1
38,22,11,19,9,0,1
38,21,11,19,10,0,1
38,20,11,19,11,0,1
38,22,11,20,8,0,1
38,21,11,20,9,0,1
38,20,11,20,10,0,1
38,23,11,21,6,0,1
38,22,11,21,7,0,1
38,21,11,21,8,0,1
38,20,11,21,9,0,1
38,23,11,22,5,0,1
38,22,11,22,6,0,1
38,21,11,22,7,0,1
38,20,11,22,8,0,1
38,22,11,23,5,0,1
38,21,11,23,6,0,1
38,20,11,23,7,0,1
38,21,11,24,5,0,1
38,20,11,24,6,0,1
38,20,11,25,5,0,1
37,20,11,5,25,1,1
37,20,11,6,24,1,1
37,20,11,7,23,1,1
37,21,11,8,21,1,1
37,20,11,8,22,1,1
37,21,11,9,20,1,1
37,20,11,9,21,1,1
37,21,11,10,19,1,1
37,20,11,10,20,1,1
37,21,11,11,18,1,1
37,20,11,11,19,1,1
37,21,11,12,17,1,1
37,20,11,12,18,1,1
37,21,11,13,16,1,1
37,20,11,13,17,1,1
37,22,11,14,14,1,1
37,21,11,14,15,1,1
37,20,11,14,16,1,1
37,21,11,15,14,1,1
37,20,11,15,15,1,1
37,21,11,16,13,1,1
37,20,11,16,14,1,1
37,22,11,17,11,1,1
37,21,11,17,12,1,1
37,20,11,17,13,1,1
37,22,11,18,10,1,1
37,21,11,18,11,1,1
37,20,11,18,12,1,1
37,23,11,19,8,1,1
37,22,11,19,9,1,1
37,21,11,19,10,1,1
37,20,11,19,11,1,1
37,23,11,20,7,1,1
37,22,11,20,8,1,1
37,21,11,20,9,1,1
37,20,11,20,10,1,1
37,23,11,21,6,1,1
37,22,11,21,7,1,1
37,21,11,21,8,1,1
37,20,11,21,9,1,1
37,23,11,22,5,1,1
37,22,11,22,6,1,1
37,21,11,22,7,1,1
37,20,11,22,8,1,1
37,22,11,23,5,1,1
37,21,11,23,6,1,1
37,20,11,23,7,1,1
36,20,11,7,23,2,1
36,20,11,10,20,2,1
36,20,11,11,19,2,1
36,20,11,12,18,2,1
36,20,11,13,17,2,1
36,20,11,14,16,2,1
36,20,11,15,15,2,1
37,20,12,6,24,0,1
37,20,12,7,23,0,1
37,20,12,8,22,0,1
37,20,12,9,21,0,1
37,20,12,10,20,0,1
37,20,12,11,19,0,1
37,21,12,12,17,0,1
37,20,12,12,18,0,1
37,21,12,13,16,0,1
37,20,12,13,17,0,1
37,21,12,14,15,0,1
37,20,12,14,16,0,1
37,21,12,15,14,0,1
37,20,12,15,15,0,1
37,21,12,16,13,0,1
37,20,12,16,14,0,1
37,21,12,17,12,0,1
37,20,12,17,13,0,1
37,21,12,18,11,0,1
37,20,12,18,12,0,1
37,21,12,19,10,0,1
37,20,12,19,11,0,1
37,21,12,20,9,0,1
37,20,12,20,10,0,1
37,21,12,21,8,0,1
37,20,12,21,9,0,1
37,22,12,22,6,0,1
37,21,12,22,7,0,1
37,20,12,22,8,0,1
37,22,12,23,5,0,1
37,21,12,23,6,0,1
37,20,12,23,7,0,1
37,21,12,24,5,0,1
37,20,12,24,6,0,1
37,20,12,25,5,0,1
36,20,12,5,25,1,1
36,20,12,6,24,1,1
36,20,12,7,23,1,1
36,20,12,8,22,1,1
36,20,12,9,21,1,1
36,21,12,10,19,1,1
36,20,12,10,20,1,1
36,20,12,11,19,1,1
36,20,12,12,18,1,1
36,20,12,13,17,1,1
36,21,12,14,15,1,1
36,20,12,14,16,1,1
36,20,12,15,15,1,1
36,20,12,16,14,1,1
36,20,12,17,13,1,1
36,20,12,18,12,1,1
36,21,12,19,10,1,1
36,20,12,19,11,1,1
36,21,12,20,9,1,1
36,20,12,20,10,1,1
36,20,12,21,9,1,1
36,20,13,9,21,0,1
36,20,13,10,20,0,1
36,20,13,11,19,0,1
36,20,13,12,18,0,1
36,20,13,13,17,0,1
36,20,13,14,16,0,1
36,20,13,15,15,0,1
36,20,13,20,10,0,1
36,20,13,21,9,0,1
36,20,13,22,8,0,1
36,20,13,23,7,0,1
36,21,13,24,5,0,1
36,20,13,24,6,0,1
36,20,13,25,5,0,1
48,29,0,0,21,0,2
48,28,0,0,22,0,2
48,27,0,0,23,0,2
48,26,0,0,24,0,2
48,25,0,0,25,0,2
48,30,0,5,15,0,2
48,29,0,5,16,0,2
48,28,0,5,17,0,2
48,27,0,5,18,0,2
48,26,0,5,19,0,2
48,25,0,5,20,0,2
48,24,0,5,21,0,2
48,23,0,5,22,0,2
48,22,0,5,23,0,2
48,21,0,5,24,0,2
48,20,0,5,25,0,2
48,30,0,6,14,0,2
48,29,0,6,15,0,2
48,28,0,6,16,0,2
48,27,0,6,17,0,2
48,26,0,6,18,0,2
48,25,0,6,19,0,2
48,24,0,6,20,0,2
48,23,0,6,21,0,2
48,22,0,6,22,0,2
48,21,0,6,23,0,2
48,20,0,6,24,0,2
48,30,0,7,13,0,2
48,29,0,7,14,0,2
48,28,0,7,15,0,2
48,27,0,7,16,0,2
48,26,0,7,17,0,2
48,25,0,7,18,0,2
48,24,0,7,19,0,2
48,23,0,7,20,0,2
48,22,0,7,21,0,2
48,21,0,7,22,0,2
48,20,0,7,23,0,2
48,30,0,8,12,0,2
48,29,0,8,13,0,2
48,28,0,8,14,0,2
48,27,0,8,15,0,2
48,26,0,8,16,0,2
48,25,0,8,17,0,2
48,24,0,8,18,0,2
48,23,0,8,19,0,2
48,22,0,8,20,0,2
48,21,0,8,21,0,2
48,20,0,8,22,0,2
48,30,0,9,11,0,2
48,29,0,9,12,0,2
48,28,0,9,13,0,2
48,27,0,9,14,0,2
48,26,0,9,15,0,2
48,25,0,9,16,0,2
48,24,0,9,17,0,2
48,23,0,9,18,0,2
48,22,0,9,19,0,2
48,21,0,9,20,0,2
48,20,0,9,21,0,2
48,30,0,10,10,0,2
48,29,0,10,11,0,2
48,28,0,10,12,0,2
48,27,0,10,13,0,2
48,26,0,10,14,0,2
48,25,0,10,15,0,2
48,24,0,10,16,0,2
48,23,0,10,17,0,2
48,22,0,10,18,0,2
48,21,0,10,19,0,2
48,20,0,10,20,0,2
48,30,0,11,9,0,2
48,29,0,11,10,0,2
48,27,0,11,12,0,2
48,26,0,11,13,0,2
48,25,0,11,14,0,2
48,24,0,11,15,0,2
48,23,0,11,16,0,2
48,22,0,11,17,0,2
48,21,0,11,18,0,2
48,20,0,11,19,0,2
48,30,0,12,8,0,2
48,29,0,12,9,0,2
48,27,0,12,11,0,2
48,26,0,12,12,0,2
48,25,0,12,13,0,2
48,24,0,12,14,0,2
48,23,0,12,15,0,2
48,22,0,12,16,0,2
48,21,0,12,17,0,2
48,20,0,12,18,0,2
48,30,0,13,7,0,2
48,29,0,13,8,0,2
48,27,0,13,10,0,2
48,26,0,13,11,0,2
48,25,0,13,12,0,2
48,24,0,13,13,0,2
48,23,0,13,14,0,2
48,22,0,13,15,0,2
48,21,0,13,16,0,2
48,20,0,13,17,0,2
48,30,0,14,6,0,2
48,29,0,14,7,0,2
48,27,0,14,9,0,2
48,26,0,14,10,0,2
48,25,0,14,11,0,2
48,24,0,14,12,0,2
48,23,0,14,13,0,2
48,22,0,14,14,0,2
48,21,0,14,15,0,2
48,20,0,14,16,0,2
48,30,0,15,5,0,2
48,29,0,15,6,0,2
48,28,0,15,7,0,2
48,27,0,15,8,0,2
48,26,0,15,9,0,2
48,25,0,15,10,0,2
48,24,0,15,11,0,2
48,23,0,15,12,0,2
48,22,0,15,13,0,2
48,21,0,15,14,0,2
48,29,0,16,5,0,2
48,28,0,16,6,0,2
48,27,0,16,7,0,2
48,26,0,16,8,0,2
48,25,0,16,9,0,2
48,24,0,16,10,0,2
48,23,0,16,11,0,2
48,22,0,16,12,0,2
48,21,0,16,13,0,2
48,28,0,17,5,0,2
48,27,0,17,6,0,2
48,26,0,17,7,0,2
48,25,0,17,8,0,2
48,24,0,17,9,0,2
48,23,0,17,10,0,2
48,22,0,17,11,0,2
48,21,0,17,12,0,2
48,27,0,18,5,0,2
48,26,0,18,6,0,2
48,25,0,18,7,0,2
48,24,0,18,8,0,2
48,23,0,18,9,0,2
48,22,0,18,10,0,2
48,21,0,18,11,0,2
48,26,0,19,5,0,2
48,25,0,19,6,0,2
48,24,0,19,7,0,2
48,23,0,19,8,0,2
48,22,0,19,9,0,2
48,21,0,19,10,0,2
48,30,0,20,0,0,2
48,25,0,20,5,0,2
48,24,0,20,6,0,2
48,23,0,20,7,0,2
48,22,0,20,8,0,2
48,21,0,20,9,0,2
48,24,0,21,5,0,2
48,23,0,21,6,0,2
48,22,0,21,7,0,2
48,21,0,21,8,0,2
48,28,0,22,0,0,2
48,23,0,22,5,0,2
48,22,0,22,6,0,2
48,21,0,22,7,0,2
48,27,0,23,0,0,2
48,22,0,23,5,0,2
48,21,0,23,6,0,2
48,26,0,24,0,0,2
48,21,0,24,5,0,2
48,25,0,25,0,0,2
48.2,24.8,0,5,20,0,2
48.2,23.8,0,5,21,0,2
48.2,22.8,0,5,22,0,2
48.2,21.8,0,5,23,0,2
48.2,20.8,0,5,24,0,2
48.2,24.8,0,6,19,0,2
48.2,23.8,0,6,20,0,2
48.2,22.8,0,6,21,0,2
48.2,21.8,0,6,22,0,2
48.2,25.8,0,7,17,0,2
48.2,24.8,0,7,18,0,2
48.2,23.8,0,7,19,0,2
48.2,22.8,0,7,20,0,2
48.2,25.8,0,8,16,0,2
48.2,24.8,0,8,17,0,2
48.2,23.8,0,8,18,0,2
48.2,22.8,0,8,19,0,2
48.2,25.8,0,9,15,0,2
48.2,24.8,0,9,16,0,2
48.2,23.8,0,9,17,0,2
48.2,25.8,0,10,14,0,2
48.2,24.8,0,10,15,0,2
48.2,23.8,0,10,16,0,2
48.2,25.8,0,11,13,0,2
48.2,24.8,0,11,14,0,2
48.2,23.8,0,11,15,0,2
48.2,26.8,0,12,11,0,2
48.2,25.8,0,12,12,0,2
48.2,24.8,0,12,13,0,2
48.2,23.8,0,12,14,0,2
48.2,26.8,0,13,10,0,2
48.2,25.8,0,13,11,0,2
48.2,24.8,0,13,12,0,2
48.2,23.8,0,13,13,0,2
48.2,26.8,0,14,9,0,2
48.2,25.8,0,14,10,0,2
48.2,24.8,0,14,11,0,2
48.2,23.8,0,14,12,0,2
48.2,26.8,0,15,8,0,2
48.2,25.8,0,15,9,0,2
48.2,24.8,0,15,10,0,2
48.2,23.8,0,15,11,0,2
48.2,26.8,0,16,7,0,2
48.2,25.8,0,16,8,0,2
48.2,24.8,0,16,9,0,2
48.2,23.8,0,16,10,0,2
48.2,26.8,0,17,6,0,2
48.2,25.8,0,17,7,0,2
48.2,24.8,0,17,8,0,2
48.2,23.8,0,17,9,0,2
48.2,22.8,0,17,10,0,2
48.2,26.8,0,18,5,0,2
48.2,25.8,0,18,6,0,2
48.2,24.8,0,18,7,0,2
48.2,23.8,0,18,8,0,2
48.2,22.8,0,18,9,0,2
48.2,25.8,0,19,5,0,2
48.2,24.8,0,19,6,0,2
48.2,23.8,0,19,7,0,2
48.2,22.8,0,19,8,0,2
48.2,24.8,0,20,5,0,2
48.2,23.8,0,20,6,0,2
48.2,22.8,0,20,7,0,2
48.2,23.8,0,21,5,0,2
48.2,22.8,0,21,6,0,2
48.2,22.8,0,22,5,0,2
48.2,26.8,0,23,0,0,2
48.2,25.8,0,24,0,0,2
47,24,0,5,21,1,2
47,23,0,5,22,1,2
47,22,0,5,23,1,2
47,21,0,5,24,1,2
47,20,0,5,25,1,2
47,25,0,6,19,1,2
47,24,0,6,20,1,2
47,23,0,6,21,1,2
47,22,0,6,22,1,2
47,21,0,6,23,1,2
47,20,0,6,24,1,2
47,25,0,7,18,1,2
47,24,0,7,19,1,2
47,23,0,7,20,1,2
47,22,0,7,21,1,2
47,21,0,7,22,1,2
47,20,0,7,23,1,2
47,25,0,8,17,1,2
47,24,0,8,18,1,2
47,23,0,8,19,1,2
47,22,0,8,20,1,2
47,21,0,8,21,1,2
47,20,0,8,22,1,2
47,25,0,9,16,1,2
47,24,0,9,17,1,2
47,23,0,9,18,1,2
47,22,0,9,19,1,2
47,21,0,9,20,1,2
47,20,0,9,21,1,2
47,25,0,10,15,1,2
47,24,0,10,16,1,2
47,23,0,10,17,1,2
47,22,0,10,18,1,2
47,21,0,10,19,1,2
47,20,0,10,20,1,2
47,25,0,11,14,1,2
47,24,0,11,15,1,2
47,23,0,11,16,1,2
47,22,0,11,17,1,2
47,21,0,11,18,1,2
47,20,0,11,19,1,2
47,25,0,12,13,1,2
47,24,0,12,14,1,2
47,23,0,12,15,1,2
47,22,0,12,16,1,2
47,21,0,12,17,1,2
47,20,0,12,18,1,2
47,27,0,13,10,1,2
47,26,0,13,11,1,2
47,25,0,13,12,1,2
47,24,0,13,13,1,2
47,23,0,13,14,1,2
47,22,0,13,15,1,2
47,21,0,13,16,1,2
47,20,0,13,17,1,2
47,27,0,14,9,1,2
47,26,0,14,10,1,2
47,25,0,14,11,1,2
47,24,0,14,12,1,2
47,23,0,14,13,1,2
47,22,0,14,14,1,2
47,21,0,14,15,1,2
47,20,0,14,16,1,2
47,27,0,15,8,1,2
47,26,0,15,9,1,2
47,25,0,15,10,1,2
47,24,0,15,11,1,2
47,23,0,15,12,1,2
47,22,0,15,13,1,2
47,21,0,15,14,1,2
47,20,0,15,15,1,2
47,27,0,16,7,1,2
47,26,0,16,8,1,2
47,25,0,16,9,1,2
47,24,0,16,10,1,2
47,23,0,16,11,1,2
47,22,0,16,12,1,2
47,21,0,16,13,1,2
47,20,0,16,14,1,2
47,28,0,17,5,1,2
47,27,0,17,6,1,2
47,26,0,17,7,1,2
47,25,0,17,8,1,2
47,24,0,17,9,1,2
47,23,0,17,10,1,2
47,22,0,17,11,1,2
47,21,0,17,12,1,2
47,20,0,17,13,1,2
47,27,0,18,5,1,2
47,26,0,18,6,1,2
47,25,0,18,7,1,2
47,24,0,18,8,1,2
47,23,0,18,9,1,2
47,22,0,18,10,1,2
47,21,0,18,11,1,2
47,20,0,18,12,1,2
47,26,0,19,5,1,2
47,25,0,19,6,1,2
47,24,0,19,7,1,2
47,23,0,19,8,1,2
47,22,0,19,9,1,2
47,21,0,19,10,1,2
47,20,0,19,11,1,2
47,25,0,20,5,1,2
47,24,0,20,6,1,2
47,23,0,20,7,1,2
47,22,0,20,8,1,2
47,21,0,20,9,1,2
47,20,0,20,10,1,2
47,29,0,21,0,1,2
47,24,0,21,5,1,2
47,23,0,21,6,1,2
47,22,0,21,7,1,2
47,21,0,21,8,1,2
47,20,0,21,9,1,2
47,28,0,22,0,1,2
47,23,0,22,5,1,2
47,22,0,22,6,1,2
47,21,0,22,7,1,2
47,20,0,22,8,1,2
47,27,0,23,0,1,2
47,22,0,23,5,1,2
47,21,0,23,6,1,2
47,20,0,23,7,1,2
47,26,0,24,0,1,2
47,21,0,24,5,1,2
47,20,0,24,6,1,2
47,25,0,25,0,1,2
47,20,0,25,5,1,2
47.2,23.8,0,5,21,1,2
47.2,22.8,0,5,22,1,2
47.2,21.8,0,5,23,1,2
47.2,20.8,0,5,24,1,2
47.2,23.8,0,6,20,1,2
47.2,22.8,0,6,21,1,2
47.2,21.8,0,6,22,1,2
47.2,23.8,0,7,19,1,2
47.2,22.8,0,7,20,1,2
47.2,23.8,0,8,18,1,2
47.2,22.8,0,8,19,1,2
47.2,23.8,0,9,17,1,2
47.2,25.8,0,10,14,1,2
47.2,23.8,0,10,16,1,2
47.2,25.8,0,11,13,1,2
47.2,24.8,0,11,14,1,2
47.2,23.8,0,11,15,1,2
47.2,25.8,0,12,12,1,2
47.2,24.8,0,12,13,1,2
47.2,23.8,0,12,14,1,2
47.2,25.8,0,13,11,1,2
47.2,24.8,0,13,12,1,2
47.2,23.8,0,13,13,1,2
47.2,25.8,0,14,10,1,2
47.2,24.8,0,14,11,1,2
47.2,23.8,0,14,12,1,2
47.2,25.8,0,15,9,1,2
47.2,24.8,0,15,10,1,2
47.2,23.8,0,15,11,1,2
47.2,26.8,0,16,7,1,2
47.2,25.8,0,16,8,1,2
47.2,24.8,0,16,9,1,2
47.2,23.8,0,16,10,1,2
47.2,26.8,0,17,6,1,2
47.2,25.8,0,17,7,1,2
47.2,24.8,0,17,8,1,2
47.2,23.8,0,17,9,1,2
47.2,22.8,0,17,10,1,2
47.2,26.8,0,18,5,1,2
47.2,25.8,0,18,6,1,2
47.2,24.8,0,18,7,1,2
47.2,23.8,0,18,8,1,2
47.2,22.8,0,18,9,1,2
47.2,25.8,0,19,5,1,2
47.2,24.8,0,19,6,1,2
47.2,23.8,0,19,7,1,2
47.2,22.8,0,19,8,1,2
47.2,24.8,0,20,5,1,2
47.2,23.8,0,20,6,1,2
47.2,22.8,0,20,7,1,2
47.2,23.8,0,21,5,1,2
47.2,22.8,0,21,6,1,2
47.2,22.8,0,22,5,1,2
47.2,26.8,0,23,0,1,2
47.2,25.8,0,24,0,1,2
46,22,0,5,23,2,2
46,21,0,5,24,2,2
46,20,0,5,25,2,2
46,22,0,6,22,2,2
46,21,0,6,23,2,2
46,20,0,6,24,2,2
46,22,0,7,21,2,2
46,21,0,7,22,2,2
46,20,0,7,23,2,2
46,22,0,8,20,2,2
46,21,0,8,21,2,2
46,20,0,8,22,2,2
46,22,0,9,19,2,2
46,21,0,9,20,2,2
46,20,0,9,21,2,2
46,24,0,10,16,2,2
46,23,0,10,17,2,2
46,22,0,10,18,2,2
46,21,0,10,19,2,2
46,20,0,10,20,2,2
46,24,0,11,15,2,2
46,23,0,11,16,2,2
46,22,0,11,17,2,2
46,21,0,11,18,2,2
46,20,0,11,19,2,2
46,25,0,12,13,2,2
46,24,0,12,14,2,2
46,23,0,12,15,2,2
46,22,0,12,16,2,2
46,21,0,12,17,2,2
46,20,0,12,18,2,2
46,25,0,13,12,2,2
46,24,0,13,13,2,2
46,23,0,13,14,2,2
46,22,0,13,15,2,2
46,21,0,13,16,2,2
46,20,0,13,17,2,2
46,27,0,14,9,2,2
46,25,0,14,11,2,2
46,24,0,14,12,2,2
46,23,0,14,13,2,2
46,22,0,14,14,2,2
46,21,0,14,15,2,2
46,20,0,14,16,2,2
46,27,0,15,8,2,2
46,26,0,15,9,2,2
46,25,0,15,10,2,2
46,24,0,15,11,2,2
46,23,0,15,12,2,2
46,22,0,15,13,2,2
46,21,0,15,14,2,2
46,20,0,15,15,2,2
46,27,0,16,7,2,2
46,26,0,16,8,2,2
46,25,0,16,9,2,2
46,24,0,16,10,2,2
46,23,0,16,11,2,2
46,22,0,16,12,2,2
46,21,0,16,13,2,2
46,20,0,16,14,2,2
46,27,0,17,6,2,2
46,26,0,17,7,2,2
46,25,0,17,8,2,2
46,24,0,17,9,2,2
46,23,0,17,10,2,2
46,22,0,17,11,2,2
46,21,0,17,12,2,2
46,20,0,17,13,2,2
46,27,0,18,5,2,2
46,26,0,18,6,2,2
46,25,0,18,7,2,2
46,24,0,18,8,2,2
46,23,0,18,9,2,2
46,22,0,18,10,2,2
46,21,0,18,11,2,2
46,20,0,18,12,2,2
46,26,0,19,5,2,2
46,25,0,19,6,2,2
46,24,0,19,7,2,2
46,23,0,19,8,2,2
46,22,0,19,9,2,2
46,21,0,19,10,2,2
46,20,0,19,11,2,2
46,25,0,20,5,2,2
46,24,0,20,6,2,2
46,23,0,20,7,2,2
46,22,0,20,8,2,2
46,21,0,20,9,2,2
46,20,0,20,10,2,2
46,24,0,21,5,2,2
46,23,0,21,6,2,2
46,22,0,21,7,2,2
46,21,0,21,8,2,2
46,20,0,21,9,2,2
46,28,0,22,0,2,2
46,23,0,22,5,2,2
46,22,0,22,6,2,2
46,21,0,22,7,2,2
46,20,0,22,8,2,2
46,27,0,23,0,2,2
46,22,0,23,5,2,2
46,21,0,23,6,2,2
46,20,0,23,7,2,2
46,26,0,24,0,2,2
46,21,0,24,5,2,2
46,20,0,24,6,2,2
46,25,0,25,0,2,2
46,20,0,25,5,2,2
46.2,21.8,0,5,23,2,2
46.2,20.8,0,5,24,2,2
46.2,21.8,0,6,22,2,2
46.2,23.8,0,11,15,2,2
46.2,23.8,0,12,14,2,2
46.2,23.8,0,13,13,2,2
46.2,23.8,0,14,12,2,2
46.2,23.8,0,15,11,2,2
46.2,23.8,0,16,10,2,2
46.2,24.8,0,17,8,2,2
46.2,23.8,0,17,9,2,2
46.2,23.8,0,18,8,2,2
46.2,22.8,0,18,9,2,2
46.2,25.8,0,19,5,2,2
46.2,23.8,0,19,7,2,2
46.2,22.8,0,19,8,2,2
46.2,24.8,0,20,5,2,2
46.2,23.8,0,20,6,2,2
46.2,22.8,0,20,7,2,2
46.2,23.8,0,21,5,2,2
46.2,22.8,0,21,6,2,2
46.2,22.8,0,22,5,2,2
46.2,26.8,0,23,0,2,2
46.2,25.8,0,24,0,2,2
45,20,0,5,25,3,2
45,21,0,6,23,3,2
45,20,0,6,24,3,2
45,22,0,7,21,3,2
45,20,0,7,23,3,2
45,22,0,8,20,3,2
45,21,0,8,21,3,2
45,20,0,8,22,3,2
45,22,0,9,19,3,2
45,21,0,9,20,3,2
45,20,0,9,21,3,2
45,22,0,10,18,3,2
45,21,0,10,19,3,2
45,20,0,10,20,3,2
45,22,0,11,17,3,2
45,21,0,11,18,3,2
45,20,0,11,19,3,2
45,22,0,12,16,3,2
45,21,0,12,17,3,2
45,20,0,12,18,3,2
45,22,0,13,15,3,2
45,21,0,13,16,3,2
45,20,0,13,17,3,2
45,22,0,14,14,3,2
45,21,0,14,15,3,2
45,20,0,14,16,3,2
45,22,0,15,13,3,2
45,21,0,15,14,3,2
45,20,0,15,15,3,2
45,27,0,16,7,3,2
45,22,0,16,12,3,2
45,21,0,16,13,3,2
45,20,0,16,14,3,2
45,22,0,17,11,3,2
45,21,0,17,12,3,2
45,20,0,17,13,3,2
45,27,0,18,5,3,2
45,26,0,18,6,3,2
45,22,0,18,10,3,2
45,21,0,18,11,3,2
45,20,0,18,12,3,2
45,26,0,19,5,3,2
45,25,0,19,6,3,2
45,24,0,19,7,3,2
45,23,0,19,8,3,2
45,22,0,19,9,3,2
45,21,0,19,10,3,2
45,20,0,19,11,3,2
45,25,0,20,5,3,2
45,24,0,20,6,3,2
45,23,0,20,7,3,2
45,22,0,20,8,3,2
45,21,0,20,9,3,2
45,20,0,20,10,3,2
45,24,0,21,5,3,2
45,23,0,21,6,3,2
45,22,0,21,7,3,2
45,21,0,21,8,3,2
45,20,0,21,9,3,2
45,23,0,22,5,3,2
45,22,0,22,6,3,2
45,21,0,22,7,3,2
45,20,0,22,8,3,2
45,27,0,23,0,3,2
45,22,0,23,5,3,2
45,21,0,23,6,3,2
45,20,0,23,7,3,2
45,26,0,24,0,3,2
45,21,0,24,5,3,2
45,20,0,24,6,3,2
45,25,0,25,0,3,2
45,20,0,25,5,3,2
45.2,22.8,0,19,8,3,2
45.2,24.8,0,20,5,3,2
45.2,23.8,0,20,6,3,2
45.2,22.8,0,20,7,3,2
45.2,23.8,0,21,5,3,2
45.2,22.8,0,21,6,3,2
45.2,22.8,0,22,5,3,2
44,20,0,9,21,4,2
44,21,0,10,19,4,2
44,20,0,10,20,4,2
44,20,0,11,19,4,2
44,20,0,12,18,4,2
44,21,0,13,16,4,2
44,20,0,13,17,4,2
44,20,0,14,16,4,2
44,22,0,15,13,4,2
44,21,0,15,14,4,2
44,20,0,15,15,4,2
44,22,0,16,12,4,2
44,21,0,16,13,4,2
44,20,0,16,14,4,2
44,22,0,17,11,4,2
44,21,0,17,12,4,2
44,20,0,17,13,4,2
44,22,0,18,10,4,2
44,21,0,18,11,4,2
44,20,0,18,12,4,2
44,22,0,19,9,4,2
44,21,0,19,10,4,2
44,20,0,19,11,4,2
44,22,0,20,8,4,2
44,21,0,20,9,4,2
44,20,0,20,10,4,2
44,22,0,21,7,4,2
44,21,0,21,8,4,2
44,20,0,21,9,4,2
44,22,0,22,6,4,2
44,21,0,22,7,4,2
44,20,0,22,8,4,2
44,22,0,23,5,4,2
44,21,0,23,6,4,2
44,20,0,23,7,4,2
44,21,0,24,5,4,2
44,20,0,24,6,4,2
44,20,0,25,5,4,2
43,20,0,12,18,5,2
43,20,0,13,17,5,2
43,20,0,14,16,5,2
43,20,0,15,15,5,2
43,20,0,16,14,5,2
43,20,0,17,13,5,2
43,20,0,18,12,5,2
43,21,0,19,10,5,2
43,20,0,19,11,5,2
43,21,0,20,9,5,2
43,20,0,20,10,5,2
43,21,0,21,8,5,2
43,20,0,21,9,5,2
43,21,0,22,7,5,2
43,20,0,22,8,5,2
43,22,0,23,5,5,2
43,21,0,23,6,5,2
43,20,0,23,7,5,2
43,21,0,24,5,5,2
43,20,0,24,6,5,2
43,20,0,25,5,5,2
43.2,21.8,0,23,5,5,2
42,20,0,15,15,6,2
42,20,0,16,14,6,2
42,20,0,17,13,6,2
42,20,0,18,12,6,2
42,20,0,19,11,6,2
42,20,0,20,10,6,2
42,20,0,21,9,6,2
42,21,0,22,7,6,2
42,20,0,22,8,6,2
42,22,0,23,5,6,2
42,21,0,23,6,6,2
42,20,0,23,7,6,2
42,21,0,24,5,6,2
42,20,0,24,6,6,2
42,20,0,25,5,6,2
41,20,0,16,14,7,2
41,20,0,18,12,7,2
41,20,0,19,11,7,2
41,20,0,20,10,7,2
41,20,0,21,9,7,2
41,20,0,22,8,7,2
41,21,0,23,6,7,2
41,20,0,23,7,7,2
41,21,0,24,5,7,2
41,20,0,24,6,7,2
41,20,0,25,5,7,2
41.2,20.8,0,24,5,7,2
40,20,0,17,13,8,2
40,21,0,23,6,8,2
40,20,0,23,7,8,2
40,21,0,24,5,8,2
40,20,0,24,6,8,2
40,20,0,25,5,8,2
40.2,20.8,0,23,6,8,2
40.2,20.8,0,24,5,8,2
39,20,0,18,12,9,2
39,20,0,23,7,9,2
39,20,0,24,6,9,2
39,20,0,25,5,9,2
39.2,20.8,0,24,5,9,2
38,20,0,24,6,10,2
38,20,0,25,5,10,2
37,20,0,25,5,11,2
36,20,0,25,5,12,2
43,21,5,5,24,0,2
43,20,5,5,25,0,2
43,22,5,6,22,0,2
43,21,5,6,23,0,2
43,20,5,6,24,0,2
43,22,5,7,21,0,2
43,21,5,7,22,0,2
43,20,5,7,23,0,2
43,22,5,8,20,0,2
43,21,5,8,21,0,2
43,20,5,8,22,0,2
43,22,5,9,19,0,2
43,21,5,9,20,0,2
43,20,5,9,21,0,2
43,22,5,10,18,0,2
43,21,5,10,19,0,2
43,20,5,10,20,0,2
43,22,5,11,17,0,2
43,21,5,11,18,0,2
43,20,5,11,19,0,2
43,23,5,12,15,0,2
43,22,5,12,16,0,2
43,21,5,12,17,0,2
43,20,5,12,18,0,2
43,23,5,13,14,0,2
43,22,5,13,15,0,2
43,21,5,13,16,0,2
43,20,5,13,17,0,2
43,24,5,14,12,0,2
43,23,5,14,13,0,2
43,22,5,14,14,0,2
43,21,5,14,15,0,2
43,20,5,14,16,0,2
43,24,5,15,11,0,2
43,23,5,15,12,0,2
43,22,5,15,13,0,2
43,21,5,15,14,0,2
43,20,5,15,15,0,2
43,24,5,16,10,0,2
43,23,5,16,11,0,2
43,22,5,16,12,0,2
43,21,5,16,13,0,2
43,20,5,16,14,0,2
43,24,5,17,9,0,2
43,23,5,17,10,0,2
43,22,5,17,11,0,2
43,21,5,17,12,0,2
43,20,5,17,13,0,2
43,24,5,18,8,0,2
43,23,5,18,9,0,2
43,22,5,18,10,0,2
43,21,5,18,11,0,2
43,20,5,18,12,0,2
43,24,5,19,7,0,2
43,23,5,19,8,0,2
43,22,5,19,9,0,2
43,21,5,19,10,0,2
43,20,5,19,11,0,2
43,24,5,20,6,0,2
43,23,5,20,7,0,2
43,22,5,20,8,0,2
43,21,5,20,9,0,2
43,20,5,20,10,0,2
43,24,5,21,5,0,2
43,23,5,21,6,0,2
43,22,5,21,7,0,2
43,21,5,21,8,0,2
43,20,5,21,9,0,2
43,23,5,22,5,0,2
43,22,5,22,6,0,2
43,21,5,22,7,0,2
43,20,5,22,8,0,2
43,22,5,23,5,0,2
43,21,5,23,6,0,2
43,20,5,23,7,0,2
43,26,5,24,0,0,2
43,21,5,24,5,0,2
43,20,5,24,6,0,2
43,25,5,25,0,0,2
43,20,5,25,5,0,2
43.2,24.8,5,20,5,0,2
43.2,23.8,5,21,5,0,2
43.2,22.8,5,22,5,0,2
43.2,24.8,5,25,0,0,2
43.4,24.6,5,25,0,0,2
42,22,5,5,23,1,2
42,21,5,5,24,1,2
42,20,5,5,25,1,2
42,22,5,6,22,1,2
42,21,5,6,23,1,2
42,20,5,6,24,1,2
42,22,5,7,21,1,2
42,21,5,7,22,1,2
42,20,5,7,23,1,2
42,22,5,8,20,1,2
42,21,5,8,21,1,2
42,20,5,8,22,1,2
42,22,5,9,19,1,2
42,21,5,9,20,1,2
42,20,5,9,21,1,2
42,22,5,10,18,1,2
42,21,5,10,19,1,2
42,20,5,10,20,1,2
42,22,5,11,17,1,2
42,21,5,11,18,1,2
42,20,5,11,19,1,2
42,23,5,12,15,1,2
42,22,5,12,16,1,2
42,21,5,12,17,1,2
42,20,5,12,18,1,2
42,23,5,13,14,1,2
42,22,5,13,15,1,2
42,21,5,13,16,1,2
42,20,5,13,17,1,2
42,23,5,14,13,1,2
42,22,5,14,14,1,2
42,21,5,14,15,1,2
42,20,5,14,16,1,2
42,24,5,15,11,1,2
42,23,5,15,12,1,2
42,22,5,15,13,1,2
42,21,5,15,14,1,2
42,20,5,15,15,1,2
42,24,5,16,10,1,2
42,23,5,16,11,1,2
42,22,5,16,12,1,2
42,21,5,16,13,1,2
42,20,5,16,14,1,2
42,24,5,17,9,1,2
42,23,5,17,10,1,2
42,22,5,17,11,1,2
42,21,5,17,12,1,2
42,20,5,17,13,1,2
42,24,5,18,8,1,2
42,23,5,18,9,1,2
42,22,5,18,10,1,2
42,21,5,18,11,1,2
42,20,5,18,12,1,2
42,25,5,19,6,1,2
42,24,5,19,7,1,2
42,23,5,19,8,1,2
42,22,5,19,9,1,2
42,21,5,19,10,1,2
42,20,5,19,11,1,2
42,25,5,20,5,1,2
42,24,5,20,6,1,2
42,23,5,20,7,1,2
42,22,5,20,8,1,2
42,21,5,20,9,1,2
42,20,5,20,10,1,2
42,24,5,21,5,1,2
42,23,5,21,6,1,2
42,22,5,21,7,1,2
42,21,5,21,8,1,2
42,20,5,21,9,1,2
42,23,5,22,5,1,2
42,22,5,22,6,1,2
42,21,5,22,7,1,2
42,20,5,22,8,1,2
42,27,5,23,0,1,2
42,22,5,23,5,1,2
42,21,5,23,6,1,2
42,20,5,23,7,1,2
42,26,5,24,0,1,2
42,21,5,24,5,1,2
42,20,5,24,6,1,2
42,25,5,25,0,1,2
42,20,5,25,5,1,2
42.2,24.8,5,20,5,1,2
42.2,25.8,5,24,0,1,2
42.2,24.8,5,25,0,1,2
42.4,26.6,5,23,0,1,2
42.4,25.6,5,24,0,1,2
42.4,24.6,5,25,0,1,2
41,21,5,5,24,2,2
41,20,5,5,25,2,2
41,22,5,6,22,2,2
41,21,5,6,23,2,2
41,20,5,6,24,2,2
41,22,5,7,21,2,2
41,21,5,7,22,2,2
41,20,5,7,23,2,2
41,22,5,8,20,2,2
41,21,5,8,21,2,2
41,20,5,8,22,2,2
41,22,5,9,19,2,2
41,21,5,9,20,2,2
41,20,5,9,21,2,2
41,22,5,10,18,2,2
41,21,5,10,19,2,2
41,20,5,10,20,2,2
41,22,5,11,17,2,2
41,21,5,11,18,2,2
41,20,5,11,19,2,2
41,22,5,12,16,2,2
41,21,5,12,17,2,2
41,20,5,12,18,2,2
41,22,5,13,15,2,2
41,21,5,13,16,2,2
41,20,5,13,17,2,2
41,22,5,14,14,2,2
41,21,5,14,15,2,2
41,20,5,14,16,2,2
41,23,5,15,12,2,2
41,22,5,15,13,2,2
41,21,5,15,14,2,2
41,20,5,15,15,2,2
41,23,5,16,11,2,2
41,22,5,16,12,2,2
41,21,5,16,13,2,2
41,20,5,16,14,2,2
41,23,5,17,10,2,2
41,22,5,17,11,2,2
41,21,5,17,12,2,2
41,20,5,17,13,2,2
41,23,5,18,9,2,2
41,22,5,18,10,2,2
41,21,5,18,11,2,2
41,20,5,18,12,2,2
41,24,5,19,7,2,2
41,23,5,19,8,2,2
41,22,5,19,9,2,2
41,21,5,19,10,2,2
41,20,5,19,11,2,2
41,24,5,20,6,2,2
41,23,5,20,7,2,2
41,22,5,20,8,2,2
41,21,5,20,9,2,2
41,20,5,20,10,2,2
41,24,5,21,5,2,2
41,23,5,21,6,2,2
41,22,5,21,7,2,2
41,21,5,21,8,2,2
41,20,5,21,9,2,2
41,23,5,22,5,2,2
41,22,5,22,6,2,2
41,21,5,22,7,2,2
41,20,5,22,8,2,2
41,22,5,23,5,2,2
41,21,5,23,6,2,2
41,20,5,23,7,2,2
41,26,5,24,0,2,2
41,21,5,24,5,2,2
41,20,5,24,6,2,2
41,25,5,25,0,2,2
41,20,5,25,5,2,2
41.2,25.8,5,24,0,2,2
41.2,24.8,5,25,0,2,2
41.4,25.6,5,24,0,2,2
41.4,24.6,5,25,0,2,2
41.6,25.4,5,24,0,2,2
40,20,5,6,24,3,2
40,20,5,7,23,3,2
40,20,5,8,22,3,2
40,21,5,9,20,3,2
40,20,5,9,21,3,2
40,21,5,10,19,3,2
40,20,5,10,20,3,2
40,22,5,11,17,3,2
40,21,5,11,18,3,2
40,20,5,11,19,3,2
40,22,5,12,16,3,2
40,21,5,12,17,3,2
40,20,5,12,18,3,2
40,22,5,13,15,3,2
40,21,5,13,16,3,2
40,20,5,13,17,3,2
40,22,5,14,14,3,2
40,21,5,14,15,3,2
40,20,5,14,16,3,2
40,22,5,15,13,3,2
40,21,5,15,14,3,2
40,20,5,15,15,3,2
40,22,5,16,12,3,2
40,21,5,16,13,3,2
40,20,5,16,14,3,2
40,22,5,17,11,3,2
40,21,5,17,12,3,2
40,20,5,17,13,3,2
40,23,5,18,9,3,2
40,22,5,18,10,3,2
40,21,5,18,11,3,2
40,20,5,18,12,3,2
40,23,5,19,8,3,2
40,22,5,19,9,3,2
40,21,5,19,10,3,2
40,20,5,19,11,3,2
40,22,5,20,8,3,2
40,21,5,20,9,3,2
40,20,5,20,10,3,2
40,23,5,21,6,3,2
40,22,5,21,7,3,2
40,21,5,21,8,3,2
40,20,5,21,9,3,2
40,23,5,22,5,3,2
40,22,5,22,6,3,2
40,21,5,22,7,3,2
40,20,5,22,8,3,2
40,22,5,23,5,3,2
40,21,5,23,6,3,2
40,20,5,23,7,3,2
40,21,5,24,5,3,2
40,20,5,24,6,3,2
40,25,5,25,0,3,2
40,20,5,25,5,3,2
40.2,24.8,5,25,0,3,2
40.4,24.6,5,25,0,3,2
39,20,5,10,20,4,2
39,21,5,11,18,4,2
39,20,5,11,19,4,2
39,21,5,12,17,4,2
39,20,5,12,18,4,2
39,21,5,13,16,4,2
39,20,5,13,17,4,2
39,21,5,14,15,4,2
39,20,5,14,16,4,2
39,21,5,15,14,4,2
39,20,5,15,15,4,2
39,22,5,16,12,4,2
39,21,5,16,13,4,2
39,20,5,16,14,4,2
39,21,5,17,12,4,2
39,20,5,17,13,4,2
39,21,5,18,11,4,2
39,20,5,18,12,4,2
39,22,5,19,9,4,2
39,21,5,19,10,4,2
39,20,5,19,11,4,2
39,21,5,20,9,4,2
39,20,5,20,10,4,2
39,21,5,21,8,4,2
39,20,5,21,9,4,2
39,22,5,22,6,4,2
39,21,5,22,7,4,2
39,20,5,22,8,4,2
39,22,5,23,5,4,2
39,21,5,23,6,4,2
39,20,5,23,7,4,2
39,21,5,24,5,4,2
39,20,5,24,6,4,2
39,20,5,25,5,4,2
38,20,5,9,21,5,2
38,20,5,10,20,5,2
38,20,5,11,19,5,2
38,20,5,12,18,5,2
38,21,5,13,16,5,2
38,20,5,13,17,5,2
38,21,5,14,15,5,2
38,20,5,14,16,5,2
38,21,5,15,14,5,2
38,20,5,15,15,5,2
38,21,5,16,13,5,2
38,20,5,16,14,5,2
38,20,5,17,13,5,2
38,21,5,18,11,5,2
38,20,5,18,12,5,2
38,20,5,19,11,5,2
38,20,5,20,10,5,2
38,20,5,21,9,5,2
38,20,5,22,8,5,2
38,21,5,23,6,5,2
38,20,5,23,7,5,2
38,21,5,24,5,5,2
38,20,5,24,6,5,2
38,20,5,25,5,5,2
37,20,5,12,18,6,2
37,20,5,13,17,6,2
37,20,5,14,16,6,2
37,21,5,24,5,6,2
37,20,5,24,6,6,2
37,20,5,25,5,6,2
36,21,5,24,5,7,2
36,20,5,25,5,7,2
42,21,6,5,24,0,2
42,20,6,5,25,0,2
42,21,6,6,23,0,2
42,20,6,6,24,0,2
42,21,6,7,22,0,2
42,20,6,7,23,0,2
42,22,6,8,20,0,2
42,21,6,8,21,0,2
42,20,6,8,22,0,2
42,22,6,9,19,0,2
42,21,6,9,20,0,2
42,20,6,9,21,0,2
42,22,6,10,18,0,2
42,21,6,10,19,0,2
42,20,6,10,20,0,2
42,23,6,11,16,0,2
42,22,6,11,17,0,2
42,21,6,11,18,0,2
42,20,6,11,19,0,2
42,23,6,12,15,0,2
42,22,6,12,16,0,2
42,21,6,12,17,0,2
42,20,6,12,18,0,2
42,23,6,13,14,0,2
42,22,6,13,15,0,2
42,21,6,13,16,0,2
42,20,6,13,17,0,2
42,23,6,14,13,0,2
42,22,6,14,14,0,2
42,21,6,14,15,0,2
42,20,6,14,16,0,2
42,23,6,15,12,0,2
42,22,6,15,13,0,2
42,21,6,15,14,0,2
42,20,6,15,15,0,2
42,24,6,16,10,0,2
42,23,6,16,11,0,2
42,22,6,16,12,0,2
42,21,6,16,13,0,2
42,20,6,16,14,0,2
42,24,6,17,9,0,2
42,23,6,17,10,0,2
42,22,6,17,11,0,2
42,21,6,17,12,0,2
42,20,6,17,13,0,2
42,24,6,18,8,0,2
42,23,6,18,9,0,2
42,22,6,18,10,0,2
42,21,6,18,11,0,2
42,20,6,18,12,0,2
42,24,6,19,7,0,2
42,23,6,19,8,0,2
42,22,6,19,9,0,2
42,21,6,19,10,0,2
42,20,6,19,11,0,2
42,25,6,20,5,0,2
42,24,6,20,6,0,2
42,23,6,20,7,0,2
42,22,6,20,8,0,2
42,21,6,20,9,0,2
42,20,6,20,10,0,2
42,24,6,21,5,0,2
42,23,6,21,6,0,2
42,22,6,21,7,0,2
42,21,6,21,8,0,2
42,20,6,21,9,0,2
42,23,6,22,5,0,2
42,22,6,22,6,0,2
42,21,6,22,7,0,2
42,20,6,22,8,0,2
42,22,6,23,5,0,2
42,21,6,23,6,0,2
42,20,6,23,7,0,2
42,21,6,24,5,0,2
42,20,6,24,6,0,2
42,25,6,25,0,0,2
42,20,6,25,5,0,2
42.2,24.8,6,25,0,0,2
42.4,24.6,6,25,0,0,2
41,21,6,5,24,1,2
41,20,6,5,25,1,2
41,22,6,6,22,1,2
41,21,6,6,23,1,2
41,20,6,6,24,1,2
41,22,6,7,21,1,2
41,21,6,7,22,1,2
41,20,6,7,23,1,2
41,22,6,8,20,1,2
41,21,6,8,21,1,2
41,20,6,8,22,1,2
41,22,6,9,19,1,2
41,21,6,9,20,1,2
41,20,6,9,21,1,2
41,22,6,10,18,1,2
41,21,6,10,19,1,2
41,20,6,10,20,1,2
41,22,6,11,17,1,2
41,21,6,11,18,1,2
41,20,6,11,19,1,2
41,23,6,12,15,1,2
41,22,6,12,16,1,2
41,21,6,12,17,1,2
41,20,6,12,18,1,2
41,23,6,13,14,1,2
41,22,6,13,15,1,2
41,21,6,13,16,1,2
41,20,6,13,17,1,2
41,23,6,14,13,1,2
41,22,6,14,14,1,2
41,21,6,14,15,1,2
41,20,6,14,16,1,2
41,23,6,15,12,1,2
41,22,6,15,13,1,2
41,21,6,15,14,1,2
41,20,6,15,15,1,2
41,24,6,16,10,1,2
41,23,6,16,11,1,2
41,22,6,16,12,1,2
41,21,6,16,13,1,2
41,20,6,16,14,1,2
41,23,6,17,10,1,2
41,22,6,17,11,1,2
41,21,6,17,12,1,2
41,20,6,17,13,1,2
41,25,6,18,7,1,2
41,24,6,18,8,1,2
41,23,6,18,9,1,2
41,22,6,18,10,1,2
41,21,6,18,11,1,2
41,20,6,18,12,1,2
41,25,6,19,6,1,2
41,24,6,19,7,1,2
41,23,6,19,8,1,2
41,22,6,19,9,1,2
41,21,6,19,10,1,2
41,20,6,19,11,1,2
41,25,6,20,5,1,2
41,24,6,20,6,1,2
41,23,6,20,7,1,2
41,22,6,20,8,1,2
41,21,6,20,9,1,2
41,20,6,20,10,1,2
41,24,6,21,5,1,2
41,23,6,21,6,1,2
41,22,6,21,7,1,2
41,21,6,21,8,1,2
41,20,6,21,9,1,2
41,23,6,22,5,1,2
41,22,6,22,6,1,2
41,21,6,22,7,1,2
41,20,6,22,8,1,2
41,22,6,23,5,1,2
41,21,6,23,6,1,2
41,20,6,23,7,1,2
41,26,6,24,0,1,2
41,21,6,24,5,1,2
41,20,6,24,6,1,2
41,25,6,25,0,1,2
41,20,6,25,5,1,2
41.2,25.8,6,24,0,1,2
41.2,24.8,6,25,0,1,2
41.4,25.6,6,24,0,1,2
41.4,24.6,6,25,0,1,2
40,21,6,5,24,2,2
40,20,6,5,25,2,2
40,21,6,6,23,2,2
40,20,6,6,24,2,2
40,21,6,7,22,2,2
40,20,6,7,23,2,2
40,22,6,8,20,2,2
40,21,6,8,21,2,2
40,20,6,8,22,2,2
40,22,6,9,19,2,2
40,21,6,9,20,2,2
40,20,6,9,21,2,2
40,22,6,10,18,2,2
40,21,6,10,19,2,2
40,20,6,10,20,2,2
40,22,6,11,17,2,2
40,21,6,11,18,2,2
40,20,6,11,19,2,2
40,22,6,12,16,2,2
40,21,6,12,17,2,2
40,20,6,12,18,2,2
40,22,6,13,15,2,2
40,21,6,13,16,2,2
40,20,6,13,17,2,2
40,22,6,14,14,2,2
40,21,6,14,15,2,2
40,20,6,14,16,2,2
40,22,6,15,13,2,2
40,21,6,15,14,2,2
40,20,6,15,15,2,2
40,23,6,16,11,2,2
40,22,6,16,12,2,2
40,21,6,16,13,2,2
40,20,6,16,14,2,2
40,23,6,17,10,2,2
40,22,6,17,11,2,2
40,21,6,17,12,2,2
40,20,6,17,13,2,2
40,23,6,18,9,2,2
40,22,6,18,10,2,2
40,21,6,18,11,2,2
40,20,6,18,12,2,2
40,24,6,19,7,2,2
40,23,6,19,8,2,2
40,22,6,19,9,2,2
40,21,6,19,10,2,2
40,20,6,19,11,2,2
40,24,6,20,6,2,2
40,23,6,20,7,2,2
40,22,6,20,8,2,2
40,21,6,20,9,2,2
40,20,6,20,10,2,2
40,24,6,21,5,2,2
40,23,6,21,6,2,2
40,22,6,21,7,2,2
40,21,6,21,8,2,2
40,20,6,21,9,2,2
40,23,6,22,5,2,2
40,22,6,22,6,2,2
40,21,6,22,7,2,2
40,20,6,22,8,2,2
40,22,6,23,5,2,2
40,21,6,23,6,2,2
40,20,6,23,7,2,2
40,21,6,24,5,2,2
40,20,6,24,6,2,2
40,25,6,25,0,2,2
40,20,6,25,5,2,2
40.2,24.8,6,25,0,2,2
40.4,24.6,6,25,0,2,2
39,20,6,5,25,3,2
39,20,6,6,24,3,2
39,20,6,7,23,3,2
39,21,6,8,21,3,2
39,20,6,8,22,3,2
39,21,6,9,20,3,2
39,20,6,9,21,3,2
39,21,6,10,19,3,2
39,20,6,10,20,3,2
39,21,6,11,18,3,2
39,20,6,11,19,3,2
39,21,6,12,17,3,2
39,20,6,12,18,3,2
39,22,6,13,15,3,2
39,21,6,13,16,3,2
39,20,6,13,17,3,2
39,22,6,14,14,3,2
39,21,6,14,15,3,2
39,20,6,14,16,3,2
39,22,6,15,13,3,2
39,21,6,15,14,3,2
39,20,6,15,15,3,2
39,22,6,16,12,3,2
39,21,6,16,13,3,2
39,20,6,16,14,3,2
39,22,6,17,11,3,2
39,21,6,17,12,3,2
39,20,6,17,13,3,2
39,22,6,18,10,3,2
39,21,6,18,11,3,2
39,20,6,18,12,3,2
39,23,6,19,8,3,2
39,22,6,19,9,3,2
39,21,6,19,10,3,2
39,20,6,19,11,3,2
39,23,6,20,7,3,2
39,22,6,20,8,3,2
39,21,6,20,9,3,2
39,20,6,20,10,3,2
39,23,6,21,6,3,2
39,22,6,21,7,3,2
39,21,6,21,8,3,2
39,20,6,21,9,3,2
39,23,6,22,5,3,2
39,22,6,22,6,3,2
39,21,6,22,7,3,2
39,20,6,22,8,3,2
39,22,6,23,5,3,2
39,21,6,23,6,3,2
39,20,6,23,7,3,2
39,21,6,24,5,3,2
39,20,6,24,6,3,2
39,25,6,25,0,3,2
39,20,6,25,5,3,2
39.2,24.8,6,25,0,3,2
39.4,24.6,6,25,0,3,2
38,20,6,5,25,4,2
38,20,6,6,24,4,2
38,20,6,7,23,4,2
38,20,6,8,22,4,2
38,20,6,9,21,4,2
38,21,6,10,19,4,2
38,20,6,10,20,4,2
38,21,6,11,18,4,2
38,20,6,11,19,4,2
38,21,6,12,17,4,2
38,20,6,12,18,4,2
38,21,6,13,16,4,2
38,20,6,13,17,4,2
38,21,6,14,15,4,2
38,20,6,14,16,4,2
38,22,6,15,13,4,2
38,21,6,15,14,4,2
38,20,6,15,15,4,2
38,21,6,16,13,4,2
38,20,6,16,14,4,2
38,21,6,17,12,4,2
38,20,6,17,13,4,2
38,22,6,18,10,4,2
38,21,6,18,11,4,2
38,20,6,18,12,4,2
38,22,6,19,9,4,2
38,21,6,19,10,4,2
38,20,6,19,11,4,2
38,21,6,20,9,4,2
38,20,6,20,10,4,2
38,22,6,21,7,4,2
38,21,6,21,8,4,2
38,20,6,21,9,4,2
38,22,6,22,6,4,2
38,21,6,22,7,4,2
38,20,6,22,8,4,2
38,22,6,23,5,4,2
38,21,6,23,6,4,2
38,20,6,23,7,4,2
38,21,6,24,5,4,2
38,20,6,24,6,4,2
38,20,6,25,5,4,2
37,20,6,7,23,5,2
37,20,6,8,22,5,2
37,20,6,9,21,5,2
37,20,6,10,20,5,2
37,20,6,11,19,5,2
37,20,6,12,18,5,2
37,20,6,13,17,5,2
37,20,6,14,16,5,2
37,22,6,22,6,5,2
37,22,6,23,5,5,2
37,21,6,24,5,5,2
41,21,7,5,24,0,2
41,20,7,5,25,0,2
41,21,7,6,23,0,2
41,20,7,6,24,0,2
41,22,7,7,21,0,2
41,21,7,7,22,0,2
41,20,7,7,23,0,2
41,22,7,8,20,0,2
41,21,7,8,21,0,2
41,20,7,8,22,0,2
41,22,7,9,19,0,2
41,21,7,9,20,0,2
41,20,7,9,21,0,2
41,22,7,10,18,0,2
41,21,7,10,19,0,2
41,20,7,10,20,0,2
41,23,7,11,16,0,2
41,22,7,11,17,0,2
41,21,7,11,18,0,2
41,20,7,11,19,0,2
41,23,7,12,15,0,2
41,22,7,12,16,0,2
41,21,7,12,17,0,2
41,20,7,12,18,0,2
41,23,7,13,14,0,2
41,22,7,13,15,0,2
41,21,7,13,16,0,2
41,20,7,13,17,0,2
41,23,7,14,13,0,2
41,22,7,14,14,0,2
41,21,7,14,15,0,2
41,20,7,14,16,0,2
41,23,7,15,12,0,2
41,22,7,15,13,0,2
41,21,7,15,14,0,2
41,20,7,15,15,0,2
41,23,7,16,11,0,2
41,22,7,16,12,0,2
41,21,7,16,13,0,2
41,20,7,16,14,0,2
41,23,7,17,10,0,2
41,22,7,17,11,0,2
41,21,7,17,12,0,2
41,20,7,17,13,0,2
41,23,7,18,9,0,2
41,22,7,18,10,0,2
41,21,7,18,11,0,2
41,20,7,18,12,0,2
41,24,7,19,7,0,2
41,23,7,19,8,0,2
41,22,7,19,9,0,2
41,21,7,19,10,0,2
41,20,7,19,11,0,2
41,24,7,20,6,0,2
41,23,7,20,7,0,2
41,22,7,20,8,0,2
41,21,7,20,9,0,2
41,20,7,20,10,0,2
41,24,7,21,5,0,2
41,23,7,21,6,0,2
41,22,7,21,7,0,2
41,21,7,21,8,0,2
41,20,7,21,9,0,2
41,23,7,22,5,0,2
41,22,7,22,6,0,2
41,21,7,22,7,0,2
41,20,7,22,8,0,2
41,22,7,23,5,0,2
41,21,7,23,6,0,2
41,20,7,23,7,0,2
41,21,7,24,5,0,2
41,20,7,24,6,0,2
41,25,7,25,0,0,2
41,20,7,25,5,0,2
41.2,24.8,7,25,0,0,2
40,21,7,5,24,1,2
40,20,7,5,25,1,2
40,21,7,6,23,1,2
40,20,7,6,24,1,2
40,22,7,7,21,1,2
40,21,7,7,22,1,2
40,20,7,7,23,1,2
40,22,7,8,20,1,2
40,21,7,8,21,1,2
40,20,7,8,22,1,2
40,22,7,9,19,1,2
40,21,7,9,20,1,2
40,20,7,9,21,1,2
40,22,7,10,18,1,2
40,21,7,10,19,1,2
40,20,7,10,20,1,2
40,22,7,11,17,1,2
40,21,7,11,18,1,2
40,20,7,11,19,1,2
40,23,7,12,15,1,2
40,22,7,12,16,1,2
40,21,7,12,17,1,2
40,20,7,12,18,1,2
40,23,7,13,14,1,2
40,22,7,13,15,1,2
40,21,7,13,16,1,2
40,20,7,13,17,1,2
40,23,7,14,13,1,2
40,22,7,14,14,1,2
40,21,7,14,15,1,2
40,20,7,14,16,1,2
40,23,7,15,12,1,2
40,22,7,15,13,1,2
40,21,7,15,14,1,2
40,20,7,15,15,1,2
40,23,7,16,11,1,2
40,22,7,16,12,1,2
40,21,7,16,13,1,2
40,20,7,16,14,1,2
40,23,7,17,10,1,2
40,22,7,17,11,1,2
40,21,7,17,12,1,2
40,20,7,17,13,1,2
40,24,7,18,8,1,2
40,23,7,18,9,1,2
40,22,7,18,10,1,2
40,21,7,18,11,1,2
40,20,7,18,12,1,2
40,24,7,19,7,1,2
40,23,7,19,8,1,2
40,22,7,19,9,1,2
40,21,7,19,10,1,2
40,20,7,19,11,1,2
40,24,7,20,6,1,2
40,23,7,20,7,1,2
40,22,7,20,8,1,2
40,21,7,20,9,1,2
40,20,7,20,10,1,2
40,24,7,21,5,1,2
40,23,7,21,6,1,2
40,22,7,21,7,1,2
40,21,7,21,8,1,2
40,20,7,21,9,1,2
40,23,7,22,5,1,2
40,22,7,22,6,1,2
40,21,7,22,7,1,2
40,20,7,22,8,1,2
40,22,7,23,5,1,2
40,21,7,23,6,1,2
40,20,7,23,7,1,2
40,26,7,24,0,1,2
40,21,7,24,5,1,2
40,20,7,24,6,1,2
40,25,7,25,0,1,2
40,20,7,25,5,1,2
40.2,25.8,7,24,0,1,2
40.2,24.8,7,25,0,1,2
39,20,7,5,25,2,2
39,20,7,6,24,2,2
39,20,7,7,23,2,2
39,20,7,8,22,2,2
39,21,7,9,20,2,2
39,20,7,9,21,2,2
39,21,7,10,19,2,2
39,20,7,10,20,2,2
39,22,7,11,17,2,2
39,21,7,11,18,2,2
39,20,7,11,19,2,2
39,22,7,12,16,2,2
39,21,7,12,17,2,2
39,20,7,12,18,2,2
39,22,7,13,15,2,2
39,21,7,13,16,2,2
39,20,7,13,17,2,2
39,22,7,14,14,2,2
39,21,7,14,15,2,2
39,20,7,14,16,2,2
39,23,7,15,12,2,2
39,22,7,15,13,2,2
39,21,7,15,14,2,2
39,20,7,15,15,2,2
39,23,7,16,11,2,2
39,22,7,16,12,2,2
39,21,7,16,13,2,2
39,20,7,16,14,2,2
39,23,7,17,10,2,2
39,22,7,17,11,2,2
39,21,7,17,12,2,2
39,20,7,17,13,2,2
39,23,7,18,9,2,2
39,22,7,18,10,2,2
39,21,7,18,11,2,2
39,20,7,18,12,2,2
39,23,7,19,8,2,2
39,22,7,19,9,2,2
39,21,7,19,10,2,2
39,20,7,19,11,2,2
39,23,7,20,7,2,2
39,22,7,20,8,2,2
39,21,7,20,9,2,2
39,20,7,20,10,2,2
39,24,7,21,5,2,2
39,23,7,21,6,2,2
39,22,7,21,7,2,2
39,21,7,21,8,2,2
39,20,7,21,9,2,2
39,23,7,22,5,2,2
39,22,7,22,6,2,2
39,21,7,22,7,2,2
39,20,7,22,8,2,2
39,22,7,23,5,2,2
39,21,7,23,6,2,2
39,20,7,23,7,2,2
39,21,7,24,5,2,2
39,20,7,24,6,2,2
39,25,7,25,0,2,2
39,20,7,25,5,2,2
39.2,24.8,7,25,0,2,2
38,20,7,5,25,3,2
38,20,7,6,24,3,2
38,20,7,7,23,3,2
38,20,7,8,22,3,2
38,20,7,9,21,3,2
38,21,7,10,19,3,2
38,20,7,10,20,3,2
38,21,7,11,18,3,2
38,20,7,11,19,3,2
38,22,7,12,16,3,2
38,21,7,12,17,3,2
38,20,7,12,18,3,2
38,22,7,13,15,3,2
38,21,7,13,16,3,2
38,20,7,13,17,3,2
38,22,7,14,14,3,2
38,21,7,14,15,3,2
38,20,7,14,16,3,2
38,22,7,15,13,3,2
38,21,7,15,14,3,2
38,20,7,15,15,3,2
38,22,7,16,12,3,2
38,21,7,16,13,3,2
38,20,7,16,14,3,2
38,22,7,17,11,3,2
38,21,7,17,12,3,2
38,20,7,17,13,3,2
38,22,7,18,10,3,2
38,21,7,18,11,3,2
38,20,7,18,12,3,2
38,21,7,19,10,3,2
38,20,7,19,11,3,2
38,20,7,20,10,3,2
38,22,7,23,5,3,2
38.2,24.8,7,25,0,3,2
37,20,7,6,24,4,2
37,20,7,7,23,4,2
37,20,7,8,22,4,2
37,20,7,9,21,4,2
37,20,7,10,20,4,2
37,20,7,11,19,4,2
37,21,7,12,17,4,2
37,20,7,12,18,4,2
37,21,7,13,16,4,2
37,20,7,13,17,4,2
37,22,7,14,14,4,2
37,21,7,14,15,4,2
37,20,7,14,16,4,2
37,21,7,15,14,4,2
37,20,7,15,15,4,2
37,20,7,16,14,4,2
36,20,7,7,23,5,2
36,20,7,8,22,5,2
36,20,7,9,21,5,2
36,20,7,10,20,5,2
36,20,7,11,19,5,2
36,20,7,12,18,5,2
40,20,8,5,25,0,2
40,21,8,6,23,0,2
40,20,8,6,24,0,2
40,21,8,7,22,0,2
40,20,8,7,23,0,2
40,21,8,8,21,0,2
40,20,8,8,22,0,2
40,22,8,9,19,0,2
40,21,8,9,20,0,2
40,20,8,9,21,0,2
40,22,8,10,18,0,2
40,21,8,10,19,0,2
40,20,8,10,20,0,2
40,22,8,11,17,0,2
40,21,8,11,18,0,2
40,20,8,11,19,0,2
40,23,8,12,15,0,2
40,22,8,12,16,0,2
40,21,8,12,17,0,2
40,20,8,12,18,0,2
40,23,8,13,14,0,2
40,22,8,13,15,0,2
40,21,8,13,16,0,2
40,20,8,13,17,0,2
40,23,8,14,13,0,2
40,22,8,14,14,0,2
40,21,8,14,15,0,2
40,20,8,14,16,0,2
40,23,8,15,12,0,2
40,22,8,15,13,0,2
40,21,8,15,14,0,2
40,20,8,15,15,0,2
40,23,8,16,11,0,2
40,22,8,16,12,0,2
40,21,8,16,13,0,2
40,20,8,16,14,0,2
40,23,8,17,10,0,2
40,22,8,17,11,0,2
40,21,8,17,12,0,2
40,20,8,17,13,0,2
40,23,8,18,9,0,2
40,22,8,18,10,0,2
40,21,8,18,11,0,2
40,20,8,18,12,0,2
40,23,8,19,8,0,2
40,22,8,19,9,0,2
40,21,8,19,10,0,2
40,20,8,19,11,0,2
40,23,8,20,7,0,2
40,22,8,20,8,0,2
40,21,8,20,9,0,2
40,20,8,20,10,0,2
40,24,8,21,5,0,2
40,23,8,21,6,0,2
40,22,8,21,7,0,2
40,21,8,21,8,0,2
40,20,8,21,9,0,2
40,23,8,22,5,0,2
40,22,8,22,6,0,2
40,21,8,22,7,0,2
40,20,8,22,8,0,2
40,22,8,23,5,0,2
40,21,8,23,6,0,2
40,20,8,23,7,0,2
40,21,8,24,5,0,2
40,20,8,24,6,0,2
40,25,8,25,0,0,2
40,20,8,25,5,0,2
39,21,8,5,24,1,2
39,20,8,5,25,1,2
39,21,8,6,23,1,2
39,20,8,6,24,1,2
39,21,8,7,22,1,2
39,20,8,7,23,1,2
39,21,8,8,21,1,2
39,20,8,8,22,1,2
39,22,8,9,19,1,2
39,21,8,9,20,1,2
39,20,8,9,21,1,2
39,22,8,10,18,1,2
39,21,8,10,19,1,2
39,20,8,10,20,1,2
39,22,8,11,17,1,2
39,21,8,11,18,1,2
39,20,8,11,19,1,2
39,22,8,12,16,1,2
39,21,8,12,17,1,2
39,20,8,12,18,1,2
39,23,8,13,14,1,2
39,22,8,13,15,1,2
39,21,8,13,16,1,2
39,20,8,13,17,1,2
39,23,8,14,13,1,2
39,22,8,14,14,1,2
39,21,8,14,15,1,2
39,20,8,14,16,1,2
39,23,8,15,12,1,2
39,22,8,15,13,1,2
39,21,8,15,14,1,2
39,20,8,15,15,1,2
39,23,8,16,11,1,2
39,22,8,16,12,1,2
39,21,8,16,13,1,2
39,20,8,16,14,1,2
39,23,8,17,10,1,2
39,22,8,17,11,1,2
39,21,8,17,12,1,2
39,20,8,17,13,1,2
39,23,8,18,9,1,2
39,22,8,18,10,1,2
39,21,8,18,11,1,2
39,20,8,18,12,1,2
39,24,8,19,7,1,2
39,23,8,19,8,1,2
39,22,8,19,9,1,2
39,21,8,19,10,1,2
39,20,8,19,11,1,2
39,24,8,20,6,1,2
39,23,8,20,7,1,2
39,22,8,20,8,1,2
39,21,8,20,9,1,2
39,20,8,20,10,1,2
39,24,8,21,5,1,2
39,23,8,21,6,1,2
39,22,8,21,7,1,2
39,21,8,21,8,1,2
39,20,8,21,9,1,2
39,23,8,22,5,1,2
39,22,8,22,6,1,2
39,21,8,22,7,1,2
39,20,8,22,8,1,2
39,22,8,23,5,1,2
39,21,8,23,6,1,2
39,20,8,23,7,1,2
39,21,8,24,5,1,2
39,20,8,24,6,1,2
39,25,8,25,0,1,2
39,20,8,25,5,1,2
39.2,24.8,8,25,0,1,2
38,20,8,5,25,2,2
38,20,8,6,24,2,2
38,20,8,7,23,2,2
38,20,8,8,22,2,2
38,21,8,9,20,2,2
38,20,8,9,21,2,2
38,22,8,10,18,2,2
38,21,8,10,19,2,2
38,20,8,10,20,2,2
38,22,8,11,17,2,2
38,21,8,11,18,2,2
38,20,8,11,19,2,2
38,22,8,12,16,2,2
38,21,8,12,17,2,2
38,20,8,12,18,2,2
38,22,8,13,15,2,2
38,21,8,13,16,2,2
38,20,8,13,17,2,2
38,22,8,14,14,2,2
38,21,8,14,15,2,2
38,20,8,14,16,2,2
38,22,8,15,13,2,2
38,21,8,15,14,2,2
38,20,8,15,15,2,2
38,23,8,16,11,2,2
38,22,8,16,12,2,2
38,21,8,16,13,2,2
38,20,8,16,14,2,2
38,23,8,17,10,2,2
38,22,8,17,11,2,2
38,21,8,17,12,2,2
38,20,8,17,13,2,2
38,23,8,18,9,2,2
38,22,8,18,10,2,2
38,21,8,18,11,2,2
38,20,8,18,12,2,2
38,23,8,19,8,2,2
38,22,8,19,9,2,2
38,21,8,19,10,2,2
38,20,8,19,11,2,2
38,23,8,20,7,2,2
38,22,8,20,8,2,2
38,21,8,20,9,2,2
38,20,8,20,10,2,2
38,20,8,21,9,2,2
38,23,8,22,5,2,2
38,25,8,25,0,2,2
37,20,8,7,23,3,2
37,20,8,8,22,3,2
37,20,8,9,21,3,2
37,21,8,10,19,3,2
37,20,8,10,20,3,2
37,21,8,11,18,3,2
37,20,8,11,19,3,2
37,22,8,12,16,3,2
37,21,8,12,17,3,2
37,20,8,12,18,3,2
37,22,8,13,15,3,2
37,21,8,13,16,3,2
37,20,8,13,17,3,2
37,22,8,14,14,3,2
37,21,8,14,15,3,2
37,20,8,14,16,3,2
37,21,8,15,14,3,2
37,20,8,15,15,3,2
37,21,8,16,13,3,2
37,20,8,16,14,3,2
37,20,8,17,13,3,2
36,20,8,8,22,4,2
36,20,8,9,21,4,2
36,20,8,10,20,4,2
36,20,8,11,19,4,2
36,20,8,12,18,4,2
36,20,8,13,17,4,2
39,20,9,5,25,0,2
39,20,9,6,24,0,2
39,21,9,7,22,0,2
39,20,9,7,23,0,2
39,21,9,8,21,0,2
39,20,9,8,22,0,2
39,21,9,9,20,0,2
39,20,9,9,21,0,2
39,21,9,10,19,0,2
39,20,9,10,20,0,2
39,21,9,11,18,0,2
39,20,9,11,19,0,2
39,21,9,12,17,0,2
39,20,9,12,18,0,2
39,22,9,13,15,0,2
39,21,9,13,16,0,2
39,20,9,13,17,0,2
39,22,9,14,14,0,2
39,21,9,14,15,0,2
39,20,9,14,16,0,2
39,22,9,15,13,0,2
39,21,9,15,14,0,2
39,20,9,15,15,0,2
39,22,9,16,12,0,2
39,21,9,16,13,0,2
39,20,9,16,14,0,2
39,22,9,17,11,0,2
39,21,9,17,12,0,2
39,20,9,17,13,0,2
39,22,9,18,10,0,2
39,21,9,18,11,0,2
39,20,9,18,12,0,2
39,22,9,19,9,0,2
39,21,9,19,10,0,2
39,20,9,19,11,0,2
39,22,9,20,8,0,2
39,21,9,20,9,0,2
39,20,9,20,10,0,2
39,23,9,21,6,0,2
39,22,9,21,7,0,2
39,21,9,21,8,0,2
39,20,9,21,9,0,2
39,23,9,22,5,0,2
39,22,9,22,6,0,2
39,21,9,22,7,0,2
39,20,9,22,8,0,2
39,22,9,23,5,0,2
39,21,9,23,6,0,2
39,20,9,23,7,0,2
39,21,9,24,5,0,2
39,20,9,24,6,0,2
39,25,9,25,0,0,2
39,20,9,25,5,0,2
38,21,9,5,24,1,2
38,20,9,5,25,1,2
38,21,9,6,23,1,2
38,20,9,6,24,1,2
38,21,9,7,22,1,2
38,20,9,7,23,1,2
38,21,9,8,21,1,2
38,20,9,8,22,1,2
38,22,9,9,19,1,2
38,21,9,9,20,1,2
38,20,9,9,21,1,2
38,22,9,10,18,1,2
38,21,9,10,19,1,2
38,20,9,10,20,1,2
38,22,9,11,17,1,2
38,21,9,11,18,1,2
38,20,9,11,19,1,2
38,22,9,12,16,1,2
38,21,9,12,17,1,2
38,20,9,12,18,1,2
38,22,9,13,15,1,2
38,21,9,13,16,1,2
38,20,9,13,17,1,2
38,23,9,14,13,1,2
38,22,9,14,14,1,2
38,21,9,14,15,1,2
38,20,9,14,16,1,2
38,22,9,15,13,1,2
38,21,9,15,14,1,2
38,20,9,15,15,1,2
38,22,9,16,12,1,2
38,21,9,16,13,1,2
38,20,9,16,14,1,2
38,23,9,17,10,1,2
38,22,9,17,11,1,2
38,21,9,17,12,1,2
38,20,9,17,13,1,2
38,23,9,18,9,1,2
38,22,9,18,10,1,2
38,21,9,18,11,1,2
38,20,9,18,12,1,2
38,23,9,19,8,1,2
38,22,9,19,9,1,2
38,21,9,19,10,1,2
38,20,9,19,11,1,2
38,23,9,20,7,1,2
38,22,9,20,8,1,2
38,21,9,20,9,1,2
38,20,9,20,10,1,2
38,23,9,21,6,1,2
38,22,9,21,7,1,2
38,21,9,21,8,1,2
38,20,9,21,9,1,2
38,23,9,22,5,1,2
38,22,9,22,6,1,2
38,21,9,22,7,1,2
38,20,9,22,8,1,2
38,22,9,23,5,1,2
38,21,9,23,6,1,2
38,20,9,23,7,1,2
38,21,9,24,5,1,2
38,20,9,24,6,1,2
38,25,9,25,0,1,2
38,20,9,25,5,1,2
37,20,9,5,25,2,2
37,20,9,6,24,2,2
37,20,9,7,23,2,2
37,20,9,8,22,2,2
37,21,9,9,20,2,2
37,20,9,9,21,2,2
37,21,9,10,19,2,2
37,20,9,10,20,2,2
37,21,9,11,18,2,2
37,20,9,11,19,2,2
37,22,9,12,16,2,2
37,21,9,12,17,2,2
37,20,9,12,18,2,2
37,22,9,13,15,2,2
37,21,9,13,16,2,2
37,20,9,13,17,2,2
37,22,9,14,14,2,2
37,21,9,14,15,2,2
37,20,9,14,16,2,2
37,22,9,15,13,2,2
37,21,9,15,14,2,2
37,20,9,15,15,2,2
37,22,9,16,12,2,2
37,21,9,16,13,2,2
37,20,9,16,14,2,2
37,22,9,17,11,2,2
37,21,9,17,12,2,2
37,20,9,17,13,2,2
37,21,9,18,11,2,2
37,20,9,18,12,2,2
37,20,9,19,11,2,2
36,20,9,7,23,3,2
36,20,9,8,22,3,2
36,20,9,9,21,3,2
36,20,9,10,20,3,2
36,21,9,11,18,3,2
36,20,9,11,19,3,2
36,21,9,12,17,3,2
36,20,9,12,18,3,2
36,21,9,13,16,3,2
36,20,9,13,17,3,2
36,21,9,14,15,3,2
36,20,9,14,16,3,2
36,20,9,15,15,3,2
38,20,10,5,25,0,2
38,20,10,6,24,0,2
38,20,10,7,23,0,2
38,20,10,8,22,0,2
38,20,10,9,21,0,2
38,20,10,10,20,0,2
38,20,10,11,19,0,2
38,20,10,12,18,0,2
38,21,10,13,16,0,2
38,20,10,13,17,0,2
38,21,10,14,15,0,2
38,20,10,14,16,0,2
38,21,10,15,14,0,2
38,20,10,15,15,0,2
38,21,10,16,13,0,2
38,20,10,16,14,0,2
38,21,10,17,12,0,2
38,20,10,17,13,0,2
38,21,10,18,11,0,2
38,20,10,18,12,0,2
38,21,10,19,10,0,2
38,20,10,19,11,0,2
38,22,10,20,8,0,2
38,21,10,20,9,0,2
38,20,10,20,10,0,2
38,22,10,21,7,0,2
38,21,10,21,8,0,2
38,20,10,21,9,0,2
38,22,10,22,6,0,2
38,21,10,22,7,0,2
38,20,10,22,8,0,2
38,22,10,23,5,0,2
38,21,10,23,6,0,2
38,20,10,23,7,0,2
38,21,10,24,5,0,2
38,20,10,24,6,0,2
38,20,10,25,5,0,2
37,20,10,5,25,1,2
37,20,10,6,24,1,2
37,20,10,7,23,1,2
37,20,10,8,22,1,2
37,20,10,9,21,1,2
37,21,10,10,19,1,2
37,20,10,10,20,1,2
37,21,10,11,18,1,2
37,20,10,11,19,1,2
37,21,10,12,17,1,2
37,20,10,12,18,1,2
37,21,10,13,16,1,2
37,20,10,13,17,1,2
37,22,10,14,14,1,2
37,21,10,14,15,1,2
37,20,10,14,16,1,2
37,21,10,15,14,1,2
37,20,10,15,15,1,2
37,21,10,16,13,1,2
37,20,10,16,14,1,2
37,22,10,17,11,1,2
37,21,10,17,12,1,2
37,20,10,17,13,1,2
37,22,10,18,10,1,2
37,21,10,18,11,1,2
37,20,10,18,12,1,2
37,22,10,19,9,1,2
37,21,10,19,10,1,2
37,20,10,19,11,1,2
37,23,10,20,7,1,2
37,22,10,20,8,1,2
37,21,10,20,9,1,2
37,20,10,20,10,1,2
37,23,10,21,6,1,2
37,22,10,21,7,1,2
37,21,10,21,8,1,2
37,20,10,21,9,1,2
37,23,10,22,5,1,2
37,22,10,22,6,1,2
37,21,10,22,7,1,2
37,20,10,22,8,1,2
37,22,10,23,5,1,2
37,21,10,23,6,1,2
37,20,10,23,7,1,2
37,21,10,24,5,1,2
37,20,10,24,6,1,2
36,20,10,6,24,2,2
36,20,10,7,23,2,2
36,20,10,8,22,2,2
36,21,10,9,20,2,2
36,20,10,9,21,2,2
36,21,10,10,19,2,2
36,20,10,10,20,2,2
36,21,10,11,18,2,2
36,20,10,11,19,2,2
36,21,10,12,17,2,2
36,20,10,12,18,2,2
36,21,10,13,16,2,2
36,20,10,13,17,2,2
36,21,10,14,15,2,2
36,20,10,14,16,2,2
36,21,10,15,14,2,2
36,20,10,15,15,2,2
36,21,10,16,13,2,2
36,20,10,16,14,2,2
36,20,10,17,13,2,2
37,20,11,8,22,0,2
37,20,11,9,21,0,2
37,20,11,10,20,0,2
37,20,11,11,19,0,2
37,20,11,12,18,0,2
37,20,11,13,17,0,2
37,20,11,14,16,0,2
37,20,11,15,15,0,2
37,20,11,16,14,0,2
37,21,11,17,12,0,2
37,20,11,17,13,0,2
37,21,11,18,11,0,2
37,20,11,18,12,0,2
37,21,11,19,10,0,2
37,20,11,19,11,0,2
37,21,11,20,9,0,2
37,20,11,20,10,0,2
37,21,11,21,8,0,2
37,20,11,21,9,0,2
37,21,11,22,7,0,2
37,20,11,22,8,0,2
37,21,11,23,6,0,2
37,20,11,23,7,0,2
37,21,11,24,5,0,2
37,20,11,24,6,0,2
37,20,11,25,5,0,2
36,20,11,11,19,1,2
36,20,11,12,18,1,2
36,21,11,13,16,1,2
36,20,11,13,17,1,2
36,21,11,14,15,1,2
36,20,11,14,16,1,2
36,20,11,15,15,1,2
36,20,11,16,14,1,2
36,20,11,17,13,1,2
36,21,11,18,11,1,2
36,20,11,18,12,1,2
36,21,11,19,10,1,2
36,20,11,19,11,1,2
36,20,11,20,10,1,2
36,20,11,21,9,1,2
36,20,12,20,10,0,2
36,20,12,23,7,0,2
36,20,12,24,6,0,2
36,20,12,25,5,0,2
47,28,0,0,22,0,3
47,27,0,0,23,0,3
47,25,0,5,20,0,3
47,24,0,5,21,0,3
47,23,0,5,22,0,3
47,22,0,5,23,0,3
47,21,0,5,24,0,3
47,20,0,5,25,0,3
47,25,0,6,19,0,3
47,24,0,6,20,0,3
47,23,0,6,21,0,3
47,22,0,6,22,0,3
47,21,0,6,23,0,3
47,20,0,6,24,0,3
47,29,0,7,14,0,3
47,28,0,7,15,0,3
47,26,0,7,17,0,3
47,25,0,7,18,0,3
47,24,0,7,19,0,3
47,23,0,7,20,0,3
47,22,0,7,21,0,3
47,21,0,7,22,0,3
47,20,0,7,23,0,3
47,29,0,8,13,0,3
47,28,0,8,14,0,3
47,26,0,8,16,0,3
47,25,0,8,17,0,3
47,24,0,8,18,0,3
47,23,0,8,19,0,3
47,22,0,8,20,0,3
47,21,0,8,21,0,3
47,20,0,8,22,0,3
47,30,0,9,11,0,3
47,29,0,9,12,0,3
47,28,0,9,13,0,3
47,26,0,9,15,0,3
47,25,0,9,16,0,3
47,24,0,9,17,0,3
47,23,0,9,18,0,3
47,22,0,9,19,0,3
47,21,0,9,20,0,3
47,20,0,9,21,0,3
47,30,0,10,10,0,3
47,29,0,10,11,0,3
47,28,0,10,12,0,3
47,26,0,10,14,0,3
47,25,0,10,15,0,3
47,24,0,10,16,0,3
47,23,0,10,17,0,3
47,22,0,10,18,0,3
47,21,0,10,19,0,3
47,20,0,10,20,0,3
47,30,0,11,9,0,3
47,29,0,11,10,0,3
47,28,0,11,11,0,3
47,26,0,11,13,0,3
47,25,0,11,14,0,3
47,24,0,11,15,0,3
47,23,0,11,16,0,3
47,22,0,11,17,0,3
47,21,0,11,18,0,3
47,20,0,11,19,0,3
47,30,0,12,8,0,3
47,29,0,12,9,0,3
47,27,0,12,11,0,3
47,26,0,12,12,0,3
47,25,0,12,13,0,3
47,24,0,12,14,0,3
47,23,0,12,15,0,3
47,22,0,12,16,0,3
47,21,0,12,17,0,3
47,20,0,12,18,0,3
47,30,0,13,7,0,3
47,29,0,13,8,0,3
47,27,0,13,10,0,3
47,26,0,13,11,0,3
47,25,0,13,12,0,3
47,24,0,13,13,0,3
47,23,0,13,14,0,3
47,22,0,13,15,0,3
47,21,0,13,16,0,3
47,20,0,13,17,0,3
47,30,0,14,6,0,3
47,29,0,14,7,0,3
47,27,0,14,9,0,3
47,26,0,14,10,0,3
47,25,0,14,11,0,3
47,24,0,14,12,0,3
47,23,0,14,13,0,3
47,22,0,14,14,0,3
47,21,0,14,15,0,3
47,20,0,14,16,0,3
47,30,0,15,5,0,3
47,29,0,15,6,0,3
47,28,0,15,7,0,3
47,27,0,15,8,0,3
47,26,0,15,9,0,3
47,25,0,15,10,0,3
47,24,0,15,11,0,3
47,23,0,15,12,0,3
47,22,0,15,13,0,3
47,21,0,15,14,0,3
47,20,0,15,15,0,3
47,29,0,16,5,0,3
47,28,0,16,6,0,3
47,27,0,16,7,0,3
47,26,0,16,8,0,3
47,25,0,16,9,0,3
47,24,0,16,10,0,3
47,23,0,16,11,0,3
47,22,0,16,12,0,3
47,21,0,16,13,0,3
47,20,0,16,14,0,3
47,28,0,17,5,0,3
47,27,0,17,6,0,3
47,26,0,17,7,0,3
47,25,0,17,8,0,3
47,24,0,17,9,0,3
47,23,0,17,10,0,3
47,22,0,17,11,0,3
47,21,0,17,12,0,3
47,20,0,17,13,0,3
47,27,0,18,5,0,3
47,26,0,18,6,0,3
47,25,0,18,7,0,3
47,24,0,18,8,0,3
47,23,0,18,9,0,3
47,22,0,18,10,0,3
47,21,0,18,11,0,3
47,20,0,18,12,0,3
47,26,0,19,5,0,3
47,25,0,19,6,0,3
47,24,0,19,7,0,3
47,23,0,19,8,0,3
47,22,0,19,9,0,3
47,21,0,19,10,0,3
47,20,0,19,11,0,3
47,25,0,20,5,0,3
47,24,0,20,6,0,3
47,23,0,20,7,0,3
47,22,0,20,8,0,3
47,21,0,20,9,0,3
47,20,0,20,10,0,3
47,24,0,21,5,0,3
47,23,0,21,6,0,3
47,22,0,21,7,0,3
47,21,0,21,8,0,3
47,20,0,21,9,0,3
47,28,0,22,0,0,3
47,23,0,22,5,0,3
47,22,0,22,6,0,3
47,21,0,22,7,0,3
47,20,0,22,8,0,3
47,27,0,23,0,0,3
47,22,0,23,5,0,3
47,21,0,23,6,0,3
47,20,0,23,7,0,3
47,26,0,24,0,0,3
47,21,0,24,5,0,3
47,20,0,24,6,0,3
47,25,0,25,0,0,3
47,20,0,25,5,0,3
47.2,23.8,0,5,21,0,3
47.2,22.8,0,5,22,0,3
47.2,21.8,0,5,23,0,3
47.2,20.8,0,5,24,0,3
47.2,24.8,0,6,19,0,3
47.2,23.8,0,6,20,0,3
47.2,22.8,0,6,21,0,3
47.2,21.8,0,6,22,0,3
47.2,20.8,0,6,23,0,3
47.2,24.8,0,7,18,0,3
47.2,23.8,0,7,19,0,3
47.2,22.8,0,7,20,0,3
47.2,21.8,0,7,21,0,3
47.2,20.8,0,7,22,0,3
47.2,24.8,0,8,17,0,3
47.2,23.8,0,8,18,0,3
47.2,22.8,0,8,19,0,3
47.2,21.8,0,8,20,0,3
47.2,20.8,0,8,21,0,3
47.2,24.8,0,9,16,0,3
47.2,23.8,0,9,17,0,3
47.2,22.8,0,9,18,0,3
47.2,21.8,0,9,19,0,3
47.2,20.8,0,9,20,0,3
47.2,25.8,0,10,14,0,3
47.2,24.8,0,10,15,0,3
47.2,23.8,0,10,16,0,3
47.2,22.8,0,10,17,0,3
47.2,21.8,0,10,18,0,3
47.2,25.8,0,11,13,0,3
47.2,24.8,0,11,14,0,3
47.2,23.8,0,11,15,0,3
47.2,22.8,0,11,16,0,3
47.2,21.8,0,11,17,0,3
47.2,25.8,0,12,12,0,3
47.2,24.8,0,12,13,0,3
47.2,23.8,0,12,14,0,3
47.2,22.8,0,12,15,0,3
47.2,21.8,0,12,16,0,3
47.2,25.8,0,13,11,0,3
47.2,24.8,0,13,12,0,3
47.2,23.8,0,13,13,0,3
47.2,22.8,0,13,14,0,3
47.2,21.8,0,13,15,0,3
47.2,25.8,0,14,10,0,3
47.2,24.8,0,14,11,0,3
47.2,23.8,0,14,12,0,3
47.2,22.8,0,14,13,0,3
47.2,21.8,0,14,14,0,3
47.2,26.8,0,15,8,0,3
47.2,25.8,0,15,9,0,3
47.2,24.8,0,15,10,0,3
47.2,23.8,0,15,11,0,3
47.2,22.8,0,15,12,0,3
47.2,21.8,0,15,13,0,3
47.2,26.8,0,16,7,0,3
47.2,25.8,0,16,8,0,3
47.2,24.8,0,16,9,0,3
47.2,23.8,0,16,10,0,3
47.2,22.8,0,16,11,0,3
47.2,21.8,0,16,12,0,3
47.2,26.8,0,17,6,0,3
47.2,25.8,0,17,7,0,3
47.2,24.8,0,17,8,0,3
47.2,23.8,0,17,9,0,3
47.2,22.8,0,17,10,0,3
47.2,21.8,0,17,11,0,3
47.2,26.8,0,18,5,0,3
47.2,25.8,0,18,6,0,3
47.2,24.8,0,18,7,0,3
47.2,23.8,0,18,8,0,3
47.2,22.8,0,18,9,0,3
47.2,21.8,0,18,10,0,3
47.2,25.8,0,19,5,0,3
47.2,24.8,0,19,6,0,3
47.2,23.8,0,19,7,0,3
47.2,22.8,0,19,8,0,3
47.2,21.8,0,19,9,0,3
47.2,24.8,0,20,5,0,3
47.2,23.8,0,20,6,0,3
47.2,22.8,0,20,7,0,3
47.2,21.8,0,20,8,0,3
47.2,20.8,0,20,9,0,3
47.2,23.8,0,21,5,0,3
47.2,22.8,0,21,6,0,3
47.2,21.8,0,21,7,0,3
47.2,20.8,0,21,8,0,3
47.2,22.8,0,22,5,0,3
47.2,21.8,0,22,6,0,3
47.2,20.8,0,22,7,0,3
47.2,21.8,0,23,5,0,3
47.2,20.8,0,23,6,0,3
47.2,25.8,0,24,0,0,3
47.2,20.8,0,24,5,0,3
47.2,24.8,0,25,0,0,3
47.4,23.6,0,5,21,0,3
47.4,22.6,0,5,22,0,3
47.4,24.6,0,6,19,0,3
47.4,23.6,0,6,20,0,3
47.4,24.6,0,7,18,0,3
47.4,24.6,0,8,17,0,3
46,23,0,5,22,1,3
46,22,0,5,23,1,3
46,21,0,5,24,1,3
46,20,0,5,25,1,3
46,24,0,6,20,1,3
46,23,0,6,21,1,3
46,22,0,6,22,1,3
46,21,0,6,23,1,3
46,20,0,6,24,1,3
46,24,0,7,19,1,3
46,23,0,7,20,1,3
46,22,0,7,21,1,3
46,21,0,7,22,1,3
46,20,0,7,23,1,3
46,25,0,8,17,1,3
46,24,0,8,18,1,3
46,23,0,8,19,1,3
46,22,0,8,20,1,3
46,21,0,8,21,1,3
46,20,0,8,22,1,3
46,25,0,9,16,1,3
46,24,0,9,17,1,3
46,23,0,9,18,1,3
46,22,0,9,19,1,3
46,21,0,9,20,1,3
46,20,0,9,21,1,3
46,25,0,10,15,1,3
46,24,0,10,16,1,3
46,23,0,10,17,1,3
46,22,0,10,18,1,3
46,21,0,10,19,1,3
46,20,0,10,20,1,3
46,25,0,11,14,1,3
46,24,0,11,15,1,3
46,23,0,11,16,1,3
46,22,0,11,17,1,3
46,21,0,11,18,1,3
46,20,0,11,19,1,3
46,26,0,12,12,1,3
46,25,0,12,13,1,3
46,24,0,12,14,1,3
46,23,0,12,15,1,3
46,22,0,12,16,1,3
46,21,0,12,17,1,3
46,20,0,12,18,1,3
46,26,0,13,11,1,3
46,25,0,13,12,1,3
46,24,0,13,13,1,3
46,23,0,13,14,1,3
46,22,0,13,15,1,3
46,21,0,13,16,1,3
46,20,0,13,17,1,3
46,26,0,14,10,1,3
46,25,0,14,11,1,3
46,24,0,14,12,1,3
46,23,0,14,13,1,3
46,22,0,14,14,1,3
46,21,0,14,15,1,3
46,20,0,14,16,1,3
46,27,0,15,8,1,3
46,26,0,15,9,1,3
46,25,0,15,10,1,3
46,24,0,15,11,1,3
46,23,0,15,12,1,3
46,22,0,15,13,1,3
46,21,0,15,14,1,3
46,20,0,15,15,1,3
46,27,0,16,7,1,3
46,26,0,16,8,1,3
46,25,0,16,9,1,3
46,24,0,16,10,1,3
46,23,0,16,11,1,3
46,22,0,16,12,1,3
46,21,0,16,13,1,3
46,20,0,16,14,1,3
46,28,0,17,5,1,3
46,27,0,17,6,1,3
46,26,0,17,7,1,3
46,25,0,17,8,1,3
46,24,0,17,9,1,3
46,23,0,17,10,1,3
46,22,0,17,11,1,3
46,21,0,17,12,1,3
46,20,0,17,13,1,3
46,27,0,18,5,1,3
46,26,0,18,6,1,3
46,25,0,18,7,1,3
46,24,0,18,8,1,3
46,23,0,18,9,1,3
46,22,0,18,10,1,3
46,21,0,18,11,1,3
46,20,0,18,12,1,3
46,26,0,19,5,1,3
46,25,0,19,6,1,3
46,24,0,19,7,1,3
46,23,0,19,8,1,3
46,22,0,19,9,1,3
46,21,0,19,10,1,3
46,20,0,19,11,1,3
46,25,0,20,5,1,3
46,24,0,20,6,1,3
46,23,0,20,7,1,3
46,22,0,20,8,1,3
46,21,0,20,9,1,3
46,20,0,20,10,1,3
46,24,0,21,5,1,3
46,23,0,21,6,1,3
46,22,0,21,7,1,3
46,21,0,21,8,1,3
46,20,0,21,9,1,3
46,28,0,22,0,1,3
46,23,0,22,5,1,3
46,22,0,22,6,1,3
46,21,0,22,7,1,3
46,20,0,22,8,1,3
46,27,0,23,0,1,3
46,22,0,23,5,1,3
46,21,0,23,6,1,3
46,20,0,23,7,1,3
46,26,0,24,0,1,3
46,21,0,24,5,1,3
46,20,0,24,6,1,3
46,25,0,25,0,1,3
46,20,0,25,5,1,3
46.2,21.8,0,5,23,1,3
46.2,20.8,0,5,24,1,3
46.2,22.8,0,6,21,1,3
46.2,21.8,0,6,22,1,3
46.2,20.8,0,6,23,1,3
46.2,23.8,0,7,19,1,3
46.2,22.8,0,7,20,1,3
46.2,21.8,0,7,21,1,3
46.2,20.8,0,7,22,1,3
46.2,23.8,0,8,18,1,3
46.2,22.8,0,8,19,1,3
46.2,21.8,0,8,20,1,3
46.2,20.8,0,8,21,1,3
46.2,23.8,0,9,17,1,3
46.2,22.8,0,9,18,1,3
46.2,21.8,0,9,19,1,3
46.2,20.8,0,9,20,1,3
46.2,24.8,0,10,15,1,3
46.2,23.8,0,10,16,1,3
46.2,22.8,0,10,17,1,3
46.2,21.8,0,10,18,1,3
46.2,24.8,0,11,14,1,3
46.2,23.8,0,11,15,1,3
46.2,22.8,0,11,16,1,3
46.2,21.8,0,11,17,1,3
46.2,24.8,0,12,13,1,3
46.2,23.8,0,12,14,1,3
46.2,22.8,0,12,15,1,3
46.2,21.8,0,12,16,1,3
46.2,25.8,0,13,11,1,3
46.2,24.8,0,13,12,1,3
46.2,23.8,0,13,13,1,3
46.2,22.8,0,13,14,1,3
46.2,21.8,0,13,15,1,3
46.2,25.8,0,14,10,1,3
46.2,24.8,0,14,11,1,3
46.2,23.8,0,14,12,1,3
46.2,22.8,0,14,13,1,3
46.2,21.8,0,14,14,1,3
46.2,25.8,0,15,9,1,3
46.2,24.8,0,15,10,1,3
46.2,23.8,0,15,11,1,3
46.2,22.8,0,15,12,1,3
46.2,21.8,0,15,13,1,3
46.2,25.8,0,16,8,1,3
46.2,24.8,0,16,9,1,3
46.2,23.8,0,16,10,1,3
46.2,22.8,0,16,11,1,3
46.2,21.8,0,16,12,1,3
46.2,26.8,0,17,6,1,3
46.2,25.8,0,17,7,1,3
46.2,24.8,0,17,8,1,3
46.2,23.8,0,17,9,1,3
46.2,22.8,0,17,10,1,3
46.2,21.8,0,17,11,1,3
46.2,26.8,0,18,5,1,3
46.2,25.8,0,18,6,1,3
46.2,24.8,0,18,7,1,3
46.2,23.8,0,18,8,1,3
46.2,22.8,0,18,9,1,3
46.2,21.8,0,18,10,1,3
46.2,25.8,0,19,5,1,3
46.2,24.8,0,19,6,1,3
46.2,23.8,0,19,7,1,3
46.2,22.8,0,19,8,1,3
46.2,21.8,0,19,9,1,3
46.2,24.8,0,20,5,1,3
46.2,23.8,0,20,6,1,3
46.2,22.8,0,20,7,1,3
46.2,21.8,0,20,8,1,3
46.2,23.8,0,21,5,1,3
46.2,22.8,0,21,6,1,3
46.2,21.8,0,21,7,1,3
46.2,20.8,0,21,8,1,3
46.2,22.8,0,22,5,1,3
46.2,21.8,0,22,6,1,3
46.2,20.8,0,22,7,1,3
46.2,21.8,0,23,5,1,3
46.2,20.8,0,23,6,1,3
46.2,25.8,0,24,0,1,3
46.2,20.8,0,24,5,1,3
46.2,24.8,0,25,0,1,3
45,20,0,5,25,2,3
45,21,0,6,23,2,3
45,20,0,6,24,2,3
45,21,0,7,22,2,3
45,20,0,7,23,2,3
45,20,0,8,22,2,3
45,24,0,9,17,2,3
45,22,0,9,19,2,3
45,21,0,9,20,2,3
45,20,0,9,21,2,3
45,24,0,10,16,2,3
45,22,0,10,18,2,3
45,21,0,10,19,2,3
45,20,0,10,20,2,3
45,24,0,11,15,2,3
45,23,0,11,16,2,3
45,22,0,11,17,2,3
45,21,0,11,18,2,3
45,20,0,11,19,2,3
45,24,0,12,14,2,3
45,22,0,12,16,2,3
45,21,0,12,17,2,3
45,20,0,12,18,2,3
45,25,0,13,12,2,3
45,24,0,13,13,2,3
45,23,0,13,14,2,3
45,22,0,13,15,2,3
45,21,0,13,16,2,3
45,20,0,13,17,2,3
45,26,0,14,10,2,3
45,25,0,14,11,2,3
45,24,0,14,12,2,3
45,23,0,14,13,2,3
45,22,0,14,14,2,3
45,21,0,14,15,2,3
45,20,0,14,16,2,3
45,26,0,15,9,2,3
45,25,0,15,10,2,3
45,24,0,15,11,2,3
45,23,0,15,12,2,3
45,22,0,15,13,2,3
45,21,0,15,14,2,3
45,20,0,15,15,2,3
45,26,0,16,8,2,3
45,25,0,16,9,2,3
45,24,0,16,10,2,3
45,23,0,16,11,2,3
45,22,0,16,12,2,3
45,21,0,16,13,2,3
45,20,0,16,14,2,3
45,27,0,17,6,2,3
45,26,0,17,7,2,3
45,25,0,17,8,2,3
45,24,0,17,9,2,3
45,23,0,17,10,2,3
45,22,0,17,11,2,3
45,21,0,17,12,2,3
45,20,0,17,13,2,3
45,26,0,18,6,2,3
45,25,0,18,7,2,3
45,24,0,18,8,2,3
45,23,0,18,9,2,3
45,22,0,18,10,2,3
45,21,0,18,11,2,3
45,20,0,18,12,2,3
45,26,0,19,5,2,3
45,25,0,19,6,2,3
45,24,0,19,7,2,3
45,23,0,19,8,2,3
45,22,0,19,9,2,3
45,21,0,19,10,2,3
45,20,0,19,11,2,3
45,25,0,20,5,2,3
45,24,0,20,6,2,3
45,23,0,20,7,2,3
45,22,0,20,8,2,3
45,21,0,20,9,2,3
45,20,0,20,10,2,3
45,24,0,21,5,2,3
45,23,0,21,6,2,3
45,22,0,21,7,2,3
45,21,0,21,8,2,3
45,20,0,21,9,2,3
45,23,0,22,5,2,3
45,22,0,22,6,2,3
45,21,0,22,7,2,3
45,20,0,22,8,2,3
45,27,0,23,0,2,3
45,22,0,23,5,2,3
45,21,0,23,6,2,3
45,20,0,23,7,2,3
45,26,0,24,0,2,3
45,21,0,24,5,2,3
45,20,0,24,6,2,3
45,25,0,25,0,2,3
45,20,0,25,5,2,3
45.2,20.8,0,5,24,2,3
45.2,20.8,0,6,23,2,3
45.2,20.8,0,7,22,2,3
45.2,21.8,0,8,20,2,3
45.2,20.8,0,8,21,2,3
45.2,21.8,0,9,19,2,3
45.2,20.8,0,9,20,2,3
45.2,21.8,0,10,18,2,3
45.2,21.8,0,11,17,2,3
45.2,22.8,0,12,15,2,3
45.2,21.8,0,12,16,2,3
45.2,23.8,0,13,13,2,3
45.2,22.8,0,13,14,2,3
45.2,21.8,0,13,15,2,3
45.2,23.8,0,14,12,2,3
45.2,22.8,0,14,13,2,3
45.2,21.8,0,14,14,2,3
45.2,23.8,0,15,11,2,3
45.2,22.8,0,15,12,2,3
45.2,21.8,0,15,13,2,3
45.2,23.8,0,16,10,2,3
45.2,22.8,0,16,11,2,3
45.2,21.8,0,16,12,2,3
45.2,25.8,0,17,7,2,3
45.2,23.8,0,17,9,2,3
45.2,22.8,0,17,10,2,3
45.2,21.8,0,17,11,2,3
45.2,25.8,0,18,6,2,3
45.2,23.8,0,18,8,2,3
45.2,22.8,0,18,9,2,3
45.2,21.8,0,18,10,2,3
45.2,25.8,0,19,5,2,3
45.2,24.8,0,19,6,2,3
45.2,23.8,0,19,7,2,3
45.2,22.8,0,19,8,2,3
45.2,21.8,0,19,9,2,3
45.2,24.8,0,20,5,2,3
45.2,23.8,0,20,6,2,3
45.2,22.8,0,20,7,2,3
45.2,21.8,0,20,8,2,3
45.2,23.8,0,21,5,2,3
45.2,22.8,0,21,6,2,3
45.2,21.8,0,21,7,2,3
45.2,20.8,0,21,8,2,3
45.2,22.8,0,22,5,2,3
45.2,21.8,0,22,6,2,3
45.2,20.8,0,22,7,2,3
45.2,21.8,0,23,5,2,3
45.2,20.8,0,23,6,2,3
45.2,25.8,0,24,0,2,3
45.2,20.8,0,24,5,2,3
45.2,24.8,0,25,0,2,3
44,20,0,8,22,3,3
44,20,0,9,21,3,3
44,21,0,10,19,3,3
44,20,0,10,20,3,3
44,21,0,11,18,3,3
44,20,0,11,19,3,3
44,21,0,12,17,3,3
44,20,0,12,18,3,3
44,21,0,13,16,3,3
44,20,0,13,17,3,3
44,21,0,14,15,3,3
44,20,0,14,16,3,3
44,22,0,15,13,3,3
44,21,0,15,14,3,3
44,20,0,15,15,3,3
44,22,0,16,12,3,3
44,21,0,16,13,3,3
44,20,0,16,14,3,3
44,22,0,17,11,3,3
44,21,0,17,12,3,3
44,20,0,17,13,3,3
44,25,0,18,7,3,3
44,22,0,18,10,3,3
44,21,0,18,11,3,3
44,20,0,18,12,3,3
44,25,0,19,6,3,3
44,24,0,19,7,3,3
44,22,0,19,9,3,3
44,21,0,19,10,3,3
44,20,0,19,11,3,3
44,25,0,20,5,3,3
44,24,0,20,6,3,3
44,23,0,20,7,3,3
44,22,0,20,8,3,3
44,21,0,20,9,3,3
44,20,0,20,10,3,3
44,24,0,21,5,3,3
44,23,0,21,6,3,3
44,22,0,21,7,3,3
44,21,0,21,8,3,3
44,20,0,21,9,3,3
44,23,0,22,5,3,3
44,22,0,22,6,3,3
44,21,0,22,7,3,3
44,20,0,22,8,3,3
44,22,0,23,5,3,3
44,21,0,23,6,3,3
44,20,0,23,7,3,3
44,26,0,24,0,3,3
44,21,0,24,5,3,3
44,20,0,24,6,3,3
44,25,0,25,0,3,3
44,20,0,25,5,3,3
44.2,21.8,0,14,14,3,3
44.2,21.8,0,15,13,3,3
44.2,21.8,0,16,12,3,3
44.2,21.8,0,17,11,3,3
44.2,24.8,0,18,7,3,3
44.2,22.8,0,18,9,3,3
44.2,21.8,0,18,10,3,3
44.2,24.8,0,19,6,3,3
44.2,23.8,0,19,7,3,3
44.2,22.8,0,19,8,3,3
44.2,21.8,0,19,9,3,3
44.2,24.8,0,20,5,3,3
44.2,23.8,0,20,6,3,3
44.2,22.8,0,20,7,3,3
44.2,21.8,0,20,8,3,3
44.2,23.8,0,21,5,3,3
44.2,22.8,0,21,6,3,3
44.2,21.8,0,21,7,3,3
44.2,20.8,0,21,8,3,3
44.2,22.8,0,22,5,3,3
44.2,21.8,0,22,6,3,3
44.2,20.8,0,22,7,3,3
44.2,21.8,0,23,5,3,3
44.2,20.8,0,23,6,3,3
44.2,20.8,0,24,5,3,3
44.2,24.8,0,25,0,3,3
43,21,0,14,15,4,3
43,21,0,15,14,4,3
43,20,0,15,15,4,3
43,21,0,16,13,4,3
43,20,0,16,14,4,3
43,22,0,17,11,4,3
43,21,0,17,12,4,3
43,20,0,17,13,4,3
43,21,0,18,11,4,3
43,20,0,18,12,4,3
43,21,0,19,10,4,3
43,20,0,19,11,4,3
43,22,0,20,8,4,3
43,21,0,20,9,4,3
43,20,0,20,10,4,3
43,22,0,21,7,4,3
43,21,0,21,8,4,3
43,20,0,21,9,4,3
43,22,0,22,6,4,3
43,21,0,22,7,4,3
43,20,0,22,8,4,3
43,22,0,23,5,4,3
43,21,0,23,6,4,3
43,20,0,23,7,4,3
43,21,0,24,5,4,3
43,20,0,24,6,4,3
43,20,0,25,5,4,3
43.2,21.8,0,17,11,4,3
43.2,21.8,0,21,7,4,3
43.2,20.8,0,21,8,4,3
43.2,21.8,0,22,6,4,3
43.2,20.8,0,22,7,4,3
43.2,21.8,0,23,5,4,3
43.2,20.8,0,23,6,4,3
43.2,20.8,0,24,5,4,3
42,20,0,17,13,5,3
42,20,0,18,12,5,3
42,21,0,19,10,5,3
42,20,0,19,11,5,3
42,21,0,20,9,5,3
42,20,0,20,10,5,3
42,20,0,21,9,5,3
42,21,0,22,7,5,3
42,20,0,22,8,5,3
42,22,0,23,5,5,3
42,21,0,23,6,5,3
42,20,0,23,7,5,3
42,21,0,24,5,5,3
42,20,0,24,6,5,3
42,20,0,25,5,5,3
42.2,21.8,0,23,5,5,3
42.2,20.8,0,24,5,5,3
41,21,0,16,13,6,3
41,21,0,19,10,6,3
41,20,0,19,11,6,3
41,20,0,20,10,6,3
41,21,0,22,7,6,3
41,20,0,22,8,6,3
41,22,0,23,5,6,3
41,21,0,23,6,6,3
41,20,0,23,7,6,3
41,21,0,24,5,6,3
41,20,0,24,6,6,3
41,20,0,25,5,6,3
41.2,20.8,0,20,9,6,3
41.2,20.8,0,22,7,6,3
41.2,21.8,0,23,5,6,3
41.2,20.8,0,23,6,6,3
41.2,20.8,0,24,5,6,3
40,20,0,19,11,7,3
40,21,0,22,7,7,3
40,21,0,23,6,7,3
40,20,0,23,7,7,3
40,21,0,24,5,7,3
40,20,0,24,6,7,3
40,20,0,25,5,7,3
40.2,20.8,0,23,6,7,3
40.2,20.8,0,24,5,7,3
39,21,0,22,7,8,3
39,21,0,23,6,8,3
39,20,0,23,7,8,3
39,21,0,24,5,8,3
39,20,0,24,6,8,3
39,20,0,25,5,8,3
39.2,20.8,0,23,6,8,3
39.2,20.8,0,24,5,8,3
38,20,0,23,7,9,3
38,21,0,24,5,9,3
38,20,0,24,6,9,3
38,20,0,25,5,9,3
38.2,20.8,0,23,6,9,3
38.2,20.8,0,24,5,9,3
37,20,0,24,6,10,3
37,20,0,25,5,10,3
37.2,20.8,0,24,5,10,3
36,20,0,25,5,11,3
42,21,5,5,24,0,3
42,20,5,5,25,0,3
42,21,5,6,23,0,3
42,20,5,6,24,0,3
42,21,5,7,22,0,3
42,20,5,7,23,0,3
42,22,5,8,20,0,3
42,21,5,8,21,0,3
42,20,5,8,22,0,3
42,22,5,9,19,0,3
42,21,5,9,20,0,3
42,20,5,9,21,0,3
42,22,5,10,18,0,3
42,21,5,10,19,0,3
42,20,5,10,20,0,3
42,22,5,11,17,0,3
42,21,5,11,18,0,3
42,20,5,11,19,0,3
42,23,5,12,15,0,3
42,22,5,12,16,0,3
42,21,5,12,17,0,3
42,20,5,12,18,0,3
42,23,5,13,14,0,3
42,22,5,13,15,0,3
42,21,5,13,16,0,3
42,20,5,13,17,0,3
42,23,5,14,13,0,3
42,22,5,14,14,0,3
42,21,5,14,15,0,3
42,20,5,14,16,0,3
42,23,5,15,12,0,3
42,22,5,15,13,0,3
42,21,5,15,14,0,3
42,20,5,15,15,0,3
42,24,5,16,10,0,3
42,23,5,16,11,0,3
42,22,5,16,12,0,3
42,21,5,16,13,0,3
42,20,5,16,14,0,3
42,24,5,17,9,0,3
42,23,5,17,10,0,3
42,22,5,17,11,0,3
42,21,5,17,12,0,3
42,20,5,17,13,0,3
42,24,5,18,8,0,3
42,23,5,18,9,0,3
42,22,5,18,10,0,3
42,21,5,18,11,0,3
42,20,5,18,12,0,3
42,24,5,19,7,0,3
42,23,5,19,8,0,3
42,22,5,19,9,0,3
42,21,5,19,10,0,3
42,20,5,19,11,0,3
42,24,5,20,6,0,3
42,23,5,20,7,0,3
42,22,5,20,8,0,3
42,21,5,20,9,0,3
42,20,5,20,10,0,3
42,24,5,21,5,0,3
42,23,5,21,6,0,3
42,22,5,21,7,0,3
42,21,5,21,8,0,3
42,20,5,21,9,0,3
42,23,5,22,5,0,3
42,22,5,22,6,0,3
42,21,5,22,7,0,3
42,20,5,22,8,0,3
42,22,5,23,5,0,3
42,21,5,23,6,0,3
42,20,5,23,7,0,3
42,21,5,24,5,0,3
42,20,5,24,6,0,3
42,25,5,25,0,0,3
42,20,5,25,5,0,3
41,21,5,5,24,1,3
41,20,5,5,25,1,3
41,21,5,6,23,1,3
41,20,5,6,24,1,3
41,21,5,7,22,1,3
41,20,5,7,23,1,3
41,22,5,8,20,1,3
41,21,5,8,21,1,3
41,20,5,8,22,1,3
41,22,5,9,19,1,3
41,21,5,9,20,1,3
41,20,5,9,21,1,3
41,22,5,10,18,1,3
41,21,5,10,19,1,3
41,20,5,10,20,1,3
41,23,5,11,16,1,3
41,22,5,11,17,1,3
41,21,5,11,18,1,3
41,20,5,11,19,1,3
41,23,5,12,15,1,3
41,22,5,12,16,1,3
41,21,5,12,17,1,3
41,20,5,12,18,1,3
41,23,5,13,14,1,3
41,22,5,13,15,1,3
41,21,5,13,16,1,3
41,20,5,13,17,1,3
41,23,5,14,13,1,3
41,22,5,14,14,1,3
41,21,5,14,15,1,3
41,20,5,14,16,1,3
41,23,5,15,12,1,3
41,22,5,15,13,1,3
41,21,5,15,14,1,3
41,20,5,15,15,1,3
41,24,5,16,10,1,3
41,23,5,16,11,1,3
41,22,5,16,12,1,3
41,21,5,16,13,1,3
41,20,5,16,14,1,3
41,23,5,17,10,1,3
41,22,5,17,11,1,3
41,21,5,17,12,1,3
41,20,5,17,13,1,3
41,24,5,18,8,1,3
41,23,5,18,9,1,3
41,22,5,18,10,1,3
41,21,5,18,11,1,3
41,20,5,18,12,1,3
41,25,5,19,6,1,3
41,24,5,19,7,1,3
41,23,5,19,8,1,3
41,22,5,19,9,1,3
41,21,5,19,10,1,3
41,20,5,19,11,1,3
41,25,5,20,5,1,3
41,24,5,20,6,1,3
41,23,5,20,7,1,3
41,22,5,20,8,1,3
41,21,5,20,9,1,3
41,20,5,20,10,1,3
41,24,5,21,5,1,3
41,23,5,21,6,1,3
41,22,5,21,7,1,3
41,21,5,21,8,1,3
41,20,5,21,9,1,3
41,23,5,22,5,1,3
41,22,5,22,6,1,3
41,21,5,22,7,1,3
41,20,5,22,8,1,3
41,22,5,23,5,1,3
41,21,5,23,6,1,3
41,20,5,23,7,1,3
41,26,5,24,0,1,3
41,21,5,24,5,1,3
41,20,5,24,6,1,3
41,25,5,25,0,1,3
41,20,5,25,5,1,3
41.2,25.8,5,24,0,1,3
41.2,24.8,5,25,0,1,3
41.4,24.6,5,25,0,1,3
40,21,5,5,24,2,3
40,20,5,5,25,2,3
40,21,5,6,23,2,3
40,20,5,6,24,2,3
40,21,5,7,22,2,3
40,20,5,7,23,2,3
40,21,5,8,21,2,3
40,20,5,8,22,2,3
40,22,5,9,19,2,3
40,21,5,9,20,2,3
40,20,5,9,21,2,3
40,22,5,10,18,2,3
40,21,5,10,19,2,3
40,20,5,10,20,2,3
40,22,5,11,17,2,3
40,21,5,11,18,2,3
40,20,5,11,19,2,3
40,22,5,12,16,2,3
40,21,5,12,17,2,3
40,20,5,12,18,2,3
40,22,5,13,15,2,3
40,21,5,13,16,2,3
40,20,5,13,17,2,3
40,22,5,14,14,2,3
40,21,5,14,15,2,3
40,20,5,14,16,2,3
40,23,5,15,12,2,3
40,22,5,15,13,2,3
40,21,5,15,14,2,3
40,20,5,15,15,2,3
40,23,5,16,11,2,3
40,22,5,16,12,2,3
40,21,5,16,13,2,3
40,20,5,16,14,2,3
40,23,5,17,10,2,3
40,22,5,17,11,2,3
40,21,5,17,12,2,3
40,20,5,17,13,2,3
40,23,5,18,9,2,3
40,22,5,18,10,2,3
40,21,5,18,11,2,3
40,20,5,18,12,2,3
40,24,5,19,7,2,3
40,23,5,19,8,2,3
40,22,5,19,9,2,3
40,21,5,19,10,2,3
40,20,5,19,11,2,3
40,24,5,20,6,2,3
40,23,5,20,7,2,3
40,22,5,20,8,2,3
40,21,5,20,9,2,3
40,20,5,20,10,2,3
40,24,5,21,5,2,3
40,23,5,21,6,2,3
40,22,5,21,7,2,3
40,21,5,21,8,2,3
40,20,5,21,9,2,3
40,23,5,22,5,2,3
40,22,5,22,6,2,3
40,21,5,22,7,2,3
40,20,5,22,8,2,3
40,22,5,23,5,2,3
40,21,5,23,6,2,3
40,20,5,23,7,2,3
40,21,5,24,5,2,3
40,20,5,24,6,2,3
40,25,5,25,0,2,3
40,20,5,25,5,2,3
40.2,24.8,5,25,0,2,3
40.4,24.6,5,25,0,2,3
40.6,24.4,5,25,0,2,3
39,20,5,5,25,3,3
39,20,5,7,23,3,3
39,20,5,8,22,3,3
39,21,5,9,20,3,3
39,20,5,9,21,3,3
39,21,5,10,19,3,3
39,20,5,10,20,3,3
39,21,5,11,18,3,3
39,20,5,11,19,3,3
39,21,5,12,17,3,3
39,20,5,12,18,3,3
39,21,5,13,16,3,3
39,20,5,13,17,3,3
39,22,5,14,14,3,3
39,21,5,14,15,3,3
39,20,5,14,16,3,3
39,22,5,15,13,3,3
39,21,5,15,14,3,3
39,20,5,15,15,3,3
39,22,5,16,12,3,3
39,21,5,16,13,3,3
39,20,5,16,14,3,3
39,22,5,17,11,3,3
39,21,5,17,12,3,3
39,20,5,17,13,3,3
39,22,5,18,10,3,3
39,21,5,18,11,3,3
39,20,5,18,12,3,3
39,21,5,19,10,3,3
39,20,5,19,11,3,3
39,22,5,20,8,3,3
39,21,5,20,9,3,3
39,20,5,20,10,3,3
39,22,5,21,7,3,3
39,21,5,21,8,3,3
39,20,5,21,9,3,3
39,23,5,22,5,3,3
39,22,5,22,6,3,3
39,21,5,22,7,3,3
39,20,5,22,8,3,3
39,22,5,23,5,3,3
39,21,5,23,6,3,3
39,20,5,23,7,3,3
39,21,5,24,5,3,3
39,20,5,24,6,3,3
39,25,5,25,0,3,3
39,20,5,25,5,3,3
39.2,24.8,5,25,0,3,3
39.4,24.6,5,25,0,3,3
38,20,5,7,23,4,3
38,20,5,8,22,4,3
38,20,5,9,21,4,3
38,20,5,10,20,4,3
38,20,5,11,19,4,3
38,20,5,12,18,4,3
38,20,5,13,17,4,3
38,20,5,14,16,4,3
38,20,5,15,15,4,3
38,20,5,16,14,4,3
38,20,5,17,13,4,3
38,20,5,18,12,4,3
38,20,5,19,11,4,3
38,20,5,21,9,4,3
38,20,5,22,8,4,3
38,21,5,23,6,4,3
38,20,5,23,7,4,3
38,21,5,24,5,4,3
38,20,5,24,6,4,3
38,20,5,25,5,4,3
38.4,24.6,5,25,0,4,3
37,20,5,9,21,5,3
37,20,5,11,19,5,3
37,20,5,13,17,5,3
37,20,5,14,16,5,3
37,20,5,15,15,5,3
37,20,5,16,14,5,3
37,20,5,25,5,5,3
36,20,5,24,6,6,3
36,20,5,25,5,6,3
41,21,6,5,24,0,3
41,20,6,5,25,0,3
41,21,6,6,23,0,3
41,20,6,6,24,0,3
41,22,6,7,21,0,3
41,21,6,7,22,0,3
41,20,6,7,23,0,3
41,22,6,8,20,0,3
41,21,6,8,21,0,3
41,20,6,8,22,0,3
41,22,6,9,19,0,3
41,21,6,9,20,0,3
41,20,6,9,21,0,3
41,22,6,10,18,0,3
41,21,6,10,19,0,3
41,20,6,10,20,0,3
41,22,6,11,17,0,3
41,21,6,11,18,0,3
41,20,6,11,19,0,3
41,23,6,12,15,0,3
41,22,6,12,16,0,3
41,21,6,12,17,0,3
41,20,6,12,18,0,3
41,23,6,13,14,0,3
41,22,6,13,15,0,3
41,21,6,13,16,0,3
41,20,6,13,17,0,3
41,23,6,14,13,0,3
41,22,6,14,14,0,3
41,21,6,14,15,0,3
41,20,6,14,16,0,3
41,24,6,15,11,0,3
41,23,6,15,12,0,3
41,22,6,15,13,0,3
41,21,6,15,14,0,3
41,20,6,15,15,0,3
41,24,6,16,10,0,3
41,23,6,16,11,0,3
41,22,6,16,12,0,3
41,21,6,16,13,0,3
41,20,6,16,14,0,3
41,24,6,17,9,0,3
41,23,6,17,10,0,3
41,22,6,17,11,0,3
41,21,6,17,12,0,3
41,20,6,17,13,0,3
41,24,6,18,8,0,3
41,23,6,18,9,0,3
41,22,6,18,10,0,3
41,21,6,18,11,0,3
41,20,6,18,12,0,3
41,24,6,19,7,0,3
41,23,6,19,8,0,3
41,22,6,19,9,0,3
41,21,6,19,10,0,3
41,20,6,19,11,0,3
41,24,6,20,6,0,3
41,23,6,20,7,0,3
41,22,6,20,8,0,3
41,21,6,20,9,0,3
41,20,6,20,10,0,3
41,24,6,21,5,0,3
41,23,6,21,6,0,3
41,22,6,21,7,0,3
41,21,6,21,8,0,3
41,20,6,21,9,0,3
41,23,6,22,5,0,3
41,22,6,22,6,0,3
41,21,6,22,7,0,3
41,20,6,22,8,0,3
41,22,6,23,5,0,3
41,21,6,23,6,0,3
41,20,6,23,7,0,3
41,21,6,24,5,0,3
41,20,6,24,6,0,3
41,25,6,25,0,0,3
41,20,6,25,5,0,3
40,21,6,5,24,1,3
40,20,6,5,25,1,3
40,21,6,6,23,1,3
40,20,6,6,24,1,3
40,22,6,7,21,1,3
40,21,6,7,22,1,3
40,20,6,7,23,1,3
40,22,6,8,20,1,3
40,21,6,8,21,1,3
40,20,6,8,22,1,3
40,22,6,9,19,1,3
40,21,6,9,20,1,3
40,20,6,9,21,1,3
40,22,6,10,18,1,3
40,21,6,10,19,1,3
40,20,6,10,20,1,3
40,22,6,11,17,1,3
40,21,6,11,18,1,3
40,20,6,11,19,1,3
40,23,6,12,15,1,3
40,22,6,12,16,1,3
40,21,6,12,17,1,3
40,20,6,12,18,1,3
40,23,6,13,14,1,3
40,22,6,13,15,1,3
40,21,6,13,16,1,3
40,20,6,13,17,1,3
40,23,6,14,13,1,3
40,22,6,14,14,1,3
40,21,6,14,15,1,3
40,20,6,14,16,1,3
40,23,6,15,12,1,3
40,22,6,15,13,1,3
40,21,6,15,14,1,3
40,20,6,15,15,1,3
40,23,6,16,11,1,3
40,22,6,16,12,1,3
40,21,6,16,13,1,3
40,20,6,16,14,1,3
40,23,6,17,10,1,3
40,22,6,17,11,1,3
40,21,6,17,12,1,3
40,20,6,17,13,1,3
40,24,6,18,8,1,3
40,23,6,18,9,1,3
40,22,6,18,10,1,3
40,21,6,18,11,1,3
40,20,6,18,12,1,3
40,23,6,19,8,1,3
40,22,6,19,9,1,3
40,21,6,19,10,1,3
40,20,6,19,11,1,3
40,24,6,20,6,1,3
40,23,6,20,7,1,3
40,22,6,20,8,1,3
40,21,6,20,9,1,3
40,20,6,20,10,1,3
40,24,6,21,5,1,3
40,23,6,21,6,1,3
40,22,6,21,7,1,3
40,21,6,21,8,1,3
40,20,6,21,9,1,3
40,23,6,22,5,1,3
40,22,6,22,6,1,3
40,21,6,22,7,1,3
40,20,6,22,8,1,3
40,22,6,23,5,1,3
40,21,6,23,6,1,3
40,20,6,23,7,1,3
40,26,6,24,0,1,3
40,21,6,24,5,1,3
40,20,6,24,6,1,3
40,25,6,25,0,1,3
40,20,6,25,5,1,3
40.2,25.8,6,24,0,1,3
40.2,24.8,6,25,0,1,3
40.4,24.6,6,25,0,1,3
39,20,6,5,25,2,3
39,21,6,6,23,2,3
39,20,6,6,24,2,3
39,21,6,7,22,2,3
39,20,6,7,23,2,3
39,21,6,8,21,2,3
39,20,6,8,22,2,3
39,22,6,9,19,2,3
39,21,6,9,20,2,3
39,20,6,9,21,2,3
39,22,6,10,18,2,3
39,21,6,10,19,2,3
39,20,6,10,20,2,3
39,22,6,11,17,2,3
39,21,6,11,18,2,3
39,20,6,11,19,2,3
39,22,6,12,16,2,3
39,21,6,12,17,2,3
39,20,6,12,18,2,3
39,22,6,13,15,2,3
39,21,6,13,16,2,3
39,20,6,13,17,2,3
39,22,6,14,14,2,3
39,21,6,14,15,2,3
39,20,6,14,16,2,3
39,23,6,15,12,2,3
39,22,6,15,13,2,3
39,21,6,15,14,2,3
39,20,6,15,15,2,3
39,22,6,16,12,2,3
39,21,6,16,13,2,3
39,20,6,16,14,2,3
39,23,6,17,10,2,3
39,22,6,17,11,2,3
39,21,6,17,12,2,3
39,20,6,17,13,2,3
39,23,6,18,9,2,3
39,22,6,18,10,2,3
39,21,6,18,11,2,3
39,20,6,18,12,2,3
39,22,6,19,9,2,3
39,21,6,19,10,2,3
39,20,6,19,11,2,3
39,22,6,20,8,2,3
39,21,6,20,9,2,3
39,20,6,20,10,2,3
39,23,6,21,6,2,3
39,22,6,21,7,2,3
39,21,6,21,8,2,3
39,20,6,21,9,2,3
39,23,6,22,5,2,3
39,22,6,22,6,2,3
39,21,6,22,7,2,3
39,20,6,22,8,2,3
39,22,6,23,5,2,3
39,21,6,23,6,2,3
39,20,6,23,7,2,3
39,21,6,24,5,2,3
39,20,6,24,6,2,3
39,25,6,25,0,2,3
39,20,6,25,5,2,3
39.2,24.8,6,25,0,2,3
38,20,6,5,25,3,3
38,20,6,6,24,3,3
38,20,6,7,23,3,3
38,20,6,8,22,3,3
38,21,6,9,20,3,3
38,20,6,9,21,3,3
38,21,6,10,19,3,3
38,20,6,10,20,3,3
38,21,6,11,18,3,3
38,20,6,11,19,3,3
38,21,6,12,17,3,3
38,20,6,12,18,3,3
38,22,6,13,15,3,3
38,21,6,13,16,3,3
38,20,6,13,17,3,3
38,22,6,14,14,3,3
38,21,6,14,15,3,3
38,20,6,14,16,3,3
38,22,6,15,13,3,3
38,21,6,15,14,3,3
38,20,6,15,15,3,3
38,22,6,16,12,3,3
38,21,6,16,13,3,3
38,20,6,16,14,3,3
38,22,6,17,11,3,3
38,21,6,17,12,3,3
38,20,6,17,13,3,3
38,22,6,18,10,3,3
38,21,6,18,11,3,3
38,20,6,18,12,3,3
38,21,6,19,10,3,3
38,20,6,19,11,3,3
38,21,6,20,9,3,3
38,20,6,20,10,3,3
38,22,6,21,7,3,3
38,21,6,21,8,3,3
38,20,6,21,9,3,3
38,22,6,22,6,3,3
38,21,6,22,7,3,3
38,20,6,22,8,3,3
38,22,6,23,5,3,3
38,21,6,23,6,3,3
38,20,6,23,7,3,3
38,21,6,24,5,3,3
38,20,6,24,6,3,3
38,20,6,25,5,3,3
38.2,24.8,6,25,0,3,3
37,20,6,6,24,4,3
37,20,6,7,23,4,3
37,20,6,8,22,4,3
37,20,6,9,21,4,3
37,20,6,10,20,4,3
37,20,6,11,19,4,3
37,20,6,12,18,4,3
37,20,6,13,17,4,3
37,21,6,14,15,4,3
37,20,6,14,16,4,3
37,21,6,15,14,4,3
37,20,6,15,15,4,3
37,20,6,16,14,4,3
37,20,6,17,13,4,3
37,20,6,18,12,4,3
37,22,6,23,5,4,3
40,21,7,5,24,0,3
40,20,7,5,25,0,3
40,21,7,6,23,0,3
40,20,7,6,24,0,3
40,21,7,7,22,0,3
40,20,7,7,23,0,3
40,21,7,8,21,0,3
40,20,7,8,22,0,3
40,22,7,9,19,0,3
40,21,7,9,20,0,3
40,20,7,9,21,0,3
40,22,7,10,18,0,3
40,21,7,10,19,0,3
40,20,7,10,20,0,3
40,22,7,11,17,0,3
40,21,7,11,18,0,3
40,20,7,11,19,0,3
40,23,7,12,15,0,3
40,22,7,12,16,0,3
40,21,7,12,17,0,3
40,20,7,12,18,0,3
40,23,7,13,14,0,3
40,22,7,13,15,0,3
40,21,7,13,16,0,3
40,20,7,13,17,0,3
40,23,7,14,13,0,3
40,22,7,14,14,0,3
40,21,7,14,15,0,3
40,20,7,14,16,0,3
40,23,7,15,12,0,3
40,22,7,15,13,0,3
40,21,7,15,14,0,3
40,20,7,15,15,0,3
40,23,7,16,11,0,3
40,22,7,16,12,0,3
40,21,7,16,13,0,3
40,20,7,16,14,0,3
40,23,7,17,10,0,3
40,22,7,17,11,0,3
40,21,7,17,12,0,3
40,20,7,17,13,0,3
40,23,7,18,9,0,3
40,22,7,18,10,0,3
40,21,7,18,11,0,3
40,20,7,18,12,0,3
40,23,7,19,8,0,3
40,22,7,19,9,0,3
40,21,7,19,10,0,3
40,20,7,19,11,0,3
40,23,7,20,7,0,3
40,22,7,20,8,0,3
40,21,7,20,9,0,3
40,20,7,20,10,0,3
40,23,7,21,6,0,3
40,22,7,21,7,0,3
40,21,7,21,8,0,3
40,20,7,21,9,0,3
40,23,7,22,5,0,3
40,22,7,22,6,0,3
40,21,7,22,7,0,3
40,20,7,22,8,0,3
40,22,7,23,5,0,3
40,21,7,23,6,0,3
40,20,7,23,7,0,3
40,21,7,24,5,0,3
40,20,7,24,6,0,3
40,25,7,25,0,0,3
40,20,7,25,5,0,3
39,21,7,5,24,1,3
39,20,7,5,25,1,3
39,21,7,6,23,1,3
39,20,7,6,24,1,3
39,21,7,7,22,1,3
39,20,7,7,23,1,3
39,21,7,8,21,1,3
39,20,7,8,22,1,3
39,22,7,9,19,1,3
39,21,7,9,20,1,3
39,20,7,9,21,1,3
39,22,7,10,18,1,3
39,21,7,10,19,1,3
39,20,7,10,20,1,3
39,22,7,11,17,1,3
39,21,7,11,18,1,3
39,20,7,11,19,1,3
39,23,7,12,15,1,3
39,22,7,12,16,1,3
39,21,7,12,17,1,3
39,20,7,12,18,1,3
39,23,7,13,14,1,3
39,22,7,13,15,1,3
39,21,7,13,16,1,3
39,20,7,13,17,1,3
39,23,7,14,13,1,3
39,22,7,14,14,1,3
39,21,7,14,15,1,3
39,20,7,14,16,1,3
39,23,7,15,12,1,3
39,22,7,15,13,1,3
39,21,7,15,14,1,3
39,20,7,15,15,1,3
39,23,7,16,11,1,3
39,22,7,16,12,1,3
39,21,7,16,13,1,3
39,20,7,16,14,1,3
39,23,7,17,10,1,3
39,22,7,17,11,1,3
39,21,7,17,12,1,3
39,20,7,17,13,1,3
39,23,7,18,9,1,3
39,22,7,18,10,1,3
39,21,7,18,11,1,3
39,20,7,18,12,1,3
39,23,7,19,8,1,3
39,22,7,19,9,1,3
39,21,7,19,10,1,3
39,20,7,19,11,1,3
39,23,7,20,7,1,3
39,22,7,20,8,1,3
39,21,7,20,9,1,3
39,20,7,20,10,1,3
39,23,7,21,6,1,3
39,22,7,21,7,1,3
39,21,7,21,8,1,3
39,20,7,21,9,1,3
39,23,7,22,5,1,3
39,22,7,22,6,1,3
39,21,7,22,7,1,3
39,20,7,22,8,1,3
39,22,7,23,5,1,3
39,21,7,23,6,1,3
39,20,7,23,7,1,3
39,26,7,24,0,1,3
39,21,7,24,5,1,3
39,20,7,24,6,1,3
39,25,7,25,0,1,3
39,20,7,25,5,1,3
39.2,25.8,7,24,0,1,3
39.2,24.8,7,25,0,1,3
38,20,7,5,25,2,3
38,20,7,6,24,2,3
38,20,7,7,23,2,3
38,21,7,8,21,2,3
38,20,7,8,22,2,3
38,22,7,9,19,2,3
38,21,7,9,20,2,3
38,20,7,9,21,2,3
38,22,7,10,18,2,3
38,21,7,10,19,2,3
38,20,7,10,20,2,3
38,22,7,11,17,2,3
38,21,7,11,18,2,3
38,20,7,11,19,2,3
38,22,7,12,16,2,3
38,21,7,12,17,2,3
38,20,7,12,18,2,3
38,22,7,13,15,2,3
38,21,7,13,16,2,3
38,20,7,13,17,2,3
38,22,7,14,14,2,3
38,21,7,14,15,2,3
38,20,7,14,16,2,3
38,22,7,15,13,2,3
38,21,7,15,14,2,3
38,20,7,15,15,2,3
38,22,7,16,12,2,3
38,21,7,16,13,2,3
38,20,7,16,14,2,3
38,22,7,17,11,2,3
38,21,7,17,12,2,3
38,20,7,17,13,2,3
38,23,7,18,9,2,3
38,22,7,18,10,2,3
38,21,7,18,11,2,3
38,20,7,18,12,2,3
38,22,7,19,9,2,3
38,21,7,19,10,2,3
38,20,7,19,11,2,3
38,22,7,20,8,2,3
38,21,7,20,9,2,3
38,20,7,20,10,2,3
38,22,7,21,7,2,3
38,21,7,21,8,2,3
38,20,7,21,9,2,3
38,22,7,22,6,2,3
38,21,7,22,7,2,3
38,20,7,22,8,2,3
38,22,7,23,5,2,3
38,21,7,23,6,2,3
38,20,7,23,7,2,3
38,21,7,24,5,2,3
38,20,7,24,6,2,3
38,25,7,25,0,2,3
38,20,7,25,5,2,3
38.2,24.8,7,25,0,2,3
37,20,7,6,24,3,3
37,20,7,7,23,3,3
37,20,7,8,22,3,3
37,21,7,9,20,3,3
37,20,7,9,21,3,3
37,21,7,10,19,3,3
37,20,7,10,20,3,3
37,21,7,11,18,3,3
37,20,7,11,19,3,3
37,21,7,12,17,3,3
37,20,7,12,18,3,3
37,22,7,13,15,3,3
37,21,7,13,16,3,3
37,20,7,13,17,3,3
37,22,7,14,14,3,3
37,21,7,14,15,3,3
37,20,7,14,16,3,3
37,21,7,15,14,3,3
37,20,7,15,15,3,3
37,21,7,16,13,3,3
37,20,7,16,14,3,3
37,21,7,17,12,3,3
37,20,7,17,13,3,3
37,20,7,18,12,3,3
36,20,7,8,22,4,3
36,20,7,9,21,4,3
36,20,7,10,20,4,3
36,20,7,11,19,4,3
36,20,7,12,18,4,3
36,21,7,13,16,4,3
36,20,7,13,17,4,3
36,21,7,14,15,4,3
36,20,7,14,16,4,3
36,20,7,15,15,4,3
39,20,8,5,25,0,3
39,20,8,6,24,0,3
39,21,8,7,22,0,3
39,20,8,7,23,0,3
39,21,8,8,21,0,3
39,20,8,8,22,0,3
39,21,8,9,20,0,3
39,20,8,9,21,0,3
39,21,8,10,19,0,3
39,20,8,10,20,0,3
39,22,8,11,17,0,3
39,21,8,11,18,0,3
39,20,8,11,19,0,3
39,22,8,12,16,0,3
39,21,8,12,17,0,3
39,20,8,12,18,0,3
39,22,8,13,15,0,3
39,21,8,13,16,0,3
39,20,8,13,17,0,3
39,23,8,14,13,0,3
39,22,8,14,14,0,3
39,21,8,14,15,0,3
39,20,8,14,16,0,3
39,23,8,15,12,0,3
39,22,8,15,13,0,3
39,21,8,15,14,0,3
39,20,8,15,15,0,3
39,23,8,16,11,0,3
39,22,8,16,12,0,3
39,21,8,16,13,0,3
39,20,8,16,14,0,3
39,23,8,17,10,0,3
39,22,8,17,11,0,3
39,21,8,17,12,0,3
39,20,8,17,13,0,3
39,23,8,18,9,0,3
39,22,8,18,10,0,3
39,21,8,18,11,0,3
39,20,8,18,12,0,3
39,23,8,19,8,0,3
39,22,8,19,9,0,3
39,21,8,19,10,0,3
39,20,8,19,11,0,3
39,23,8,20,7,0,3
39,22,8,20,8,0,3
39,21,8,20,9,0,3
39,20,8,20,10,0,3
39,23,8,21,6,0,3
39,22,8,21,7,0,3
39,21,8,21,8,0,3
39,20,8,21,9,0,3
39,23,8,22,5,0,3
39,22,8,22,6,0,3
39,21,8,22,7,0,3
39,20,8,22,8,0,3
39,22,8,23,5,0,3
39,21,8,23,6,0,3
39,20,8,23,7,0,3
39,21,8,24,5,0,3
39,20,8,24,6,0,3
39,25,8,25,0,0,3
39,20,8,25,5,0,3
38,20,8,5,25,1,3
38,21,8,6,23,1,3
38,20,8,6,24,1,3
38,21,8,7,22,1,3
38,20,8,7,23,1,3
38,21,8,8,21,1,3
38,20,8,8,22,1,3
38,22,8,9,19,1,3
38,21,8,9,20,1,3
38,20,8,9,21,1,3
38,22,8,10,18,1,3
38,21,8,10,19,1,3
38,20,8,10,20,1,3
38,22,8,11,17,1,3
38,21,8,11,18,1,3
38,20,8,11,19,1,3
38,22,8,12,16,1,3
38,21,8,12,17,1,3
38,20,8,12,18,1,3
38,23,8,13,14,1,3
38,22,8,13,15,1,3
38,21,8,13,16,1,3
38,20,8,13,17,1,3
38,23,8,14,13,1,3
38,22,8,14,14,1,3
38,21,8,14,15,1,3
38,20,8,14,16,1,3
38,23,8,15,12,1,3
38,22,8,15,13,1,3
38,21,8,15,14,1,3
38,20,8,15,15,1,3
38,23,8,16,11,1,3
38,22,8,16,12,1,3
38,21,8,16,13,1,3
38,20,8,16,14,1,3
38,23,8,17,10,1,3
38,22,8,17,11,1,3
38,21,8,17,12,1,3
38,20,8,17,13,1,3
38,23,8,18,9,1,3
38,22,8,18,10,1,3
38,21,8,18,11,1,3
38,20,8,18,12,1,3
38,23,8,19,8,1,3
38,22,8,19,9,1,3
38,21,8,19,10,1,3
38,20,8,19,11,1,3
38,23,8,20,7,1,3
38,22,8,20,8,1,3
38,21,8,20,9,1,3
38,20,8,20,10,1,3
38,23,8,21,6,1,3
38,22,8,21,7,1,3
38,21,8,21,8,1,3
38,20,8,21,9,1,3
38,23,8,22,5,1,3
38,22,8,22,6,1,3
38,21,8,22,7,1,3
38,20,8,22,8,1,3
38,22,8,23,5,1,3
38,21,8,23,6,1,3
38,20,8,23,7,1,3
38,21,8,24,5,1,3
38,20,8,24,6,1,3
38,25,8,25,0,1,3
38,20,8,25,5,1,3
37,20,8,5,25,2,3
37,20,8,6,24,2,3
37,20,8,7,23,2,3
37,21,8,8,21,2,3
37,20,8,8,22,2,3
37,21,8,9,20,2,3
37,20,8,9,21,2,3
37,21,8,10,19,2,3
37,20,8,10,20,2,3
37,22,8,11,17,2,3
37,21,8,11,18,2,3
37,20,8,11,19,2,3
37,22,8,12,16,2,3
37,21,8,12,17,2,3
37,20,8,12,18,2,3
37,22,8,13,15,2,3
37,21,8,13,16,2,3
37,20,8,13,17,2,3
37,22,8,14,14,2,3
37,21,8,14,15,2,3
37,20,8,14,16,2,3
37,22,8,15,13,2,3
37,21,8,15,14,2,3
37,20,8,15,15,2,3
37,22,8,16,12,2,3
37,21,8,16,13,2,3
37,20,8,16,14,2,3
37,22,8,17,11,2,3
37,21,8,17,12,2,3
37,20,8,17,13,2,3
37,22,8,18,10,2,3
37,21,8,18,11,2,3
37,20,8,18,12,2,3
37,21,8,19,10,2,3
37,20,8,19,11,2,3
37,20,8,20,10,2,3
36,20,8,7,23,3,3
36,20,8,8,22,3,3
36,20,8,9,21,3,3
36,20,8,10,20,3,3
36,21,8,11,18,3,3
36,20,8,11,19,3,3
36,21,8,12,17,3,3
36,20,8,12,18,3,3
36,21,8,13,16,3,3
36,20,8,13,17,3,3
36,21,8,14,15,3,3
36,20,8,14,16,3,3
36,20,8,15,15,3,3
36,20,8,16,14,3,3
38,20,9,5,25,0,3
38,20,9,6,24,0,3
38,20,9,7,23,0,3
38,20,9,8,22,0,3
38,20,9,9,21,0,3
38,20,9,10,20,0,3
38,21,9,11,18,0,3
38,20,9,11,19,0,3
38,21,9,12,17,0,3
38,20,9,12,18,0,3
38,21,9,13,16,0,3
38,20,9,13,17,0,3
38,21,9,14,15,0,3
38,20,9,14,16,0,3
38,21,9,15,14,0,3
38,20,9,15,15,0,3
38,21,9,16,13,0,3
38,20,9,16,14,0,3
38,21,9,17,12,0,3
38,20,9,17,13,0,3
38,21,9,18,11,0,3
38,20,9,18,12,0,3
38,21,9,19,10,0,3
38,20,9,19,11,0,3
38,22,9,20,8,0,3
38,21,9,20,9,0,3
38,20,9,20,10,0,3
38,22,9,21,7,0,3
38,21,9,21,8,0,3
38,20,9,21,9,0,3
38,21,9,22,7,0,3
38,20,9,22,8,0,3
38,22,9,23,5,0,3
38,21,9,23,6,0,3
38,20,9,23,7,0,3
38,21,9,24,5,0,3
38,20,9,24,6,0,3
38,20,9,25,5,0,3
37,21,9,5,24,1,3
37,20,9,5,25,1,3
37,21,9,6,23,1,3
37,20,9,6,24,1,3
37,21,9,7,22,1,3
37,20,9,7,23,1,3
37,21,9,8,21,1,3
37,20,9,8,22,1,3
37,22,9,9,19,1,3
37,21,9,9,20,1,3
37,20,9,9,21,1,3
37,22,9,10,18,1,3
37,21,9,10,19,1,3
37,20,9,10,20,1,3
37,22,9,11,17,1,3
37,21,9,11,18,1,3
37,20,9,11,19,1,3
37,22,9,12,16,1,3
37,21,9,12,17,1,3
37,20,9,12,18,1,3
37,22,9,13,15,1,3
37,21,9,13,16,1,3
37,20,9,13,17,1,3
37,22,9,14,14,1,3
37,21,9,14,15,1,3
37,20,9,14,16,1,3
37,22,9,15,13,1,3
37,21,9,15,14,1,3
37,20,9,15,15,1,3
37,22,9,16,12,1,3
37,21,9,16,13,1,3
37,20,9,16,14,1,3
37,22,9,17,11,1,3
37,21,9,17,12,1,3
37,20,9,17,13,1,3
37,23,9,18,9,1,3
37,22,9,18,10,1,3
37,21,9,18,11,1,3
37,20,9,18,12,1,3
37,23,9,19,8,1,3
37,22,9,19,9,1,3
37,21,9,19,10,1,3
37,20,9,19,11,1,3
37,22,9,20,8,1,3
37,21,9,20,9,1,3
37,20,9,20,10,1,3
37,22,9,21,7,1,3
37,21,9,21,8,1,3
37,20,9,21,9,1,3
37,22,9,22,6,1,3
37,21,9,22,7,1,3
37,20,9,22,8,1,3
37,22,9,23,5,1,3
37,21,9,23,6,1,3
37,20,9,23,7,1,3
37,21,9,24,5,1,3
37,20,9,24,6,1,3
37,20,9,25,5,1,3
36,20,9,5,25,2,3
36,20,9,6,24,2,3
36,20,9,7,23,2,3
36,20,9,8,22,2,3
36,21,9,9,20,2,3
36,20,9,9,21,2,3
36,21,9,10,19,2,3
36,20,9,10,20,2,3
36,21,9,11,18,2,3
36,20,9,11,19,2,3
36,21,9,12,17,2,3
36,20,9,12,18,2,3
36,21,9,13,16,2,3
36,20,9,13,17,2,3
36,21,9,14,15,2,3
36,20,9,14,16,2,3
36,21,9,15,14,2,3
36,20,9,15,15,2,3
36,21,9,16,13,2,3
36,20,9,16,14,2,3
36,21,9,17,12,2,3
36,20,9,17,13,2,3
36,20,9,18,12,2,3
37,20,10,9,21,0,3
37,20,10,10,20,0,3
37,20,10,11,19,0,3
37,20,10,13,17,0,3
37,21,10,14,15,0,3
37,20,10,14,16,0,3
37,21,10,15,14,0,3
37,20,10,15,15,0,3
37,20,10,16,14,0,3
37,20,10,17,13,0,3
37,20,10,18,12,0,3
37,20,10,19,11,0,3
37,21,10,20,9,0,3
37,20,10,20,10,0,3
37,21,10,21,8,0,3
37,20,10,21,9,0,3
37,21,10,22,7,0,3
37,20,10,22,8,0,3
37,20,10,23,7,0,3
36,20,10,7,23,1,3
36,20,10,8,22,1,3
36,20,10,9,21,1,3
36,20,10,10,20,1,3
36,21,10,11,18,1,3
36,20,10,11,19,1,3
36,21,10,12,17,1,3
36,20,10,12,18,1,3
36,21,10,13,16,1,3
36,20,10,13,17,1,3
36,21,10,14,15,1,3
36,20,10,14,16,1,3
36,20,10,15,15,1,3
36,20,10,16,14,1,3
36,21,10,17,12,1,3
36,20,10,17,13,1,3
36,21,10,18,11,1,3
36,20,10,18,12,1,3
36,21,10,19,10,1,3
36,20,10,19,11,1,3
36,21,10,20,9,1,3
36,20,10,20,10,1,3
36,21,10,21,8,1,3
36,20,10,21,9,1,3
36,20,10,22,8,1,3
46,25,0,5,20,0,4
46,24,0,5,21,0,4
46,23,0,5,22,0,4
46,22,0,5,23,0,4
46,21,0,5,24,0,4
46,20,0,5,25,0,4
46,25,0,6,19,0,4
46,24,0,6,20,0,4
46,23,0,6,21,0,4
46,22,0,6,22,0,4
46,21,0,6,23,0,4
46,20,0,6,24,0,4
46,25,0,7,18,0,4
46,24,0,7,19,0,4
46,23,0,7,20,0,4
46,22,0,7,21,0,4
46,21,0,7,22,0,4
46,20,0,7,23,0,4
46,25,0,8,17,0,4
46,24,0,8,18,0,4
46,23,0,8,19,0,4
46,22,0,8,20,0,4
46,21,0,8,21,0,4
46,20,0,8,22,0,4
46,28,0,9,13,0,4
46,26,0,9,15,0,4
46,25,0,9,16,0,4
46,24,0,9,17,0,4
46,23,0,9,18,0,4
46,22,0,9,19,0,4
46,21,0,9,20,0,4
46,20,0,9,21,0,4
46,28,0,10,12,0,4
46,27,0,10,13,0,4
46,26,0,10,14,0,4
46,25,0,10,15,0,4
46,24,0,10,16,0,4
46,23,0,10,17,0,4
46,22,0,10,18,0,4
46,21,0,10,19,0,4
46,20,0,10,20,0,4
46,28,0,11,11,0,4
46,27,0,11,12,0,4
46,26,0,11,13,0,4
46,25,0,11,14,0,4
46,24,0,11,15,0,4
46,23,0,11,16,0,4
46,22,0,11,17,0,4
46,21,0,11,18,0,4
46,20,0,11,19,0,4
46,29,0,12,9,0,4
46,27,0,12,11,0,4
46,26,0,12,12,0,4
46,25,0,12,13,0,4
46,24,0,12,14,0,4
46,23,0,12,15,0,4
46,22,0,12,16,0,4
46,21,0,12,17,0,4
46,20,0,12,18,0,4
46,29,0,13,8,0,4
46,27,0,13,10,0,4
46,26,0,13,11,0,4
46,25,0,13,12,0,4
46,24,0,13,13,0,4
46,23,0,13,14,0,4
46,22,0,13,15,0,4
46,21,0,13,16,0,4
46,20,0,13,17,0,4
46,29,0,14,7,0,4
46,27,0,14,9,0,4
46,26,0,14,10,0,4
46,25,0,14,11,0,4
46,24,0,14,12,0,4
46,23,0,14,13,0,4
46,22,0,14,14,0,4
46,21,0,14,15,0,4
46,20,0,14,16,0,4
46,29,0,15,6,0,4
46,28,0,15,7,0,4
46,27,0,15,8,0,4
46,26,0,15,9,0,4
46,25,0,15,10,0,4
46,24,0,15,11,0,4
46,23,0,15,12,0,4
46,22,0,15,13,0,4
46,21,0,15,14,0,4
46,20,0,15,15,0,4
46,28,0,16,6,0,4
46,27,0,16,7,0,4
46,26,0,16,8,0,4
46,25,0,16,9,0,4
46,24,0,16,10,0,4
46,23,0,16,11,0,4
46,22,0,16,12,0,4
46,21,0,16,13,0,4
46,20,0,16,14,0,4
46,28,0,17,5,0,4
46,27,0,17,6,0,4
46,26,0,17,7,0,4
46,25,0,17,8,0,4
46,24,0,17,9,0,4
46,23,0,17,10,0,4
46,22,0,17,11,0,4
46,21,0,17,12,0,4
46,20,0,17,13,0,4
46,27,0,18,5,0,4
46,26,0,18,6,0,4
46,25,0,18,7,0,4
46,24,0,18,8,0,4
46,23,0,18,9,0,4
46,22,0,18,10,0,4
46,21,0,18,11,0,4
46,20,0,18,12,0,4
46,26,0,19,5,0,4
46,25,0,19,6,0,4
46,24,0,19,7,0,4
46,23,0,19,8,0,4
46,22,0,19,9,0,4
46,21,0,19,10,0,4
46,20,0,19,11,0,4
46,25,0,20,5,0,4
46,24,0,20,6,0,4
46,23,0,20,7,0,4
46,22,0,20,8,0,4
46,21,0,20,9,0,4
46,20,0,20,10,0,4
46,24,0,21,5,0,4
46,23,0,21,6,0,4
46,22,0,21,7,0,4
46,21,0,21,8,0,4
46,20,0,21,9,0,4
46,23,0,22,5,0,4
46,22,0,22,6,0,4
46,21,0,22,7,0,4
46,20,0,22,8,0,4
46,22,0,23,5,0,4
46,21,0,23,6,0,4
46,20,0,23,7,0,4
46,21,0,24,5,0,4
46,20,0,24,6,0,4
46,25,0,25,0,0,4
46,20,0,25,5,0,4
46.2,23.8,0,5,21,0,4
46.2,22.8,0,5,22,0,4
46.2,21.8,0,5,23,0,4
46.2,20.8,0,5,24,0,4
46.2,23.8,0,6,20,0,4
46.2,22.8,0,6,21,0,4
46.2,21.8,0,6,22,0,4
46.2,20.8,0,6,23,0,4
46.2,23.8,0,7,19,0,4
46.2,22.8,0,7,20,0,4
46.2,21.8,0,7,21,0,4
46.2,20.8,0,7,22,0,4
46.2,24.8,0,8,17,0,4
46.2,23.8,0,8,18,0,4
46.2,22.8,0,8,19,0,4
46.2,21.8,0,8,20,0,4
46.2,20.8,0,8,21,0,4
46.2,24.8,0,9,16,0,4
46.2,23.8,0,9,17,0,4
46.2,22.8,0,9,18,0,4
46.2,21.8,0,9,19,0,4
46.2,20.8,0,9,20,0,4
46.2,24.8,0,10,15,0,4
46.2,23.8,0,10,16,0,4
46.2,22.8,0,10,17,0,4
46.2,21.8,0,10,18,0,4
46.2,20.8,0,10,19,0,4
46.2,25.8,0,11,13,0,4
46.2,24.8,0,11,14,0,4
46.2,23.8,0,11,15,0,4
46.2,22.8,0,11,16,0,4
46.2,21.8,0,11,17,0,4
46.2,20.8,0,11,18,0,4
46.2,25.8,0,12,12,0,4
46.2,24.8,0,12,13,0,4
46.2,23.8,0,12,14,0,4
46.2,22.8,0,12,15,0,4
46.2,21.8,0,12,16,0,4
46.2,20.8,0,12,17,0,4
46.2,25.8,0,13,11,0,4
46.2,24.8,0,13,12,0,4
46.2,23.8,0,13,13,0,4
46.2,22.8,0,13,14,0,4
46.2,21.8,0,13,15,0,4
46.2,20.8,0,13,16,0,4
46.2,25.8,0,14,10,0,4
46.2,24.8,0,14,11,0,4
46.2,23.8,0,14,12,0,4
46.2,22.8,0,14,13,0,4
46.2,21.8,0,14,14,0,4
46.2,20.8,0,14,15,0,4
46.2,25.8,0,15,9,0,4
46.2,24.8,0,15,10,0,4
46.2,23.8,0,15,11,0,4
46.2,22.8,0,15,12,0,4
46.2,21.8,0,15,13,0,4
46.2,20.8,0,15,14,0,4
46.2,25.8,0,16,8,0,4
46.2,24.8,0,16,9,0,4
46.2,23.8,0,16,10,0,4
46.2,22.8,0,16,11,0,4
46.2,21.8,0,16,12,0,4
46.2,20.8,0,16,13,0,4
46.2,25.8,0,17,7,0,4
46.2,24.8,0,17,8,0,4
46.2,23.8,0,17,9,0,4
46.2,22.8,0,17,10,0,4
46.2,21.8,0,17,11,0,4
46.2,20.8,0,17,12,0,4
46.2,25.8,0,18,6,0,4
46.2,24.8,0,18,7,0,4
46.2,23.8,0,18,8,0,4
46.2,22.8,0,18,9,0,4
46.2,21.8,0,18,10,0,4
46.2,20.8,0,18,11,0,4
46.2,25.8,0,19,5,0,4
46.2,24.8,0,19,6,0,4
46.2,23.8,0,19,7,0,4
46.2,22.8,0,19,8,0,4
46.2,21.8,0,19,9,0,4
46.2,20.8,0,19,10,0,4
46.2,24.8,0,20,5,0,4
46.2,23.8,0,20,6,0,4
46.2,22.8,0,20,7,0,4
46.2,21.8,0,20,8,0,4
46.2,20.8,0,20,9,0,4
46.2,23.8,0,21,5,0,4
46.2,22.8,0,21,6,0,4
46.2,21.8,0,21,7,0,4
46.2,20.8,0,21,8,0,4
46.2,22.8,0,22,5,0,4
46.2,21.8,0,22,6,0,4
46.2,20.8,0,22,7,0,4
46.2,21.8,0,23,5,0,4
46.2,20.8,0,23,6,0,4
46.2,20.8,0,24,5,0,4
46.2,24.8,0,25,0,0,4
46.4,23.6,0,5,21,0,4
46.4,22.6,0,5,22,0,4
46.4,21.6,0,5,23,0,4
46.4,20.6,0,5,24,0,4
46.4,23.6,0,6,20,0,4
46.4,22.6,0,6,21,0,4
46.4,21.6,0,6,22,0,4
46.4,23.6,0,7,19,0,4
46.4,22.6,0,7,20,0,4
46.4,21.6,0,7,21,0,4
46.4,23.6,0,8,18,0,4
46.4,22.6,0,8,19,0,4
46.4,23.6,0,9,17,0,4
46.4,24.6,0,10,15,0,4
46.4,23.6,0,10,16,0,4
46.4,24.6,0,11,14,0,4
46.4,25.6,0,12,12,0,4
46.4,25.6,0,13,11,0,4
46.4,25.6,0,14,10,0,4
46.4,25.6,0,15,9,0,4
46.4,25.6,0,16,8,0,4
45,23,0,5,22,1,4
45,22,0,5,23,1,4
45,21,0,5,24,1,4
45,20,0,5,25,1,4
45,24,0,6,20,1,4
45,23,0,6,21,1,4
45,22,0,6,22,1,4
45,21,0,6,23,1,4
45,20,0,6,24,1,4
45,24,0,7,19,1,4
45,23,0,7,20,1,4
45,22,0,7,21,1,4
45,21,0,7,22,1,4
45,20,0,7,23,1,4
45,25,0,8,17,1,4
45,24,0,8,18,1,4
45,23,0,8,19,1,4
45,22,0,8,20,1,4
45,21,0,8,21,1,4
45,20,0,8,22,1,4
45,25,0,9,16,1,4
45,24,0,9,17,1,4
45,23,0,9,18,1,4
45,22,0,9,19,1,4
45,21,0,9,20,1,4
45,20,0,9,21,1,4
45,25,0,10,15,1,4
45,24,0,10,16,1,4
45,23,0,10,17,1,4
45,22,0,10,18,1,4
45,21,0,10,19,1,4
45,20,0,10,20,1,4
45,25,0,11,14,1,4
45,24,0,11,15,1,4
45,23,0,11,16,1,4
45,22,0,11,17,1,4
45,21,0,11,18,1,4
45,20,0,11,19,1,4
45,25,0,12,13,1,4
45,24,0,12,14,1,4
45,23,0,12,15,1,4
45,22,0,12,16,1,4
45,21,0,12,17,1,4
45,20,0,12,18,1,4
45,25,0,13,12,1,4
45,24,0,13,13,1,4
45,23,0,13,14,1,4
45,22,0,13,15,1,4
45,21,0,13,16,1,4
45,20,0,13,17,1,4
45,25,0,14,11,1,4
45,24,0,14,12,1,4
45,23,0,14,13,1,4
45,22,0,14,14,1,4
45,21,0,14,15,1,4
45,20,0,14,16,1,4
45,27,0,15,8,1,4
45,26,0,15,9,1,4
45,25,0,15,10,1,4
45,24,0,15,11,1,4
45,23,0,15,12,1,4
45,22,0,15,13,1,4
45,21,0,15,14,1,4
45,20,0,15,15,1,4
45,27,0,16,7,1,4
45,26,0,16,8,1,4
45,25,0,16,9,1,4
45,24,0,16,10,1,4
45,23,0,16,11,1,4
45,22,0,16,12,1,4
45,21,0,16,13,1,4
45,20,0,16,14,1,4
45,27,0,17,6,1,4
45,26,0,17,7,1,4
45,25,0,17,8,1,4
45,24,0,17,9,1,4
45,23,0,17,10,1,4
45,22,0,17,11,1,4
45,21,0,17,12,1,4
45,20,0,17,13,1,4
45,26,0,18,6,1,4
45,25,0,18,7,1,4
45,24,0,18,8,1,4
45,23,0,18,9,1,4
45,22,0,18,10,1,4
45,21,0,18,11,1,4
45,20,0,18,12,1,4
45,25,0,19,6,1,4
45,24,0,19,7,1,4
45,23,0,19,8,1,4
45,22,0,19,9,1,4
45,21,0,19,10,1,4
45,20,0,19,11,1,4
45,25,0,20,5,1,4
45,24,0,20,6,1,4
45,23,0,20,7,1,4
45,22,0,20,8,1,4
45,21,0,20,9,1,4
45,20,0,20,10,1,4
45,24,0,21,5,1,4
45,23,0,21,6,1,4
45,22,0,21,7,1,4
45,21,0,21,8,1,4
45,20,0,21,9,1,4
45,23,0,22,5,1,4
45,22,0,22,6,1,4
45,21,0,22,7,1,4
45,20,0,22,8,1,4
45,22,0,23,5,1,4
45,21,0,23,6,1,4
45,20,0,23,7,1,4
45,26,0,24,0,1,4
45,21,0,24,5,1,4
45,20,0,24,6,1,4
45,25,0,25,0,1,4
45,20,0,25,5,1,4
45.2,21.8,0,5,23,1,4
45.2,20.8,0,5,24,1,4
45.2,21.8,0,6,22,1,4
45.2,20.8,0,6,23,1,4
45.2,21.8,0,7,21,1,4
45.2,20.8,0,7,22,1,4
45.2,21.8,0,8,20,1,4
45.2,20.8,0,8,21,1,4
45.2,23.8,0,9,17,1,4
45.2,22.8,0,9,18,1,4
45.2,21.8,0,9,19,1,4
45.2,20.8,0,9,20,1,4
45.2,24.8,0,10,15,1,4
45.2,23.8,0,10,16,1,4
45.2,22.8,0,10,17,1,4
45.2,21.8,0,10,18,1,4
45.2,20.8,0,10,19,1,4
45.2,24.8,0,11,14,1,4
45.2,23.8,0,11,15,1,4
45.2,22.8,0,11,16,1,4
45.2,21.8,0,11,17,1,4
45.2,20.8,0,11,18,1,4
45.2,24.8,0,12,13,1,4
45.2,23.8,0,12,14,1,4
45.2,22.8,0,12,15,1,4
45.2,21.8,0,12,16,1,4
45.2,20.8,0,12,17,1,4
45.2,24.8,0,13,12,1,4
45.2,23.8,0,13,13,1,4
45.2,22.8,0,13,14,1,4
45.2,21.8,0,13,15,1,4
45.2,20.8,0,13,16,1,4
45.2,24.8,0,14,11,1,4
45.2,23.8,0,14,12,1,4
45.2,22.8,0,14,13,1,4
45.2,21.8,0,14,14,1,4
45.2,20.8,0,14,15,1,4
45.2,24.8,0,15,10,1,4
45.2,23.8,0,15,11,1,4
45.2,22.8,0,15,12,1,4
45.2,21.8,0,15,13,1,4
45.2,20.8,0,15,14,1,4
45.2,25.8,0,16,8,1,4
45.2,24.8,0,16,9,1,4
45.2,23.8,0,16,10,1,4
45.2,22.8,0,16,11,1,4
45.2,21.8,0,16,12,1,4
45.2,20.8,0,16,13,1,4
45.2,25.8,0,17,7,1,4
45.2,24.8,0,17,8,1,4
45.2,23.8,0,17,9,1,4
45.2,22.8,0,17,10,1,4
45.2,21.8,0,17,11,1,4
45.2,20.8,0,17,12,1,4
45.2,25.8,0,18,6,1,4
45.2,24.8,0,18,7,1,4
45.2,23.8,0,18,8,1,4
45.2,22.8,0,18,9,1,4
45.2,21.8,0,18,10,1,4
45.2,20.8,0,18,11,1,4
45.2,25.8,0,19,5,1,4
45.2,24.8,0,19,6,1,4
45.2,23.8,0,19,7,1,4
45.2,22.8,0,19,8,1,4
45.2,21.8,0,19,9,1,4
45.2,20.8,0,19,10,1,4
45.2,24.8,0,20,5,1,4
45.2,23.8,0,20,6,1,4
45.2,22.8,0,20,7,1,4
45.2,21.8,0,20,8,1,4
45.2,20.8,0,20,9,1,4
45.2,23.8,0,21,5,1,4
45.2,22.8,0,21,6,1,4
45.2,21.8,0,21,7,1,4
45.2,20.8,0,21,8,1,4
45.2,22.8,0,22,5,1,4
45.2,21.8,0,22,6,1,4
45.2,20.8,0,22,7,1,4
45.2,21.8,0,23,5,1,4
45.2,20.8,0,23,6,1,4
45.2,25.8,0,24,0,1,4
45.2,20.8,0,24,5,1,4
45.2,24.8,0,25,0,1,4
45.4,20.6,0,5,24,1,4
45.4,21.6,0,6,22,1,4
45.4,21.6,0,7,21,1,4
45.4,24.6,0,10,15,1,4
45.4,24.6,0,11,14,1,4
45.4,24.6,0,12,13,1,4
45.4,25.6,0,13,11,1,4
45.4,24.6,0,13,12,1,4
45.4,25.6,0,14,10,1,4
45.4,25.6,0,16,8,1,4
44,21,0,8,21,2,4
44,20,0,8,22,2,4
44,22,0,9,19,2,4
44,21,0,9,20,2,4
44,20,0,9,21,2,4
44,22,0,10,18,2,4
44,21,0,10,19,2,4
44,20,0,10,20,2,4
44,24,0,11,15,2,4
44,22,0,11,17,2,4
44,21,0,11,18,2,4
44,20,0,11,19,2,4
44,24,0,12,14,2,4
44,22,0,12,16,2,4
44,21,0,12,17,2,4
44,20,0,12,18,2,4
44,25,0,13,12,2,4
44,24,0,13,13,2,4
44,23,0,13,14,2,4
44,22,0,13,15,2,4
44,21,0,13,16,2,4
44,20,0,13,17,2,4
44,25,0,14,11,2,4
44,24,0,14,12,2,4
44,23,0,14,13,2,4
44,22,0,14,14,2,4
44,21,0,14,15,2,4
44,20,0,14,16,2,4
44,25,0,15,10,2,4
44,24,0,15,11,2,4
44,23,0,15,12,2,4
44,22,0,15,13,2,4
44,21,0,15,14,2,4
44,20,0,15,15,2,4
44,25,0,16,9,2,4
44,24,0,16,10,2,4
44,23,0,16,11,2,4
44,22,0,16,12,2,4
44,21,0,16,13,2,4
44,20,0,16,14,2,4
44,26,0,17,7,2,4
44,25,0,17,8,2,4
44,24,0,17,9,2,4
44,23,0,17,10,2,4
44,22,0,17,11,2,4
44,21,0,17,12,2,4
44,20,0,17,13,2,4
44,25,0,18,7,2,4
44,24,0,18,8,2,4
44,23,0,18,9,2,4
44,22,0,18,10,2,4
44,21,0,18,11,2,4
44,20,0,18,12,2,4
44,25,0,19,6,2,4
44,24,0,19,7,2,4
44,23,0,19,8,2,4
44,22,0,19,9,2,4
44,21,0,19,10,2,4
44,20,0,19,11,2,4
44,25,0,20,5,2,4
44,24,0,20,6,2,4
44,23,0,20,7,2,4
44,22,0,20,8,2,4
44,21,0,20,9,2,4
44,20,0,20,10,2,4
44,24,0,21,5,2,4
44,23,0,21,6,2,4
44,22,0,21,7,2,4
44,21,0,21,8,2,4
44,20,0,21,9,2,4
44,23,0,22,5,2,4
44,22,0,22,6,2,4
44,21,0,22,7,2,4
44,20,0,22,8,2,4
44,22,0,23,5,2,4
44,21,0,23,6,2,4
44,20,0,23,7,2,4
44,26,0,24,0,2,4
44,21,0,24,5,2,4
44,20,0,24,6,2,4
44,25,0,25,0,2,4
44,20,0,25,5,2,4
44.2,20.8,0,8,21,2,4
44.2,20.8,0,9,20,2,4
44.2,22.8,0,10,17,2,4
44.2,21.8,0,10,18,2,4
44.2,20.8,0,10,19,2,4
44.2,22.8,0,11,16,2,4
44.2,21.8,0,11,17,2,4
44.2,20.8,0,11,18,2,4
44.2,22.8,0,12,15,2,4
44.2,21.8,0,12,16,2,4
44.2,20.8,0,12,17,2,4
44.2,22.8,0,13,14,2,4
44.2,21.8,0,13,15,2,4
44.2,20.8,0,13,16,2,4
44.2,22.8,0,14,13,2,4
44.2,21.8,0,14,14,2,4
44.2,20.8,0,14,15,2,4
44.2,22.8,0,15,12,2,4
44.2,21.8,0,15,13,2,4
44.2,20.8,0,15,14,2,4
44.2,23.8,0,16,10,2,4
44.2,22.8,0,16,11,2,4
44.2,21.8,0,16,12,2,4
44.2,20.8,0,16,13,2,4
44.2,24.8,0,17,8,2,4
44.2,22.8,0,17,10,2,4
44.2,21.8,0,17,11,2,4
44.2,20.8,0,17,12,2,4
44.2,24.8,0,18,7,2,4
44.2,23.8,0,18,8,2,4
44.2,22.8,0,18,9,2,4
44.2,21.8,0,18,10,2,4
44.2,20.8,0,18,11,2,4
44.2,24.8,0,19,6,2,4
44.2,23.8,0,19,7,2,4
44.2,22.8,0,19,8,2,4
44.2,21.8,0,19,9,2,4
44.2,20.8,0,19,10,2,4
44.2,24.8,0,20,5,2,4
44.2,23.8,0,20,6,2,4
44.2,22.8,0,20,7,2,4
44.2,21.8,0,20,8,2,4
44.2,20.8,0,20,9,2,4
44.2,23.8,0,21,5,2,4
44.2,22.8,0,21,6,2,4
44.2,21.8,0,21,7,2,4
44.2,20.8,0,21,8,2,4
44.2,22.8,0,22,5,2,4
44.2,21.8,0,22,6,2,4
44.2,20.8,0,22,7,2,4
44.2,21.8,0,23,5,2,4
44.2,20.8,0,23,6,2,4
44.2,20.8,0,24,5,2,4
44.2,24.8,0,25,0,2,4
43,21,0,12,17,3,4
43,20,0,12,18,3,4
43,21,0,13,16,3,4
43,20,0,13,17,3,4
43,22,0,14,14,3,4
43,21,0,14,15,3,4
43,20,0,14,16,3,4
43,22,0,15,13,3,4
43,21,0,15,14,3,4
43,20,0,15,15,3,4
43,22,0,16,12,3,4
43,21,0,16,13,3,4
43,20,0,16,14,3,4
43,22,0,17,11,3,4
43,21,0,17,12,3,4
43,20,0,17,13,3,4
43,22,0,18,10,3,4
43,21,0,18,11,3,4
43,20,0,18,12,3,4
43,23,0,19,8,3,4
43,22,0,19,9,3,4
43,21,0,19,10,3,4
43,20,0,19,11,3,4
43,22,0,20,8,3,4
43,21,0,20,9,3,4
43,20,0,20,10,3,4
43,24,0,21,5,3,4
43,23,0,21,6,3,4
43,22,0,21,7,3,4
43,21,0,21,8,3,4
43,20,0,21,9,3,4
43,23,0,22,5,3,4
43,22,0,22,6,3,4
43,21,0,22,7,3,4
43,20,0,22,8,3,4
43,22,0,23,5,3,4
43,21,0,23,6,3,4
43,20,0,23,7,3,4
43,21,0,24,5,3,4
43,20,0,24,6,3,4
43,25,0,25,0,3,4
43,20,0,25,5,3,4
43.2,20.8,0,12,17,3,4
43.2,21.8,0,14,14,3,4
43.2,21.8,0,15,13,3,4
43.2,20.8,0,15,14,3,4
43.2,21.8,0,16,12,3,4
43.2,20.8,0,16,13,3,4
43.2,21.8,0,17,11,3,4
43.2,20.8,0,17,12,3,4
43.2,22.8,0,18,9,3,4
43.2,21.8,0,18,10,3,4
43.2,20.8,0,18,11,3,4
43.2,22.8,0,19,8,3,4
43.2,21.8,0,19,9,3,4
43.2,20.8,0,19,10,3,4
43.2,22.8,0,20,7,3,4
43.2,21.8,0,20,8,3,4
43.2,20.8,0,20,9,3,4
43.2,22.8,0,21,6,3,4
43.2,21.8,0,21,7,3,4
43.2,20.8,0,21,8,3,4
43.2,22.8,0,22,5,3,4
43.2,21.8,0,22,6,3,4
43.2,20.8,0,22,7,3,4
43.2,21.8,0,23,5,3,4
43.2,20.8,0,23,6,3,4
43.2,20.8,0,24,5,3,4
43.2,24.8,0,25,0,3,4
42,21,0,13,16,4,4
42,20,0,13,17,4,4
42,20,0,14,16,4,4
42,21,0,15,14,4,4
42,20,0,15,15,4,4
42,21,0,16,13,4,4
42,20,0,16,14,4,4
42,21,0,17,12,4,4
42,20,0,17,13,4,4
42,22,0,18,10,4,4
42,21,0,18,11,4,4
42,20,0,18,12,4,4
42,22,0,19,9,4,4
42,21,0,19,10,4,4
42,20,0,19,11,4,4
42,21,0,20,9,4,4
42,20,0,20,10,4,4
42,22,0,21,7,4,4
42,21,0,21,8,4,4
42,20,0,21,9,4,4
42,22,0,22,6,4,4
42,21,0,22,7,4,4
42,20,0,22,8,4,4
42,22,0,23,5,4,4
42,21,0,23,6,4,4
42,20,0,23,7,4,4
42,21,0,24,5,4,4
42,20,0,24,6,4,4
42,20,0,25,5,4,4
42.2,20.8,0,13,16,4,4
42.2,20.8,0,17,12,4,4
42.2,20.8,0,18,11,4,4
42.2,20.8,0,19,10,4,4
42.2,21.8,0,20,8,4,4
42.2,20.8,0,20,9,4,4
42.2,21.8,0,21,7,4,4
42.2,20.8,0,21,8,4,4
42.2,21.8,0,22,6,4,4
42.2,20.8,0,22,7,4,4
42.2,21.8,0,23,5,4,4
42.2,20.8,0,23,6,4,4
42.2,20.8,0,24,5,4,4
41,20,0,14,16,5,4
41,20,0,15,15,5,4
41,20,0,16,14,5,4
41,20,0,17,13,5,4
41,21,0,18,11,5,4
41,20,0,18,12,5,4
41,21,0,19,10,5,4
41,20,0,19,11,5,4
41,20,0,20,10,5,4
41,22,0,22,6,5,4
41,21,0,22,7,5,4
41,20,0,22,8,5,4
41,22,0,23,5,5,4
41,21,0,23,6,5,4
41,20,0,23,7,5,4
41,21,0,24,5,5,4
41,20,0,24,6,5,4
41,20,0,25,5,5,4
41.2,21.8,0,22,6,5,4
41.2,20.8,0,22,7,5,4
41.2,21.8,0,23,5,5,4
41.2,20.8,0,23,6,5,4
41.2,20.8,0,24,5,5,4
40,20,0,18,12,6,4
40,20,0,19,11,6,4
40,21,0,22,7,6,4
40,20,0,22,8,6,4
40,21,0,23,6,6,4
40,20,0,23,7,6,4
40,21,0,24,5,6,4
40,20,0,24,6,6,4
40,20,0,25,5,6,4
40.2,20.8,0,24,5,6,4
39,21,0,22,7,7,4
39,21,0,23,6,7,4
39,20,0,23,7,7,4
39,21,0,24,5,7,4
39,20,0,24,6,7,4
39,20,0,25,5,7,4
39.2,20.8,0,23,6,7,4
39.2,20.8,0,24,5,7,4
38,21,0,22,7,8,4
38,20,0,22,8,8,4
38,21,0,23,6,8,4
38,20,0,23,7,8,4
38,21,0,24,5,8,4
38,20,0,24,6,8,4
38,20,0,25,5,8,4
38.2,20.8,0,23,6,8,4
38.2,20.8,0,24,5,8,4
37,21,0,23,6,9,4
37,20,0,23,7,9,4
37,21,0,24,5,9,4
37,20,0,24,6,9,4
37,20,0,25,5,9,4
37.2,20.8,0,24,5,9,4
36,20,0,24,6,10,4
36,20,0,25,5,10,4
36.2,20.8,0,24,5,10,4
41,21,5,5,24,0,4
41,20,5,5,25,0,4
41,21,5,6,23,0,4
41,20,5,6,24,0,4
41,21,5,7,22,0,4
41,20,5,7,23,0,4
41,22,5,8,20,0,4
41,21,5,8,21,0,4
41,20,5,8,22,0,4
41,22,5,9,19,0,4
41,21,5,9,20,0,4
41,20,5,9,21,0,4
41,22,5,10,18,0,4
41,21,5,10,19,0,4
41,20,5,10,20,0,4
41,23,5,11,16,0,4
41,22,5,11,17,0,4
41,21,5,11,18,0,4
41,20,5,11,19,0,4
41,23,5,12,15,0,4
41,22,5,12,16,0,4
41,21,5,12,17,0,4
41,20,5,12,18,0,4
41,23,5,13,14,0,4
41,22,5,13,15,0,4
41,21,5,13,16,0,4
41,20,5,13,17,0,4
41,23,5,14,13,0,4
41,22,5,14,14,0,4
41,21,5,14,15,0,4
41,20,5,14,16,0,4
41,24,5,15,11,0,4
41,23,5,15,12,0,4
41,22,5,15,13,0,4
41,21,5,15,14,0,4
41,20,5,15,15,0,4
41,24,5,16,10,0,4
41,23,5,16,11,0,4
41,22,5,16,12,0,4
41,21,5,16,13,0,4
41,20,5,16,14,0,4
41,24,5,17,9,0,4
41,23,5,17,10,0,4
41,22,5,17,11,0,4
41,21,5,17,12,0,4
41,20,5,17,13,0,4
41,23,5,18,9,0,4
41,22,5,18,10,0,4
41,21,5,18,11,0,4
41,20,5,18,12,0,4
41,23,5,19,8,0,4
41,22,5,19,9,0,4
41,21,5,19,10,0,4
41,20,5,19,11,0,4
41,24,5,20,6,0,4
41,23,5,20,7,0,4
41,22,5,20,8,0,4
41,21,5,20,9,0,4
41,20,5,20,10,0,4
41,24,5,21,5,0,4
41,23,5,21,6,0,4
41,22,5,21,7,0,4
41,21,5,21,8,0,4
41,20,5,21,9,0,4
41,23,5,22,5,0,4
41,22,5,22,6,0,4
41,21,5,22,7,0,4
41,20,5,22,8,0,4
41,22,5,23,5,0,4
41,21,5,23,6,0,4
41,20,5,23,7,0,4
41,21,5,24,5,0,4
41,20,5,24,6,0,4
41,20,5,25,5,0,4
40,21,5,5,24,1,4
40,20,5,5,25,1,4
40,21,5,6,23,1,4
40,20,5,6,24,1,4
40,22,5,7,21,1,4
40,21,5,7,22,1,4
40,20,5,7,23,1,4
40,22,5,8,20,1,4
40,21,5,8,21,1,4
40,20,5,8,22,1,4
40,22,5,9,19,1,4
40,21,5,9,20,1,4
40,20,5,9,21,1,4
40,22,5,10,18,1,4
40,21,5,10,19,1,4
40,20,5,10,20,1,4
40,22,5,11,17,1,4
40,21,5,11,18,1,4
40,20,5,11,19,1,4
40,23,5,12,15,1,4
40,22,5,12,16,1,4
40,21,5,12,17,1,4
40,20,5,12,18,1,4
40,23,5,13,14,1,4
40,22,5,13,15,1,4
40,21,5,13,16,1,4
40,20,5,13,17,1,4
40,23,5,14,13,1,4
40,22,5,14,14,1,4
40,21,5,14,15,1,4
40,20,5,14,16,1,4
40,23,5,15,12,1,4
40,22,5,15,13,1,4
40,21,5,15,14,1,4
40,20,5,15,15,1,4
40,23,5,16,11,1,4
40,22,5,16,12,1,4
40,21,5,16,13,1,4
40,20,5,16,14,1,4
40,23,5,17,10,1,4
40,22,5,17,11,1,4
40,21,5,17,12,1,4
40,20,5,17,13,1,4
40,23,5,18,9,1,4
40,22,5,18,10,1,4
40,21,5,18,11,1,4
40,20,5,18,12,1,4
40,23,5,19,8,1,4
40,22,5,19,9,1,4
40,21,5,19,10,1,4
40,20,5,19,11,1,4
40,24,5,20,6,1,4
40,23,5,20,7,1,4
40,22,5,20,8,1,4
40,21,5,20,9,1,4
40,20,5,20,10,1,4
40,24,5,21,5,1,4
40,23,5,21,6,1,4
40,22,5,21,7,1,4
40,21,5,21,8,1,4
40,20,5,21,9,1,4
40,23,5,22,5,1,4
40,22,5,22,6,1,4
40,21,5,22,7,1,4
40,20,5,22,8,1,4
40,22,5,23,5,1,4
40,21,5,23,6,1,4
40,20,5,23,7,1,4
40,26,5,24,0,1,4
40,21,5,24,5,1,4
40,20,5,24,6,1,4
40,25,5,25,0,1,4
40,20,5,25,5,1,4
40.2,25.8,5,24,0,1,4
40.2,24.8,5,25,0,1,4
40.4,24.6,5,25,0,1,4
39,20,5,5,25,2,4
39,21,5,6,23,2,4
39,20,5,6,24,2,4
39,21,5,7,22,2,4
39,20,5,7,23,2,4
39,21,5,8,21,2,4
39,20,5,8,22,2,4
39,22,5,9,19,2,4
39,21,5,9,20,2,4
39,20,5,9,21,2,4
39,22,5,10,18,2,4
39,21,5,10,19,2,4
39,20,5,10,20,2,4
39,22,5,11,17,2,4
39,21,5,11,18,2,4
39,20,5,11,19,2,4
39,22,5,12,16,2,4
39,21,5,12,17,2,4
39,20,5,12,18,2,4
39,22,5,13,15,2,4
39,21,5,13,16,2,4
39,20,5,13,17,2,4
39,22,5,14,14,2,4
39,21,5,14,15,2,4
39,20,5,14,16,2,4
39,23,5,15,12,2,4
39,22,5,15,13,2,4
39,21,5,15,14,2,4
39,20,5,15,15,2,4
39,22,5,16,12,2,4
39,21,5,16,13,2,4
39,20,5,16,14,2,4
39,22,5,17,11,2,4
39,21,5,17,12,2,4
39,20,5,17,13,2,4
39,22,5,18,10,2,4
39,21,5,18,11,2,4
39,20,5,18,12,2,4
39,22,5,19,9,2,4
39,21,5,19,10,2,4
39,20,5,19,11,2,4
39,23,5,20,7,2,4
39,22,5,20,8,2,4
39,21,5,20,9,2,4
39,20,5,20,10,2,4
39,24,5,21,5,2,4
39,23,5,21,6,2,4
39,22,5,21,7,2,4
39,21,5,21,8,2,4
39,20,5,21,9,2,4
39,23,5,22,5,2,4
39,22,5,22,6,2,4
39,21,5,22,7,2,4
39,20,5,22,8,2,4
39,22,5,23,5,2,4
39,21,5,23,6,2,4
39,20,5,23,7,2,4
39,21,5,24,5,2,4
39,20,5,24,6,2,4
39,25,5,25,0,2,4
39,20,5,25,5,2,4
39.2,24.8,5,25,0,2,4
39.4,24.6,5,25,0,2,4
38,20,5,5,25,3,4
38,20,5,6,24,3,4
38,20,5,7,23,3,4
38,20,5,8,22,3,4
38,20,5,9,21,3,4
38,20,5,10,20,3,4
38,20,5,11,19,3,4
38,20,5,12,18,3,4
38,22,5,13,15,3,4
38,21,5,13,16,3,4
38,20,5,13,17,3,4
38,22,5,14,14,3,4
38,21,5,14,15,3,4
38,20,5,14,16,3,4
38,22,5,15,13,3,4
38,21,5,15,14,3,4
38,20,5,15,15,3,4
38,22,5,16,12,3,4
38,21,5,16,13,3,4
38,20,5,16,14,3,4
38,20,5,17,13,3,4
38,20,5,18,12,3,4
38,20,5,21,9,3,4
38,23,5,22,5,3,4
38,22,5,22,6,3,4
38,21,5,22,7,3,4
38,20,5,22,8,3,4
38,22,5,23,5,3,4
38,21,5,23,6,3,4
38,20,5,23,7,3,4
38,21,5,24,5,3,4
38,20,5,24,6,3,4
38,20,5,25,5,3,4
38.2,24.8,5,25,0,3,4
37,22,5,23,5,4,4
37,21,5,23,6,4,4
37,21,5,24,5,4,4
37,20,5,24,6,4,4
37,20,5,25,5,4,4
36,20,5,25,5,5,4
40,20,6,5,25,0,4
40,21,6,6,23,0,4
40,20,6,6,24,0,4
40,21,6,7,22,0,4
40,20,6,7,23,0,4
40,22,6,8,20,0,4
40,21,6,8,21,0,4
40,20,6,8,22,0,4
40,22,6,9,19,0,4
40,21,6,9,20,0,4
40,20,6,9,21,0,4
40,22,6,10,18,0,4
40,21,6,10,19,0,4
40,20,6,10,20,0,4
40,22,6,11,17,0,4
40,21,6,11,18,0,4
40,20,6,11,19,0,4
40,23,6,12,15,0,4
40,22,6,12,16,0,4
40,21,6,12,17,0,4
40,20,6,12,18,0,4
40,23,6,13,14,0,4
40,22,6,13,15,0,4
40,21,6,13,16,0,4
40,20,6,13,17,0,4
40,23,6,14,13,0,4
40,22,6,14,14,0,4
40,21,6,14,15,0,4
40,20,6,14,16,0,4
40,23,6,15,12,0,4
40,22,6,15,13,0,4
40,21,6,15,14,0,4
40,20,6,15,15,0,4
40,23,6,16,11,0,4
40,22,6,16,12,0,4
40,21,6,16,13,0,4
40,20,6,16,14,0,4
40,23,6,17,10,0,4
40,22,6,17,11,0,4
40,21,6,17,12,0,4
40,20,6,17,13,0,4
40,23,6,18,9,0,4
40,22,6,18,10,0,4
40,21,6,18,11,0,4
40,20,6,18,12,0,4
40,23,6,19,8,0,4
40,22,6,19,9,0,4
40,21,6,19,10,0,4
40,20,6,19,11,0,4
40,23,6,20,7,0,4
40,22,6,20,8,0,4
40,21,6,20,9,0,4
40,20,6,20,10,0,4
40,23,6,21,6,0,4
40,22,6,21,7,0,4
40,21,6,21,8,0,4
40,20,6,21,9,0,4
40,23,6,22,5,0,4
40,22,6,22,6,0,4
40,21,6,22,7,0,4
40,20,6,22,8,0,4
40,22,6,23,5,0,4
40,21,6,23,6,0,4
40,20,6,23,7,0,4
40,21,6,24,5,0,4
40,20,6,24,6,0,4
40,20,6,25,5,0,4
39,21,6,5,24,1,4
39,20,6,5,25,1,4
39,21,6,6,23,1,4
39,20,6,6,24,1,4
39,22,6,7,21,1,4
39,21,6,7,22,1,4
39,20,6,7,23,1,4
39,22,6,8,20,1,4
39,21,6,8,21,1,4
39,20,6,8,22,1,4
39,22,6,9,19,1,4
39,21,6,9,20,1,4
39,20,6,9,21,1,4
39,22,6,10,18,1,4
39,21,6,10,19,1,4
39,20,6,10,20,1,4
39,22,6,11,17,1,4
39,21,6,11,18,1,4
39,20,6,11,19,1,4
39,23,6,12,15,1,4
39,22,6,12,16,1,4
39,21,6,12,17,1,4
39,20,6,12,18,1,4
39,23,6,13,14,1,4
39,22,6,13,15,1,4
39,21,6,13,16,1,4
39,20,6,13,17,1,4
39,23,6,14,13,1,4
39,22,6,14,14,1,4
39,21,6,14,15,1,4
39,20,6,14,16,1,4
39,23,6,15,12,1,4
39,22,6,15,13,1,4
39,21,6,15,14,1,4
39,20,6,15,15,1,4
39,23,6,16,11,1,4
39,22,6,16,12,1,4
39,21,6,16,13,1,4
39,20,6,16,14,1,4
39,23,6,17,10,1,4
39,22,6,17,11,1,4
39,21,6,17,12,1,4
39,20,6,17,13,1,4
39,23,6,18,9,1,4
39,22,6,18,10,1,4
39,21,6,18,11,1,4
39,20,6,18,12,1,4
39,23,6,19,8,1,4
39,22,6,19,9,1,4
39,21,6,19,10,1,4
39,20,6,19,11,1,4
39,23,6,20,7,1,4
39,22,6,20,8,1,4
39,21,6,20,9,1,4
39,20,6,20,10,1,4
39,23,6,21,6,1,4
39,22,6,21,7,1,4
39,21,6,21,8,1,4
39,20,6,21,9,1,4
39,23,6,22,5,1,4
39,22,6,22,6,1,4
39,21,6,22,7,1,4
39,20,6,22,8,1,4
39,22,6,23,5,1,4
39,21,6,23,6,1,4
39,20,6,23,7,1,4
39,21,6,24,5,1,4
39,20,6,24,6,1,4
39,25,6,25,0,1,4
39,20,6,25,5,1,4
39.2,24.8,6,25,0,1,4
39.4,24.6,6,25,0,1,4
38,21,6,5,24,2,4
38,20,6,5,25,2,4
38,21,6,6,23,2,4
38,20,6,6,24,2,4
38,21,6,7,22,2,4
38,20,6,7,23,2,4
38,21,6,8,21,2,4
38,20,6,8,22,2,4
38,21,6,9,20,2,4
38,20,6,9,21,2,4
38,22,6,10,18,2,4
38,21,6,10,19,2,4
38,20,6,10,20,2,4
38,22,6,11,17,2,4
38,21,6,11,18,2,4
38,20,6,11,19,2,4
38,22,6,12,16,2,4
38,21,6,12,17,2,4
38,20,6,12,18,2,4
38,22,6,13,15,2,4
38,21,6,13,16,2,4
38,20,6,13,17,2,4
38,22,6,14,14,2,4
38,21,6,14,15,2,4
38,20,6,14,16,2,4
38,22,6,15,13,2,4
38,21,6,15,14,2,4
38,20,6,15,15,2,4
38,22,6,16,12,2,4
38,21,6,16,13,2,4
38,20,6,16,14,2,4
38,22,6,17,11,2,4
38,21,6,17,12,2,4
38,20,6,17,13,2,4
38,21,6,18,11,2,4
38,20,6,18,12,2,4
38,21,6,19,10,2,4
38,20,6,19,11,2,4
38,22,6,20,8,2,4
38,21,6,20,9,2,4
38,20,6,20,10,2,4
38,23,6,21,6,2,4
38,22,6,21,7,2,4
38,21,6,21,8,2,4
38,20,6,21,9,2,4
38,23,6,22,5,2,4
38,22,6,22,6,2,4
38,21,6,22,7,2,4
38,20,6,22,8,2,4
38,22,6,23,5,2,4
38,21,6,23,6,2,4
38,20,6,23,7,2,4
38,21,6,24,5,2,4
38,20,6,24,6,2,4
38,25,6,25,0,2,4
38,20,6,25,5,2,4
38.2,24.8,6,25,0,2,4
37,20,6,5,25,3,4
37,20,6,6,24,3,4
37,20,6,7,23,3,4
37,20,6,8,22,3,4
37,20,6,9,21,3,4
37,21,6,10,19,3,4
37,20,6,10,20,3,4
37,21,6,11,18,3,4
37,20,6,11,19,3,4
37,21,6,12,17,3,4
37,20,6,12,18,3,4
37,21,6,13,16,3,4
37,20,6,13,17,3,4
37,22,6,14,14,3,4
37,21,6,14,15,3,4
37,20,6,14,16,3,4
37,21,6,15,14,3,4
37,20,6,15,15,3,4
37,21,6,16,13,3,4
37,20,6,16,14,3,4
37,21,6,17,12,3,4
37,20,6,17,13,3,4
37,20,6,18,12,3,4
37,21,6,19,10,3,4
37,20,6,19,11,3,4
37,21,6,20,9,3,4
37,20,6,20,10,3,4
37,22,6,22,6,3,4
37,22,6,23,5,3,4
36,20,6,8,22,4,4
36,20,6,9,21,4,4
36,20,6,10,20,4,4
36,21,6,11,18,4,4
36,20,6,11,19,4,4
36,21,6,12,17,4,4
36,20,6,12,18,4,4
36,21,6,13,16,4,4
36,20,6,13,17,4,4
36,21,6,14,15,4,4
36,20,6,14,16,4,4
36,20,6,15,15,4,4
36,20,6,16,14,4,4
39,20,7,5,25,0,4
39,20,7,6,24,0,4
39,21,7,7,22,0,4
39,20,7,7,23,0,4
39,21,7,8,21,0,4
39,20,7,8,22,0,4
39,22,7,9,19,0,4
39,21,7,9,20,0,4
39,20,7,9,21,0,4
39,22,7,10,18,0,4
39,21,7,10,19,0,4
39,20,7,10,20,0,4
39,22,7,11,17,0,4
39,21,7,11,18,0,4
39,20,7,11,19,0,4
39,23,7,12,15,0,4
39,22,7,12,16,0,4
39,21,7,12,17,0,4
39,20,7,12,18,0,4
39,23,7,13,14,0,4
39,22,7,13,15,0,4
39,21,7,13,16,0,4
39,20,7,13,17,0,4
39,22,7,14,14,0,4
39,21,7,14,15,0,4
39,20,7,14,16,0,4
39,23,7,15,12,0,4
39,22,7,15,13,0,4
39,21,7,15,14,0,4
39,20,7,15,15,0,4
39,23,7,16,11,0,4
39,22,7,16,12,0,4
39,21,7,16,13,0,4
39,20,7,16,14,0,4
39,23,7,17,10,0,4
39,22,7,17,11,0,4
39,21,7,17,12,0,4
39,20,7,17,13,0,4
39,23,7,18,9,0,4
39,22,7,18,10,0,4
39,21,7,18,11,0,4
39,20,7,18,12,0,4
39,23,7,19,8,0,4
39,22,7,19,9,0,4
39,21,7,19,10,0,4
39,20,7,19,11,0,4
39,23,7,20,7,0,4
39,22,7,20,8,0,4
39,21,7,20,9,0,4
39,20,7,20,10,0,4
39,23,7,21,6,0,4
39,22,7,21,7,0,4
39,21,7,21,8,0,4
39,20,7,21,9,0,4
39,23,7,22,5,0,4
39,22,7,22,6,0,4
39,21,7,22,7,0,4
39,20,7,22,8,0,4
39,22,7,23,5,0,4
39,21,7,23,6,0,4
39,20,7,23,7,0,4
39,21,7,24,5,0,4
39,20,7,24,6,0,4
39,20,7,25,5,0,4
38,21,7,5,24,1,4
38,20,7,5,25,1,4
38,21,7,6,23,1,4
38,20,7,6,24,1,4
38,21,7,7,22,1,4
38,20,7,7,23,1,4
38,22,7,8,20,1,4
38,21,7,8,21,1,4
38,20,7,8,22,1,4
38,22,7,9,19,1,4
38,21,7,9,20,1,4
38,20,7,9,21,1,4
38,22,7,10,18,1,4
38,21,7,10,19,1,4
38,20,7,10,20,1,4
38,22,7,11,17,1,4
38,21,7,11,18,1,4
38,20,7,11,19,1,4
38,23,7,12,15,1,4
38,22,7,12,16,1,4
38,21,7,12,17,1,4
38,20,7,12,18,1,4
38,23,7,13,14,1,4
38,22,7,13,15,1,4
38,21,7,13,16,1,4
38,20,7,13,17,1,4
38,23,7,14,13,1,4
38,22,7,14,14,1,4
38,21,7,14,15,1,4
38,20,7,14,16,1,4
38,22,7,15,13,1,4
38,21,7,15,14,1,4
38,20,7,15,15,1,4
38,23,7,16,11,1,4
38,22,7,16,12,1,4
38,21,7,16,13,1,4
38,20,7,16,14,1,4
38,23,7,17,10,1,4
38,22,7,17,11,1,4
38,21,7,17,12,1,4
38,20,7,17,13,1,4
38,22,7,18,10,1,4
38,21,7,18,11,1,4
38,20,7,18,12,1,4
38,22,7,19,9,1,4
38,21,7,19,10,1,4
38,20,7,19,11,1,4
38,23,7,20,7,1,4
38,22,7,20,8,1,4
38,21,7,20,9,1,4
38,20,7,20,10,1,4
38,23,7,21,6,1,4
38,22,7,21,7,1,4
38,21,7,21,8,1,4
38,20,7,21,9,1,4
38,23,7,22,5,1,4
38,22,7,22,6,1,4
38,21,7,22,7,1,4
38,20,7,22,8,1,4
38,22,7,23,5,1,4
38,21,7,23,6,1,4
38,20,7,23,7,1,4
38,21,7,24,5,1,4
38,20,7,24,6,1,4
38,25,7,25,0,1,4
38,20,7,25,5,1,4
38.2,24.8,7,25,0,1,4
37,20,7,5,25,2,4
37,20,7,6,24,2,4
37,20,7,7,23,2,4
37,21,7,8,21,2,4
37,20,7,8,22,2,4
37,21,7,9,20,2,4
37,20,7,9,21,2,4
37,22,7,10,18,2,4
37,21,7,10,19,2,4
37,20,7,10,20,2,4
37,22,7,11,17,2,4
37,21,7,11,18,2,4
37,20,7,11,19,2,4
37,22,7,12,16,2,4
37,21,7,12,17,2,4
37,20,7,12,18,2,4
37,22,7,13,15,2,4
37,21,7,13,16,2,4
37,20,7,13,17,2,4
37,22,7,14,14,2,4
37,21,7,14,15,2,4
37,20,7,14,16,2,4
37,21,7,15,14,2,4
37,20,7,15,15,2,4
37,21,7,16,13,2,4
37,20,7,16,14,2,4
37,22,7,17,11,2,4
37,21,7,17,12,2,4
37,20,7,17,13,2,4
37,21,7,18,11,2,4
37,20,7,18,12,2,4
37,21,7,19,10,2,4
37,20,7,19,11,2,4
37,21,7,20,9,2,4
37,20,7,20,10,2,4
37,20,7,21,9,2,4
37,23,7,22,5,2,4
36,20,7,8,22,3,4
36,20,7,9,21,3,4
36,21,7,10,19,3,4
36,20,7,10,20,3,4
36,21,7,11,18,3,4
36,20,7,11,19,3,4
36,21,7,12,17,3,4
36,20,7,12,18,3,4
36,21,7,13,16,3,4
36,20,7,13,17,3,4
36,21,7,14,15,3,4
36,20,7,14,16,3,4
36,20,7,15,15,3,4
36,20,7,16,14,3,4
36,20,7,17,13,3,4
38,20,8,6,24,0,4
38,20,8,7,23,0,4
38,20,8,8,22,0,4
38,20,8,9,21,0,4
38,21,8,10,19,0,4
38,20,8,10,20,0,4
38,22,8,11,17,0,4
38,21,8,11,18,0,4
38,20,8,11,19,0,4
38,22,8,12,16,0,4
38,21,8,12,17,0,4
38,20,8,12,18,0,4
38,22,8,13,15,0,4
38,21,8,13,16,0,4
38,20,8,13,17,0,4
38,23,8,14,13,0,4
38,22,8,14,14,0,4
38,21,8,14,15,0,4
38,20,8,14,16,0,4
38,22,8,15,13,0,4
38,21,8,15,14,0,4
38,20,8,15,15,0,4
38,22,8,16,12,0,4
38,21,8,16,13,0,4
38,20,8,16,14,0,4
38,23,8,17,10,0,4
38,22,8,17,11,0,4
38,21,8,17,12,0,4
38,20,8,17,13,0,4
38,23,8,18,9,0,4
38,22,8,18,10,0,4
38,21,8,18,11,0,4
38,20,8,18,12,0,4
38,23,8,19,8,0,4
38,22,8,19,9,0,4
38,21,8,19,10,0,4
38,20,8,19,11,0,4
38,23,8,20,7,0,4
38,22,8,20,8,0,4
38,21,8,20,9,0,4
38,20,8,20,10,0,4
38,23,8,21,6,0,4
38,22,8,21,7,0,4
38,21,8,21,8,0,4
38,20,8,21,9,0,4
38,23,8,22,5,0,4
38,22,8,22,6,0,4
38,21,8,22,7,0,4
38,20,8,22,8,0,4
38,22,8,23,5,0,4
38,21,8,23,6,0,4
38,20,8,23,7,0,4
38,21,8,24,5,0,4
38,20,8,24,6,0,4
38,20,8,25,5,0,4
37,21,8,5,24,1,4
37,20,8,5,25,1,4
37,21,8,6,23,1,4
37,20,8,6,24,1,4
37,21,8,7,22,1,4
37,20,8,7,23,1,4
37,21,8,8,21,1,4
37,20,8,8,22,1,4
37,22,8,9,19,1,4
37,21,8,9,20,1,4
37,20,8,9,21,1,4
37,22,8,10,18,1,4
37,21,8,10,19,1,4
37,20,8,10,20,1,4
37,22,8,11,17,1,4
37,21,8,11,18,1,4
37,20,8,11,19,1,4
37,22,8,12,16,1,4
37,21,8,12,17,1,4
37,20,8,12,18,1,4
37,22,8,13,15,1,4
37,21,8,13,16,1,4
37,20,8,13,17,1,4
37,22,8,14,14,1,4
37,21,8,14,15,1,4
37,20,8,14,16,1,4
37,22,8,15,13,1,4
37,21,8,15,14,1,4
37,20,8,15,15,1,4
37,23,8,16,11,1,4
37,22,8,16,12,1,4
37,21,8,16,13,1,4
37,20,8,16,14,1,4
37,23,8,17,10,1,4
37,22,8,17,11,1,4
37,21,8,17,12,1,4
37,20,8,17,13,1,4
37,22,8,18,10,1,4
37,21,8,18,11,1,4
37,20,8,18,12,1,4
37,22,8,19,9,1,4
37,21,8,19,10,1,4
37,20,8,19,11,1,4
37,23,8,20,7,1,4
37,22,8,20,8,1,4
37,21,8,20,9,1,4
37,20,8,20,10,1,4
37,23,8,21,6,1,4
37,22,8,21,7,1,4
37,21,8,21,8,1,4
37,20,8,21,9,1,4
37,23,8,22,5,1,4
37,22,8,22,6,1,4
37,21,8,22,7,1,4
37,20,8,22,8,1,4
37,22,8,23,5,1,4
37,21,8,23,6,1,4
37,20,8,23,7,1,4
37,21,8,24,5,1,4
37,20,8,24,6,1,4
37,20,8,25,5,1,4
36,20,8,6,24,2,4
36,20,8,7,23,2,4
36,20,8,8,22,2,4
36,20,8,9,21,2,4
36,21,8,10,19,2,4
36,20,8,10,20,2,4
36,21,8,11,18,2,4
36,20,8,11,19,2,4
36,21,8,12,17,2,4
36,20,8,12,18,2,4
36,21,8,13,16,2,4
36,20,8,13,17,2,4
36,21,8,14,15,2,4
36,20,8,14,16,2,4
36,21,8,15,14,2,4
36,20,8,15,15,2,4
36,21,8,16,13,2,4
36,20,8,16,14,2,4
36,21,8,17,12,2,4
36,20,8,17,13,2,4
36,21,8,18,11,2,4
36,20,8,18,12,2,4
36,20,8,19,11,2,4
37,20,9,9,21,0,4
37,20,9,10,20,0,4
37,21,9,11,18,0,4
37,20,9,11,19,0,4
37,21,9,12,17,0,4
37,20,9,12,18,0,4
37,21,9,13,16,0,4
37,20,9,13,17,0,4
37,21,9,14,15,0,4
37,20,9,14,16,0,4
37,21,9,15,14,0,4
37,20,9,15,15,0,4
37,21,9,16,13,0,4
37,20,9,16,14,0,4
37,21,9,17,12,0,4
37,20,9,17,13,0,4
37,21,9,18,11,0,4
37,20,9,18,12,0,4
37,21,9,19,10,0,4
37,20,9,19,11,0,4
37,21,9,20,9,0,4
37,20,9,20,10,0,4
37,21,9,21,8,0,4
37,20,9,21,9,0,4
37,21,9,22,7,0,4
37,20,9,22,8,0,4
37,22,9,23,5,0,4
37,21,9,23,6,0,4
37,20,9,23,7,0,4
37,21,9,24,5,0,4
37,20,9,24,6,0,4
37,20,9,25,5,0,4
36,21,9,5,24,1,4
36,20,9,5,25,1,4
36,21,9,6,23,1,4
36,20,9,6,24,1,4
36,21,9,7,22,1,4
36,20,9,7,23,1,4
36,21,9,8,21,1,4
36,20,9,8,22,1,4
36,21,9,9,20,1,4
36,20,9,9,21,1,4
36,21,9,10,19,1,4
36,20,9,10,20,1,4
36,21,9,11,18,1,4
36,20,9,11,19,1,4
36,21,9,12,17,1,4
36,20,9,12,18,1,4
36,21,9,13,16,1,4
36,20,9,13,17,1,4
36,21,9,14,15,1,4
36,20,9,14,16,1,4
36,21,9,15,14,1,4
36,20,9,15,15,1,4
36,21,9,16,13,1,4
36,20,9,16,14,1,4
36,21,9,17,12,1,4
36,20,9,17,13,1,4
36,21,9,18,11,1,4
36,20,9,18,12,1,4
36,21,9,19,10,1,4
36,20,9,19,11,1,4
36,21,9,20,9,1,4
36,20,9,20,10,1,4
36,21,9,21,8,1,4
36,20,9,21,9,1,4
36,21,9,22,7,1,4
36,20,9,22,8,1,4
36,21,9,23,6,1,4
36,20,9,23,7,1,4
45,24,0,5,21,0,5
45,23,0,5,22,0,5
45,22,0,5,23,0,5
45,21,0,5,24,0,5
45,20,0,5,25,0,5
45,24,0,6,20,0,5
45,23,0,6,21,0,5
45,22,0,6,22,0,5
45,21,0,6,23,0,5
45,20,0,6,24,0,5
45,25,0,7,18,0,5
45,24,0,7,19,0,5
45,23,0,7,20,0,5
45,22,0,7,21,0,5
45,21,0,7,22,0,5
45,20,0,7,23,0,5
45,25,0,8,17,0,5
45,24,0,8,18,0,5
45,23,0,8,19,0,5
45,22,0,8,20,0,5
45,21,0,8,21,0,5
45,20,0,8,22,0,5
45,25,0,9,16,0,5
45,24,0,9,17,0,5
45,23,0,9,18,0,5
45,22,0,9,19,0,5
45,21,0,9,20,0,5
45,20,0,9,21,0,5
45,26,0,10,14,0,5
45,25,0,10,15,0,5
45,24,0,10,16,0,5
45,23,0,10,17,0,5
45,22,0,10,18,0,5
45,21,0,10,19,0,5
45,20,0,10,20,0,5
45,27,0,11,12,0,5
45,26,0,11,13,0,5
45,25,0,11,14,0,5
45,24,0,11,15,0,5
45,23,0,11,16,0,5
45,22,0,11,17,0,5
45,21,0,11,18,0,5
45,20,0,11,19,0,5
45,27,0,12,11,0,5
45,26,0,12,12,0,5
45,25,0,12,13,0,5
45,24,0,12,14,0,5
45,23,0,12,15,0,5
45,22,0,12,16,0,5
45,21,0,12,17,0,5
45,20,0,12,18,0,5
45,27,0,13,10,0,5
45,26,0,13,11,0,5
45,25,0,13,12,0,5
45,24,0,13,13,0,5
45,23,0,13,14,0,5
45,22,0,13,15,0,5
45,21,0,13,16,0,5
45,20,0,13,17,0,5
45,27,0,14,9,0,5
45,26,0,14,10,0,5
45,25,0,14,11,0,5
45,24,0,14,12,0,5
45,23,0,14,13,0,5
45,22,0,14,14,0,5
45,21,0,14,15,0,5
45,20,0,14,16,0,5
45,27,0,15,8,0,5
45,26,0,15,9,0,5
45,25,0,15,10,0,5
45,24,0,15,11,0,5
45,23,0,15,12,0,5
45,22,0,15,13,0,5
45,21,0,15,14,0,5
45,20,0,15,15,0,5
45,27,0,16,7,0,5
45,26,0,16,8,0,5
45,25,0,16,9,0,5
45,24,0,16,10,0,5
45,23,0,16,11,0,5
45,22,0,16,12,0,5
45,21,0,16,13,0,5
45,20,0,16,14,0,5
45,27,0,17,6,0,5
45,26,0,17,7,0,5
45,25,0,17,8,0,5
45,24,0,17,9,0,5
45,23,0,17,10,0,5
45,22,0,17,11,0,5
45,21,0,17,12,0,5
45,20,0,17,13,0,5
45,26,0,18,6,0,5
45,25,0,18,7,0,5
45,24,0,18,8,0,5
45,23,0,18,9,0,5
45,22,0,18,10,0,5
45,21,0,18,11,0,5
45,20,0,18,12,0,5
45,26,0,19,5,0,5
45,25,0,19,6,0,5
45,24,0,19,7,0,5
45,23,0,19,8,0,5
45,22,0,19,9,0,5
45,21,0,19,10,0,5
45,20,0,19,11,0,5
45,25,0,20,5,0,5
45,24,0,20,6,0,5
45,23,0,20,7,0,5
45,22,0,20,8,0,5
45,21,0,20,9,0,5
45,20,0,20,10,0,5
45,24,0,21,5,0,5
45,23,0,21,6,0,5
45,22,0,21,7,0,5
45,21,0,21,8,0,5
45,20,0,21,9,0,5
45,23,0,22,5,0,5
45,22,0,22,6,0,5
45,21,0,22,7,0,5
45,20,0,22,8,0,5
45,22,0,23,5,0,5
45,21,0,23,6,0,5
45,20,0,23,7,0,5
45,21,0,24,5,0,5
45,20,0,24,6,0,5
45,25,0,25,0,0,5
45,20,0,25,5,0,5
45.2,22.8,0,5,22,0,5
45.2,21.8,0,5,23,0,5
45.2,20.8,0,5,24,0,5
45.2,22.8,0,6,21,0,5
45.2,21.8,0,6,22,0,5
45.2,20.8,0,6,23,0,5
45.2,22.8,0,7,20,0,5
45.2,21.8,0,7,21,0,5
45.2,20.8,0,7,22,0,5
45.2,22.8,0,8,19,0,5
45.2,21.8,0,8,20,0,5
45.2,20.8,0,8,21,0,5
45.2,22.8,0,9,18,0,5
45.2,21.8,0,9,19,0,5
45.2,20.8,0,9,20,0,5
45.2,23.8,0,10,16,0,5
45.2,22.8,0,10,17,0,5
45.2,21.8,0,10,18,0,5
45.2,20.8,0,10,19,0,5
45.2,25.8,0,11,13,0,5
45.2,23.8,0,11,15,0,5
45.2,22.8,0,11,16,0,5
45.2,21.8,0,11,17,0,5
45.2,20.8,0,11,18,0,5
45.2,23.8,0,12,14,0,5
45.2,22.8,0,12,15,0,5
45.2,21.8,0,12,16,0,5
45.2,20.8,0,12,17,0,5
45.2,25.8,0,13,11,0,5
45.2,23.8,0,13,13,0,5
45.2,22.8,0,13,14,0,5
45.2,21.8,0,13,15,0,5
45.2,20.8,0,13,16,0,5
45.2,25.8,0,14,10,0,5
45.2,23.8,0,14,12,0,5
45.2,22.8,0,14,13,0,5
45.2,21.8,0,14,14,0,5
45.2,20.8,0,14,15,0,5
45.2,25.8,0,15,9,0,5
45.2,24.8,0,15,10,0,5
45.2,23.8,0,15,11,0,5
45.2,22.8,0,15,12,0,5
45.2,21.8,0,15,13,0,5
45.2,20.8,0,15,14,0,5
45.2,25.8,0,16,8,0,5
45.2,23.8,0,16,10,0,5
45.2,22.8,0,16,11,0,5
45.2,21.8,0,16,12,0,5
45.2,20.8,0,16,13,0,5
45.2,24.8,0,17,8,0,5
45.2,23.8,0,17,9,0,5
45.2,22.8,0,17,10,0,5
45.2,21.8,0,17,11,0,5
45.2,20.8,0,17,12,0,5
45.2,25.8,0,18,6,0,5
45.2,24.8,0,18,7,0,5
45.2,23.8,0,18,8,0,5
45.2,22.8,0,18,9,0,5
45.2,21.8,0,18,10,0,5
45.2,20.8,0,18,11,0,5
45.2,24.8,0,19,6,0,5
45.2,23.8,0,19,7,0,5
45.2,22.8,0,19,8,0,5
45.2,21.8,0,19,9,0,5
45.2,20.8,0,19,10,0,5
45.2,24.8,0,20,5,0,5
45.2,23.8,0,20,6,0,5
45.2,22.8,0,20,7,0,5
45.2,21.8,0,20,8,0,5
45.2,20.8,0,20,9,0,5
45.2,23.8,0,21,5,0,5
45.2,22.8,0,21,6,0,5
45.2,21.8,0,21,7,0,5
45.2,20.8,0,21,8,0,5
45.2,22.8,0,22,5,0,5
45.2,21.8,0,22,6,0,5
45.2,20.8,0,22,7,0,5
45.2,21.8,0,23,5,0,5
45.2,20.8,0,23,6,0,5
45.2,20.8,0,24,5,0,5
45.4,22.6,0,5,22,0,5
45.4,21.6,0,5,23,0,5
45.4,20.6,0,5,24,0,5
45.4,22.6,0,6,21,0,5
45.4,21.6,0,6,22,0,5
45.4,20.6,0,6,23,0,5
45.4,22.6,0,7,20,0,5
45.4,21.6,0,7,21,0,5
45.4,20.6,0,7,22,0,5
45.4,22.6,0,8,19,0,5
45.4,21.6,0,8,20,0,5
45.4,20.6,0,8,21,0,5
45.4,22.6,0,9,18,0,5
45.4,21.6,0,9,19,0,5
45.4,24.6,0,10,15,0,5
45.4,23.6,0,10,16,0,5
45.4,22.6,0,10,17,0,5
45.4,21.6,0,10,18,0,5
45.4,23.6,0,11,15,0,5
45.4,22.6,0,11,16,0,5
45.4,22.6,0,12,15,0,5
45.4,24.6,0,13,12,0,5
45.4,23.6,0,13,13,0,5
45.4,22.6,0,13,14,0,5
45.4,24.6,0,14,11,0,5
45.4,23.6,0,14,12,0,5
45.4,24.6,0,15,10,0,5
45.4,23.6,0,15,11,0,5
45.4,24.6,0,16,9,0,5
45.4,23.6,0,16,10,0,5
45.4,24.6,0,17,8,0,5
45.4,23.6,0,17,9,0,5
45.4,24.6,0,18,7,0,5
45.4,24.6,0,19,6,0,5
45.6,22.4,0,5,22,0,5
45.6,22.4,0,6,21,0,5
44,23,0,5,22,1,5
44,22,0,5,23,1,5
44,21,0,5,24,1,5
44,20,0,5,25,1,5
44,24,0,6,20,1,5
44,23,0,6,21,1,5
44,22,0,6,22,1,5
44,21,0,6,23,1,5
44,20,0,6,24,1,5
44,24,0,7,19,1,5
44,23,0,7,20,1,5
44,22,0,7,21,1,5
44,21,0,7,22,1,5
44,20,0,7,23,1,5
44,24,0,8,18,1,5
44,23,0,8,19,1,5
44,22,0,8,20,1,5
44,21,0,8,21,1,5
44,20,0,8,22,1,5
44,24,0,9,17,1,5
44,23,0,9,18,1,5
44,22,0,9,19,1,5
44,21,0,9,20,1,5
44,20,0,9,21,1,5
44,24,0,10,16,1,5
44,23,0,10,17,1,5
44,22,0,10,18,1,5
44,21,0,10,19,1,5
44,20,0,10,20,1,5
44,24,0,11,15,1,5
44,23,0,11,16,1,5
44,22,0,11,17,1,5
44,21,0,11,18,1,5
44,20,0,11,19,1,5
44,24,0,12,14,1,5
44,23,0,12,15,1,5
44,22,0,12,16,1,5
44,21,0,12,17,1,5
44,20,0,12,18,1,5
44,24,0,13,13,1,5
44,23,0,13,14,1,5
44,22,0,13,15,1,5
44,21,0,13,16,1,5
44,20,0,13,17,1,5
44,25,0,14,11,1,5
44,24,0,14,12,1,5
44,23,0,14,13,1,5
44,22,0,14,14,1,5
44,21,0,14,15,1,5
44,20,0,14,16,1,5
44,25,0,15,10,1,5
44,24,0,15,11,1,5
44,23,0,15,12,1,5
44,22,0,15,13,1,5
44,21,0,15,14,1,5
44,20,0,15,15,1,5
44,25,0,16,9,1,5
44,24,0,16,10,1,5
44,23,0,16,11,1,5
44,22,0,16,12,1,5
44,21,0,16,13,1,5
44,20,0,16,14,1,5
44,25,0,17,8,1,5
44,24,0,17,9,1,5
44,23,0,17,10,1,5
44,22,0,17,11,1,5
44,21,0,17,12,1,5
44,20,0,17,13,1,5
44,25,0,18,7,1,5
44,24,0,18,8,1,5
44,23,0,18,9,1,5
44,22,0,18,10,1,5
44,21,0,18,11,1,5
44,20,0,18,12,1,5
44,24,0,19,7,1,5
44,23,0,19,8,1,5
44,22,0,19,9,1,5
44,21,0,19,10,1,5
44,20,0,19,11,1,5
44,24,0,20,6,1,5
44,23,0,20,7,1,5
44,22,0,20,8,1,5
44,21,0,20,9,1,5
44,20,0,20,10,1,5
44,24,0,21,5,1,5
44,23,0,21,6,1,5
44,22,0,21,7,1,5
44,21,0,21,8,1,5
44,20,0,21,9,1,5
44,23,0,22,5,1,5
44,22,0,22,6,1,5
44,21,0,22,7,1,5
44,20,0,22,8,1,5
44,22,0,23,5,1,5
44,21,0,23,6,1,5
44,20,0,23,7,1,5
44,26,0,24,0,1,5
44,21,0,24,5,1,5
44,20,0,24,6,1,5
44,25,0,25,0,1,5
44,20,0,25,5,1,5
44.2,21.8,0,5,23,1,5
44.2,20.8,0,5,24,1,5
44.2,21.8,0,6,22,1,5
44.2,20.8,0,6,23,1,5
44.2,21.8,0,7,21,1,5
44.2,20.8,0,7,22,1,5
44.2,22.8,0,8,19,1,5
44.2,21.8,0,8,20,1,5
44.2,20.8,0,8,21,1,5
44.2,22.8,0,9,18,1,5
44.2,21.8,0,9,19,1,5
44.2,20.8,0,9,20,1,5
44.2,22.8,0,10,17,1,5
44.2,21.8,0,10,18,1,5
44.2,20.8,0,10,19,1,5
44.2,23.8,0,11,15,1,5
44.2,22.8,0,11,16,1,5
44.2,21.8,0,11,17,1,5
44.2,20.8,0,11,18,1,5
44.2,23.8,0,12,14,1,5
44.2,22.8,0,12,15,1,5
44.2,21.8,0,12,16,1,5
44.2,20.8,0,12,17,1,5
44.2,23.8,0,13,13,1,5
44.2,22.8,0,13,14,1,5
44.2,21.8,0,13,15,1,5
44.2,20.8,0,13,16,1,5
44.2,23.8,0,14,12,1,5
44.2,22.8,0,14,13,1,5
44.2,21.8,0,14,14,1,5
44.2,20.8,0,14,15,1,5
44.2,23.8,0,15,11,1,5
44.2,22.8,0,15,12,1,5
44.2,21.8,0,15,13,1,5
44.2,20.8,0,15,14,1,5
44.2,24.8,0,16,9,1,5
44.2,23.8,0,16,10,1,5
44.2,22.8,0,16,11,1,5
44.2,21.8,0,16,12,1,5
44.2,20.8,0,16,13,1,5
44.2,24.8,0,17,8,1,5
44.2,23.8,0,17,9,1,5
44.2,22.8,0,17,10,1,5
44.2,21.8,0,17,11,1,5
44.2,20.8,0,17,12,1,5
44.2,24.8,0,18,7,1,5
44.2,23.8,0,18,8,1,5
44.2,22.8,0,18,9,1,5
44.2,21.8,0,18,10,1,5
44.2,20.8,0,18,11,1,5
44.2,24.8,0,19,6,1,5
44.2,23.8,0,19,7,1,5
44.2,22.8,0,19,8,1,5
44.2,21.8,0,19,9,1,5
44.2,20.8,0,19,10,1,5
44.2,23.8,0,20,6,1,5
44.2,22.8,0,20,7,1,5
44.2,21.8,0,20,8,1,5
44.2,20.8,0,20,9,1,5
44.2,23.8,0,21,5,1,5
44.2,22.8,0,21,6,1,5
44.2,21.8,0,21,7,1,5
44.2,20.8,0,21,8,1,5
44.2,22.8,0,22,5,1,5
44.2,21.8,0,22,6,1,5
44.2,20.8,0,22,7,1,5
44.2,21.8,0,23,5,1,5
44.2,20.8,0,23,6,1,5
44.2,25.8,0,24,0,1,5
44.2,20.8,0,24,5,1,5
44.2,24.8,0,25,0,1,5
44.4,22.6,0,7,20,1,5
44.4,22.6,0,8,19,1,5
44.4,21.6,0,8,20,1,5
44.4,20.6,0,8,21,1,5
44.4,22.6,0,9,18,1,5
44.4,21.6,0,9,19,1,5
44.4,22.6,0,10,17,1,5
44.4,21.6,0,10,18,1,5
44.4,22.6,0,11,16,1,5
44.4,22.6,0,12,15,1,5
44.4,24.6,0,13,12,1,5
44.4,22.6,0,13,14,1,5
44.4,24.6,0,14,11,1,5
44.4,23.6,0,14,12,1,5
44.4,24.6,0,15,10,1,5
44.4,23.6,0,15,11,1,5
44.4,24.6,0,16,9,1,5
44.4,23.6,0,16,10,1,5
44.4,24.6,0,17,8,1,5
44.4,24.6,0,18,7,1,5
44.4,24.6,0,19,6,1,5
43,21,0,8,21,2,5
43,22,0,9,19,2,5
43,21,0,9,20,2,5
43,20,0,9,21,2,5
43,22,0,10,18,2,5
43,21,0,10,19,2,5
43,20,0,10,20,2,5
43,22,0,11,17,2,5
43,21,0,11,18,2,5
43,20,0,11,19,2,5
43,22,0,12,16,2,5
43,21,0,12,17,2,5
43,20,0,12,18,2,5
43,23,0,13,14,2,5
43,22,0,13,15,2,5
43,21,0,13,16,2,5
43,20,0,13,17,2,5
43,23,0,14,13,2,5
43,22,0,14,14,2,5
43,21,0,14,15,2,5
43,20,0,14,16,2,5
43,23,0,15,12,2,5
43,22,0,15,13,2,5
43,21,0,15,14,2,5
43,20,0,15,15,2,5
43,25,0,16,9,2,5
43,24,0,16,10,2,5
43,23,0,16,11,2,5
43,22,0,16,12,2,5
43,21,0,16,13,2,5
43,20,0,16,14,2,5
43,25,0,17,8,2,5
43,24,0,17,9,2,5
43,23,0,17,10,2,5
43,22,0,17,11,2,5
43,21,0,17,12,2,5
43,20,0,17,13,2,5
43,24,0,18,8,2,5
43,23,0,18,9,2,5
43,22,0,18,10,2,5
43,21,0,18,11,2,5
43,20,0,18,12,2,5
43,25,0,19,6,2,5
43,24,0,19,7,2,5
43,23,0,19,8,2,5
43,22,0,19,9,2,5
43,21,0,19,10,2,5
43,20,0,19,11,2,5
43,24,0,20,6,2,5
43,23,0,20,7,2,5
43,22,0,20,8,2,5
43,21,0,20,9,2,5
43,20,0,20,10,2,5
43,24,0,21,5,2,5
43,23,0,21,6,2,5
43,22,0,21,7,2,5
43,21,0,21,8,2,5
43,20,0,21,9,2,5
43,23,0,22,5,2,5
43,22,0,22,6,2,5
43,21,0,22,7,2,5
43,20,0,22,8,2,5
43,22,0,23,5,2,5
43,21,0,23,6,2,5
43,20,0,23,7,2,5
43,26,0,24,0,2,5
43,21,0,24,5,2,5
43,20,0,24,6,2,5
43,25,0,25,0,2,5
43,20,0,25,5,2,5
43.2,20.8,0,8,21,2,5
43.2,20.8,0,9,20,2,5
43.2,21.8,0,10,18,2,5
43.2,20.8,0,10,19,2,5
43.2,21.8,0,11,17,2,5
43.2,20.8,0,11,18,2,5
43.2,22.8,0,12,15,2,5
43.2,21.8,0,12,16,2,5
43.2,20.8,0,12,17,2,5
43.2,22.8,0,13,14,2,5
43.2,21.8,0,13,15,2,5
43.2,20.8,0,13,16,2,5
43.2,22.8,0,14,13,2,5
43.2,21.8,0,14,14,2,5
43.2,20.8,0,14,15,2,5
43.2,22.8,0,15,12,2,5
43.2,21.8,0,15,13,2,5
43.2,20.8,0,15,14,2,5
43.2,23.8,0,16,10,2,5
43.2,22.8,0,16,11,2,5
43.2,21.8,0,16,12,2,5
43.2,20.8,0,16,13,2,5
43.2,23.8,0,17,9,2,5
43.2,22.8,0,17,10,2,5
43.2,21.8,0,17,11,2,5
43.2,20.8,0,17,12,2,5
43.2,23.8,0,18,8,2,5
43.2,22.8,0,18,9,2,5
43.2,21.8,0,18,10,2,5
43.2,20.8,0,18,11,2,5
43.2,23.8,0,19,7,2,5
43.2,22.8,0,19,8,2,5
43.2,21.8,0,19,9,2,5
43.2,20.8,0,19,10,2,5
43.2,23.8,0,20,6,2,5
43.2,22.8,0,20,7,2,5
43.2,21.8,0,20,8,2,5
43.2,20.8,0,20,9,2,5
43.2,23.8,0,21,5,2,5
43.2,22.8,0,21,6,2,5
43.2,21.8,0,21,7,2,5
43.2,20.8,0,21,8,2,5
43.2,22.8,0,22,5,2,5
43.2,21.8,0,22,6,2,5
43.2,20.8,0,22,7,2,5
43.2,21.8,0,23,5,2,5
43.2,20.8,0,23,6,2,5
43.2,25.8,0,24,0,2,5
43.2,20.8,0,24,5,2,5
43.2,24.8,0,25,0,2,5
43.4,22.6,0,13,14,2,5
42,20,0,13,17,3,5
42,22,0,14,14,3,5
42,21,0,14,15,3,5
42,20,0,14,16,3,5
42,22,0,15,13,3,5
42,21,0,15,14,3,5
42,20,0,15,15,3,5
42,22,0,16,12,3,5
42,21,0,16,13,3,5
42,20,0,16,14,3,5
42,22,0,17,11,3,5
42,21,0,17,12,3,5
42,20,0,17,13,3,5
42,22,0,18,10,3,5
42,21,0,18,11,3,5
42,20,0,18,12,3,5
42,22,0,19,9,3,5
42,21,0,19,10,3,5
42,20,0,19,11,3,5
42,23,0,20,7,3,5
42,22,0,20,8,3,5
42,21,0,20,9,3,5
42,20,0,20,10,3,5
42,23,0,21,6,3,5
42,22,0,21,7,3,5
42,21,0,21,8,3,5
42,20,0,21,9,3,5
42,23,0,22,5,3,5
42,22,0,22,6,3,5
42,21,0,22,7,3,5
42,20,0,22,8,3,5
42,22,0,23,5,3,5
42,21,0,23,6,3,5
42,20,0,23,7,3,5
42,26,0,24,0,3,5
42,21,0,24,5,3,5
42,20,0,24,6,3,5
42,25,0,25,0,3,5
42,20,0,25,5,3,5
42.2,21.8,0,14,14,3,5
42.2,20.8,0,14,15,3,5
42.2,21.8,0,15,13,3,5
42.2,20.8,0,15,14,3,5
42.2,21.8,0,16,12,3,5
42.2,20.8,0,16,13,3,5
42.2,21.8,0,17,11,3,5
42.2,20.8,0,17,12,3,5
42.2,21.8,0,18,10,3,5
42.2,20.8,0,18,11,3,5
42.2,22.8,0,19,8,3,5
42.2,21.8,0,19,9,3,5
42.2,20.8,0,19,10,3,5
42.2,22.8,0,20,7,3,5
42.2,21.8,0,20,8,3,5
42.2,20.8,0,20,9,3,5
42.2,22.8,0,21,6,3,5
42.2,21.8,0,21,7,3,5
42.2,20.8,0,21,8,3,5
42.2,22.8,0,22,5,3,5
42.2,21.8,0,22,6,3,5
42.2,20.8,0,22,7,3,5
42.2,21.8,0,23,5,3,5
42.2,20.8,0,23,6,3,5
42.2,20.8,0,24,5,3,5
41,20,0,13,17,4,5
41,20,0,14,16,4,5
41,20,0,15,15,4,5
41,21,0,16,13,4,5
41,20,0,16,14,4,5
41,21,0,17,12,4,5
41,20,0,17,13,4,5
41,21,0,18,11,4,5
41,20,0,18,12,4,5
41,21,0,19,10,4,5
41,20,0,19,11,4,5
41,21,0,20,9,4,5
41,20,0,20,10,4,5
41,22,0,21,7,4,5
41,21,0,21,8,4,5
41,20,0,21,9,4,5
41,22,0,22,6,4,5
41,21,0,22,7,4,5
41,20,0,22,8,4,5
41,22,0,23,5,4,5
41,21,0,23,6,4,5
41,20,0,23,7,4,5
41,21,0,24,5,4,5
41,20,0,24,6,4,5
41,20,0,25,5,4,5
41.2,20.8,0,17,12,4,5
41.2,20.8,0,18,11,4,5
41.2,21.8,0,19,9,4,5
41.2,20.8,0,19,10,4,5
41.2,20.8,0,20,9,4,5
41.2,21.8,0,21,7,4,5
41.2,20.8,0,21,8,4,5
41.2,21.8,0,22,6,4,5
41.2,20.8,0,22,7,4,5
41.2,21.8,0,23,5,4,5
41.2,20.8,0,23,6,4,5
41.2,20.8,0,24,5,4,5
40,21,0,18,11,5,5
40,21,0,20,9,5,5
40,22,0,21,7,5,5
40,21,0,21,8,5,5
40,20,0,21,9,5,5
40,22,0,22,6,5,5
40,21,0,22,7,5,5
40,20,0,22,8,5,5
40,22,0,23,5,5,5
40,21,0,23,6,5,5
40,20,0,23,7,5,5
40,21,0,24,5,5,5
40,20,0,24,6,5,5
40,20,0,25,5,5,5
40.2,21.8,0,21,7,5,5
40.2,21.8,0,22,6,5,5
40.2,20.8,0,22,7,5,5
40.2,21.8,0,23,5,5,5
40.2,20.8,0,23,6,5,5
40.2,20.8,0,24,5,5,5
39,21,0,21,8,6,5
39,21,0,22,7,6,5
39,20,0,22,8,6,5
39,21,0,23,6,6,5
39,20,0,23,7,6,5
39,21,0,24,5,6,5
39,20,0,24,6,6,5
39,20,0,25,5,6,5
39.2,20.8,0,22,7,6,5
39.2,21.8,0,23,5,6,5
39.2,20.8,0,23,6,6,5
39.2,20.8,0,24,5,6,5
38,21,0,21,8,7,5
38,21,0,22,7,7,5
38,20,0,22,8,7,5
38,22,0,23,5,7,5
38,21,0,23,6,7,5
38,20,0,23,7,7,5
38,21,0,24,5,7,5
38,20,0,24,6,7,5
38,20,0,25,5,7,5
38.2,20.8,0,23,6,7,5
38.2,20.8,0,24,5,7,5
37,21,0,21,8,8,5
37,21,0,22,7,8,5
37,20,0,22,8,8,5
37,21,0,23,6,8,5
37,20,0,23,7,8,5
37,21,0,24,5,8,5
37,20,0,24,6,8,5
37,20,0,25,5,8,5
37.2,20.8,0,23,6,8,5
37.2,20.8,0,24,5,8,5
36,21,0,21,8,9,5
36,21,0,22,7,9,5
36,21,0,23,6,9,5
36,20,0,23,7,9,5
36,21,0,24,5,9,5
36,20,0,24,6,9,5
36,20,0,25,5,9,5
36.2,20.8,0,24,5,9,5
40,21,5,5,24,0,5
40,20,5,5,25,0,5
40,21,5,6,23,0,5
40,20,5,6,24,0,5
40,21,5,7,22,0,5
40,20,5,7,23,0,5
40,22,5,8,20,0,5
40,21,5,8,21,0,5
40,20,5,8,22,0,5
40,23,5,9,18,0,5
40,22,5,9,19,0,5
40,21,5,9,20,0,5
40,20,5,9,21,0,5
40,23,5,10,17,0,5
40,22,5,10,18,0,5
40,21,5,10,19,0,5
40,20,5,10,20,0,5
40,23,5,11,16,0,5
40,22,5,11,17,0,5
40,21,5,11,18,0,5
40,20,5,11,19,0,5
40,23,5,12,15,0,5
40,22,5,12,16,0,5
40,21,5,12,17,0,5
40,20,5,12,18,0,5
40,23,5,13,14,0,5
40,22,5,13,15,0,5
40,21,5,13,16,0,5
40,20,5,13,17,0,5
40,23,5,14,13,0,5
40,22,5,14,14,0,5
40,21,5,14,15,0,5
40,20,5,14,16,0,5
40,23,5,15,12,0,5
40,22,5,15,13,0,5
40,21,5,15,14,0,5
40,20,5,15,15,0,5
40,23,5,16,11,0,5
40,22,5,16,12,0,5
40,21,5,16,13,0,5
40,20,5,16,14,0,5
40,23,5,17,10,0,5
40,22,5,17,11,0,5
40,21,5,17,12,0,5
40,20,5,17,13,0,5
40,23,5,18,9,0,5
40,22,5,18,10,0,5
40,21,5,18,11,0,5
40,20,5,18,12,0,5
40,23,5,19,8,0,5
40,22,5,19,9,0,5
40,21,5,19,10,0,5
40,20,5,19,11,0,5
40,23,5,20,7,0,5
40,22,5,20,8,0,5
40,21,5,20,9,0,5
40,20,5,20,10,0,5
40,23,5,21,6,0,5
40,22,5,21,7,0,5
40,21,5,21,8,0,5
40,20,5,21,9,0,5
40,23,5,22,5,0,5
40,22,5,22,6,0,5
40,21,5,22,7,0,5
40,20,5,22,8,0,5
40,22,5,23,5,0,5
40,21,5,23,6,0,5
40,20,5,23,7,0,5
40,21,5,24,5,0,5
40,20,5,24,6,0,5
40,20,5,25,5,0,5
39,21,5,5,24,1,5
39,20,5,5,25,1,5
39,22,5,6,22,1,5
39,21,5,6,23,1,5
39,20,5,6,24,1,5
39,22,5,7,21,1,5
39,21,5,7,22,1,5
39,20,5,7,23,1,5
39,22,5,8,20,1,5
39,21,5,8,21,1,5
39,20,5,8,22,1,5
39,22,5,9,19,1,5
39,21,5,9,20,1,5
39,20,5,9,21,1,5
39,22,5,10,18,1,5
39,21,5,10,19,1,5
39,20,5,10,20,1,5
39,22,5,11,17,1,5
39,21,5,11,18,1,5
39,20,5,11,19,1,5
39,23,5,12,15,1,5
39,22,5,12,16,1,5
39,21,5,12,17,1,5
39,20,5,12,18,1,5
39,23,5,13,14,1,5
39,22,5,13,15,1,5
39,21,5,13,16,1,5
39,20,5,13,17,1,5
39,23,5,14,13,1,5
39,22,5,14,14,1,5
39,21,5,14,15,1,5
39,20,5,14,16,1,5
39,23,5,15,12,1,5
39,22,5,15,13,1,5
39,21,5,15,14,1,5
39,20,5,15,15,1,5
39,22,5,16,12,1,5
39,21,5,16,13,1,5
39,20,5,16,14,1,5
39,22,5,17,11,1,5
39,21,5,17,12,1,5
39,20,5,17,13,1,5
39,23,5,18,9,1,5
39,22,5,18,10,1,5
39,21,5,18,11,1,5
39,20,5,18,12,1,5
39,23,5,19,8,1,5
39,22,5,19,9,1,5
39,21,5,19,10,1,5
39,20,5,19,11,1,5
39,23,5,20,7,1,5
39,22,5,20,8,1,5
39,21,5,20,9,1,5
39,20,5,20,10,1,5
39,24,5,21,5,1,5
39,23,5,21,6,1,5
39,22,5,21,7,1,5
39,21,5,21,8,1,5
39,20,5,21,9,1,5
39,23,5,22,5,1,5
39,22,5,22,6,1,5
39,21,5,22,7,1,5
39,20,5,22,8,1,5
39,22,5,23,5,1,5
39,21,5,23,6,1,5
39,20,5,23,7,1,5
39,26,5,24,0,1,5
39,21,5,24,5,1,5
39,20,5,24,6,1,5
39,25,5,25,0,1,5
39,20,5,25,5,1,5
39.2,24.8,5,25,0,1,5
39.4,24.6,5,25,0,1,5
38,20,5,5,25,2,5
38,21,5,6,23,2,5
38,20,5,6,24,2,5
38,21,5,7,22,2,5
38,20,5,7,23,2,5
38,21,5,8,21,2,5
38,20,5,8,22,2,5
38,21,5,9,20,2,5
38,20,5,9,21,2,5
38,22,5,10,18,2,5
38,21,5,10,19,2,5
38,20,5,10,20,2,5
38,22,5,11,17,2,5
38,21,5,11,18,2,5
38,20,5,11,19,2,5
38,22,5,12,16,2,5
38,21,5,12,17,2,5
38,20,5,12,18,2,5
38,22,5,13,15,2,5
38,21,5,13,16,2,5
38,20,5,13,17,2,5
38,22,5,14,14,2,5
38,21,5,14,15,2,5
38,20,5,14,16,2,5
38,22,5,15,13,2,5
38,21,5,15,14,2,5
38,20,5,15,15,2,5
38,21,5,16,13,2,5
38,20,5,16,14,2,5
38,21,5,17,12,2,5
38,20,5,17,13,2,5
38,21,5,18,11,2,5
38,20,5,18,12,2,5
38,23,5,19,8,2,5
38,22,5,19,9,2,5
38,21,5,19,10,2,5
38,20,5,19,11,2,5
38,23,5,20,7,2,5
38,22,5,20,8,2,5
38,21,5,20,9,2,5
38,20,5,20,10,2,5
38,23,5,21,6,2,5
38,22,5,21,7,2,5
38,21,5,21,8,2,5
38,20,5,21,9,2,5
38,23,5,22,5,2,5
38,22,5,22,6,2,5
38,21,5,22,7,2,5
38,20,5,22,8,2,5
38,22,5,23,5,2,5
38,21,5,23,6,2,5
38,20,5,23,7,2,5
38,21,5,24,5,2,5
38,20,5,24,6,2,5
38,25,5,25,0,2,5
38,20,5,25,5,2,5
38.2,24.8,5,25,0,2,5
38.4,24.6,5,25,0,2,5
37,22,5,11,17,3,5
37,21,5,11,18,3,5
37,22,5,12,16,3,5
37,21,5,12,17,3,5
37,22,5,13,15,3,5
37,21,5,13,16,3,5
37,20,5,13,17,3,5
37,22,5,14,14,3,5
37,21,5,14,15,3,5
37,20,5,14,16,3,5
37,21,5,15,14,3,5
37,20,5,15,15,3,5
37,20,5,16,14,3,5
37,22,5,20,8,3,5
37,22,5,21,7,3,5
37,21,5,21,8,3,5
37,23,5,22,5,3,5
37,22,5,22,6,3,5
37,21,5,22,7,3,5
37,22,5,23,5,3,5
37,21,5,23,6,3,5
37,21,5,24,5,3,5
37,20,5,24,6,3,5
37,20,5,25,5,3,5
36,20,5,23,7,4,5
36,20,5,24,6,4,5
36,20,5,25,5,4,5
39,21,6,5,24,0,5
39,20,6,5,25,0,5
39,21,6,6,23,0,5
39,20,6,6,24,0,5
39,21,6,7,22,0,5
39,20,6,7,23,0,5
39,22,6,8,20,0,5
39,21,6,8,21,0,5
39,20,6,8,22,0,5
39,22,6,9,19,0,5
39,21,6,9,20,0,5
39,20,6,9,21,0,5
39,22,6,10,18,0,5
39,21,6,10,19,0,5
39,20,6,10,20,0,5
39,23,6,11,16,0,5
39,22,6,11,17,0,5
39,21,6,11,18,0,5
39,20,6,11,19,0,5
39,23,6,12,15,0,5
39,22,6,12,16,0,5
39,21,6,12,17,0,5
39,20,6,12,18,0,5
39,23,6,13,14,0,5
39,22,6,13,15,0,5
39,21,6,13,16,0,5
39,20,6,13,17,0,5
39,23,6,14,13,0,5
39,22,6,14,14,0,5
39,21,6,14,15,0,5
39,20,6,14,16,0,5
39,23,6,15,12,0,5
39,22,6,15,13,0,5
39,21,6,15,14,0,5
39,20,6,15,15,0,5
39,23,6,16,11,0,5
39,22,6,16,12,0,5
39,21,6,16,13,0,5
39,20,6,16,14,0,5
39,22,6,17,11,0,5
39,21,6,17,12,0,5
39,20,6,17,13,0,5
39,22,6,18,10,0,5
39,21,6,18,11,0,5
39,20,6,18,12,0,5
39,23,6,19,8,0,5
39,22,6,19,9,0,5
39,21,6,19,10,0,5
39,20,6,19,11,0,5
39,23,6,20,7,0,5
39,22,6,20,8,0,5
39,21,6,20,9,0,5
39,20,6,20,10,0,5
39,23,6,21,6,0,5
39,22,6,21,7,0,5
39,21,6,21,8,0,5
39,20,6,21,9,0,5
39,23,6,22,5,0,5
39,22,6,22,6,0,5
39,21,6,22,7,0,5
39,20,6,22,8,0,5
39,22,6,23,5,0,5
39,21,6,23,6,0,5
39,20,6,23,7,0,5
39,21,6,24,5,0,5
39,20,6,24,6,0,5
39,20,6,25,5,0,5
38,21,6,5,24,1,5
38,20,6,5,25,1,5
38,21,6,6,23,1,5
38,20,6,6,24,1,5
38,21,6,7,22,1,5
38,20,6,7,23,1,5
38,22,6,8,20,1,5
38,21,6,8,21,1,5
38,20,6,8,22,1,5
38,22,6,9,19,1,5
38,21,6,9,20,1,5
38,20,6,9,21,1,5
38,22,6,10,18,1,5
38,21,6,10,19,1,5
38,20,6,10,20,1,5
38,22,6,11,17,1,5
38,21,6,11,18,1,5
38,20,6,11,19,1,5
38,22,6,12,16,1,5
38,21,6,12,17,1,5
38,20,6,12,18,1,5
38,23,6,13,14,1,5
38,22,6,13,15,1,5
38,21,6,13,16,1,5
38,20,6,13,17,1,5
38,23,6,14,13,1,5
38,22,6,14,14,1,5
38,21,6,14,15,1,5
38,20,6,14,16,1,5
38,22,6,15,13,1,5
38,21,6,15,14,1,5
38,20,6,15,15,1,5
38,22,6,16,12,1,5
38,21,6,16,13,1,5
38,20,6,16,14,1,5
38,21,6,17,12,1,5
38,20,6,17,13,1,5
38,21,6,18,11,1,5
38,20,6,18,12,1,5
38,23,6,19,8,1,5
38,22,6,19,9,1,5
38,21,6,19,10,1,5
38,20,6,19,11,1,5
38,23,6,20,7,1,5
38,22,6,20,8,1,5
38,21,6,20,9,1,5
38,20,6,20,10,1,5
38,23,6,21,6,1,5
38,22,6,21,7,1,5
38,21,6,21,8,1,5
38,20,6,21,9,1,5
38,23,6,22,5,1,5
38,22,6,22,6,1,5
38,21,6,22,7,1,5
38,20,6,22,8,1,5
38,22,6,23,5,1,5
38,21,6,23,6,1,5
38,20,6,23,7,1,5
38,21,6,24,5,1,5
38,20,6,24,6,1,5
38,25,6,25,0,1,5
38,20,6,25,5,1,5
38.2,24.8,6,25,0,1,5
37,20,6,5,25,2,5
37,20,6,6,24,2,5
37,21,6,7,22,2,5
37,20,6,7,23,2,5
37,21,6,8,21,2,5
37,20,6,8,22,2,5
37,22,6,9,19,2,5
37,21,6,9,20,2,5
37,20,6,9,21,2,5
37,22,6,10,18,2,5
37,21,6,10,19,2,5
37,20,6,10,20,2,5
37,22,6,11,17,2,5
37,21,6,11,18,2,5
37,20,6,11,19,2,5
37,22,6,12,16,2,5
37,21,6,12,17,2,5
37,20,6,12,18,2,5
37,22,6,13,15,2,5
37,21,6,13,16,2,5
37,20,6,13,17,2,5
37,22,6,14,14,2,5
37,21,6,14,15,2,5
37,20,6,14,16,2,5
37,21,6,15,14,2,5
37,20,6,15,15,2,5
37,21,6,16,13,2,5
37,20,6,16,14,2,5
37,20,6,17,13,2,5
37,21,6,18,11,2,5
37,20,6,18,12,2,5
37,21,6,19,10,2,5
37,20,6,19,11,2,5
37,23,6,20,7,2,5
37,22,6,20,8,2,5
37,21,6,20,9,2,5
37,20,6,20,10,2,5
37,23,6,21,6,2,5
37,22,6,21,7,2,5
37,21,6,21,8,2,5
37,20,6,21,9,2,5
37,23,6,22,5,2,5
37,22,6,22,6,2,5
37,21,6,22,7,2,5
37,20,6,22,8,2,5
37,22,6,23,5,2,5
37,21,6,23,6,2,5
37,20,6,23,7,2,5
37,21,6,24,5,2,5
37,20,6,24,6,2,5
37,20,6,25,5,2,5
36,20,6,6,24,3,5
36,20,6,7,23,3,5
36,20,6,8,22,3,5
36,21,6,9,20,3,5
36,20,6,9,21,3,5
36,21,6,10,19,3,5
36,20,6,10,20,3,5
36,21,6,11,18,3,5
36,20,6,11,19,3,5
36,21,6,12,17,3,5
36,20,6,12,18,3,5
36,21,6,13,16,3,5
36,20,6,13,17,3,5
36,21,6,14,15,3,5
36,20,6,14,16,3,5
36,21,6,15,14,3,5
36,20,6,15,15,3,5
36,20,6,16,14,3,5
36,21,6,18,11,3,5
36,20,6,19,11,3,5
38,20,7,5,25,0,5
38,20,7,6,24,0,5
38,20,7,7,23,0,5
38,21,7,8,21,0,5
38,20,7,8,22,0,5
38,22,7,9,19,0,5
38,21,7,9,20,0,5
38,20,7,9,21,0,5
38,22,7,10,18,0,5
38,21,7,10,19,0,5
38,20,7,10,20,0,5
38,22,7,11,17,0,5
38,21,7,11,18,0,5
38,20,7,11,19,0,5
38,22,7,12,16,0,5
38,21,7,12,17,0,5
38,20,7,12,18,0,5
38,23,7,13,14,0,5
38,22,7,13,15,0,5
38,21,7,13,16,0,5
38,20,7,13,17,0,5
38,23,7,14,13,0,5
38,22,7,14,14,0,5
38,21,7,14,15,0,5
38,20,7,14,16,0,5
38,22,7,15,13,0,5
38,21,7,15,14,0,5
38,20,7,15,15,0,5
38,22,7,16,12,0,5
38,21,7,16,13,0,5
38,20,7,16,14,0,5
38,22,7,17,11,0,5
38,21,7,17,12,0,5
38,20,7,17,13,0,5
38,22,7,18,10,0,5
38,21,7,18,11,0,5
38,20,7,18,12,0,5
38,22,7,19,9,0,5
38,21,7,19,10,0,5
38,20,7,19,11,0,5
38,22,7,20,8,0,5
38,21,7,20,9,0,5
38,20,7,20,10,0,5
38,22,7,21,7,0,5
38,21,7,21,8,0,5
38,20,7,21,9,0,5
38,23,7,22,5,0,5
38,22,7,22,6,0,5
38,21,7,22,7,0,5
38,20,7,22,8,0,5
38,22,7,23,5,0,5
38,21,7,23,6,0,5
38,20,7,23,7,0,5
38,21,7,24,5,0,5
38,20,7,24,6,0,5
38,20,7,25,5,0,5
37,21,7,5,24,1,5
37,20,7,5,25,1,5
37,21,7,6,23,1,5
37,20,7,6,24,1,5
37,21,7,7,22,1,5
37,20,7,7,23,1,5
37,21,7,8,21,1,5
37,20,7,8,22,1,5
37,21,7,9,20,1,5
37,20,7,9,21,1,5
37,22,7,10,18,1,5
37,21,7,10,19,1,5
37,20,7,10,20,1,5
37,22,7,11,17,1,5
37,21,7,11,18,1,5
37,20,7,11,19,1,5
37,23,7,12,15,1,5
37,22,7,12,16,1,5
37,21,7,12,17,1,5
37,20,7,12,18,1,5
37,23,7,13,14,1,5
37,22,7,13,15,1,5
37,21,7,13,16,1,5
37,20,7,13,17,1,5
37,22,7,14,14,1,5
37,21,7,14,15,1,5
37,20,7,14,16,1,5
37,22,7,15,13,1,5
37,21,7,15,14,1,5
37,20,7,15,15,1,5
37,22,7,16,12,1,5
37,21,7,16,13,1,5
37,20,7,16,14,1,5
37,22,7,17,11,1,5
37,21,7,17,12,1,5
37,20,7,17,13,1,5
37,22,7,18,10,1,5
37,21,7,18,11,1,5
37,20,7,18,12,1,5
37,23,7,19,8,1,5
37,22,7,19,9,1,5
37,21,7,19,10,1,5
37,20,7,19,11,1,5
37,23,7,20,7,1,5
37,22,7,20,8,1,5
37,21,7,20,9,1,5
37,20,7,20,10,1,5
37,23,7,21,6,1,5
37,22,7,21,7,1,5
37,21,7,21,8,1,5
37,20,7,21,9,1,5
37,23,7,22,5,1,5
37,22,7,22,6,1,5
37,21,7,22,7,1,5
37,20,7,22,8,1,5
37,22,7,23,5,1,5
37,21,7,23,6,1,5
37,20,7,23,7,1,5
37,21,7,24,5,1,5
37,20,7,24,6,1,5
37,20,7,25,5,1,5
36,20,7,7,23,2,5
36,20,7,8,22,2,5
36,20,7,9,21,2,5
36,21,7,10,19,2,5
36,20,7,10,20,2,5
36,21,7,11,18,2,5
36,20,7,11,19,2,5
36,21,7,12,17,2,5
36,20,7,12,18,2,5
36,21,7,13,16,2,5
36,20,7,13,17,2,5
36,21,7,14,15,2,5
36,20,7,14,16,2,5
36,21,7,15,14,2,5
36,20,7,15,15,2,5
36,21,7,16,13,2,5
36,20,7,16,14,2,5
36,20,7,17,13,2,5
36,21,7,18,11,2,5
36,20,7,18,12,2,5
36,21,7,19,10,2,5
36,20,7,19,11,2,5
36,20,7,20,10,2,5
37,20,8,7,23,0,5
37,20,8,8,22,0,5
37,20,8,9,21,0,5
37,21,8,10,19,0,5
37,20,8,10,20,0,5
37,21,8,11,18,0,5
37,20,8,11,19,0,5
37,21,8,12,17,0,5
37,20,8,12,18,0,5
37,21,8,13,16,0,5
37,20,8,13,17,0,5
37,22,8,14,14,0,5
37,21,8,14,15,0,5
37,20,8,14,16,0,5
37,21,8,15,14,0,5
37,20,8,15,15,0,5
37,22,8,16,12,0,5
37,21,8,16,13,0,5
37,20,8,16,14,0,5
37,22,8,17,11,0,5
37,21,8,17,12,0,5
37,20,8,17,13,0,5
37,21,8,18,11,0,5
37,20,8,18,12,0,5
37,21,8,19,10,0,5
37,20,8,19,11,0,5
37,22,8,20,8,0,5
37,21,8,20,9,0,5
37,20,8,20,10,0,5
37,22,8,21,7,0,5
37,21,8,21,8,0,5
37,20,8,21,9,0,5
37,23,8,22,5,0,5
37,22,8,22,6,0,5
37,21,8,22,7,0,5
37,20,8,22,8,0,5
37,22,8,23,5,0,5
37,21,8,23,6,0,5
37,20,8,23,7,0,5
37,21,8,24,5,0,5
37,20,8,24,6,0,5
37,20,8,25,5,0,5
36,20,8,5,25,1,5
36,21,8,6,23,1,5
36,20,8,6,24,1,5
36,21,8,7,22,1,5
36,20,8,7,23,1,5
36,21,8,8,21,1,5
36,20,8,8,22,1,5
36,21,8,9,20,1,5
36,20,8,9,21,1,5
36,21,8,10,19,1,5
36,20,8,10,20,1,5
36,21,8,11,18,1,5
36,20,8,11,19,1,5
36,21,8,12,17,1,5
36,20,8,12,18,1,5
36,21,8,13,16,1,5
36,20,8,13,17,1,5
36,21,8,14,15,1,5
36,20,8,14,16,1,5
36,21,8,15,14,1,5
36,20,8,15,15,1,5
36,21,8,16,13,1,5
36,20,8,16,14,1,5
36,21,8,17,12,1,5
36,20,8,17,13,1,5
36,21,8,18,11,1,5
36,20,8,18,12,1,5
36,21,8,19,10,1,5
36,20,8,19,11,1,5
36,21,8,20,9,1,5
36,20,8,20,10,1,5
36,21,8,21,8,1,5
36,20,8,21,9,1,5
36,21,8,22,7,1,5
36,20,8,22,8,1,5
36,21,8,23,6,1,5
36,20,8,23,7,1,5
36,21,8,24,5,1,5
36,20,8,24,6,1,5
36,20,8,25,5,1,5
36,20,9,9,21,0,5
36,20,9,10,20,0,5
36,20,9,11,19,0,5
36,20,9,12,18,0,5
36,20,9,13,17,0,5
36,20,9,14,16,0,5
36,20,9,15,15,0,5
36,20,9,16,14,0,5
36,20,9,17,13,0,5
36,20,9,18,12,0,5
36,20,9,19,11,0,5
36,20,9,20,10,0,5
36,20,9,21,9,0,5
36,20,9,22,8,0,5
36,20,9,23,7,0,5
36,21,9,24,5,0,5
36,20,9,24,6,0,5
36,20,9,25,5,0,5
