50,26,0,5,19,0,0
50,25,0,5,20,0,0
50,24,0,5,21,0,0
50,23,0,5,22,0,0
50,22,0,5,23,0,0
50,21,0,5,24,0,0
50,20,0,5,25,0,0
50,28,0,6,16,0,0
50,26,0,6,18,0,0
50,25,0,6,19,0,0
50,24,0,6,20,0,0
50,23,0,6,21,0,0
50,22,0,6,22,0,0
50,21,0,6,23,0,0
50,20,0,6,24,0,0
50,25,0,7,18,0,0
50,24,0,7,19,0,0
50,21,0,7,22,0,0
50,20,0,7,23,0,0
50,28,0,8,14,0,0
50,26,0,8,16,0,0
50,25,0,8,17,0,0
50,24,0,8,18,0,0
50,23,0,8,19,0,0
50,22,0,8,20,0,0
50,21,0,8,21,0,0
50,20,0,8,22,0,0
50,28,0,9,13,0,0
50,26,0,9,15,0,0
50,25,0,9,16,0,0
50,24,0,9,17,0,0
50,23,0,9,18,0,0
50,22,0,9,19,0,0
50,21,0,9,20,0,0
50,20,0,9,21,0,0
50,30,0,10,10,0,0
50,28,0,10,12,0,0
50,27,0,10,13,0,0
50,26,0,10,14,0,0
50,25,0,10,15,0,0
50,24,0,10,16,0,0
50,23,0,10,17,0,0
50,22,0,10,18,0,0
50,21,0,10,19,0,0
50,20,0,10,20,0,0
50,28,0,11,11,0,0
50,27,0,11,12,0,0
50,26,0,11,13,0,0
50,25,0,11,14,0,0
50,24,0,11,15,0,0
50,23,0,11,16,0,0
50,22,0,11,17,0,0
50,21,0,11,18,0,0
50,20,0,11,19,0,0
50,28,0,12,10,0,0
50,27,0,12,11,0,0
50,26,0,12,12,0,0
50,25,0,12,13,0,0
50,24,0,12,14,0,0
50,23,0,12,15,0,0
50,22,0,12,16,0,0
50,21,0,12,17,0,0
50,20,0,12,18,0,0
50,29,0,13,8,0,0
50,28,0,13,9,0,0
50,27,0,13,10,0,0
50,26,0,13,11,0,0
50,25,0,13,12,0,0
50,24,0,13,13,0,0
50,23,0,13,14,0,0
50,22,0,13,15,0,0
50,21,0,13,16,0,0
50,20,0,13,17,0,0
50,30,0,14,6,0,0
50,29,0,14,7,0,0
50,28,0,14,8,0,0
50,27,0,14,9,0,0
50,26,0,14,10,0,0
50,25,0,14,11,0,0
50,24,0,14,12,0,0
50,23,0,14,13,0,0
50,22,0,14,14,0,0
50,21,0,14,15,0,0
50,20,0,14,16,0,0
50,30,0,15,5,0,0
50,29,0,15,6,0,0
50,28,0,15,7,0,0
50,27,0,15,8,0,0
50,26,0,15,9,0,0
50,25,0,15,10,0,0
50,24,0,15,11,0,0
50,23,0,15,12,0,0
50,22,0,15,13,0,0
50,21,0,15,14,0,0
50,20,0,15,15,0,0
50,29,0,16,5,0,0
50,28,0,16,6,0,0
50,27,0,16,7,0,0
50,26,0,16,8,0,0
50,25,0,16,9,0,0
50,24,0,16,10,0,0
50,23,0,16,11,0,0
50,22,0,16,12,0,0
50,21,0,16,13,0,0
50,20,0,16,14,0,0
50,28,0,17,5,0,0
50,27,0,17,6,0,0
50,26,0,17,7,0,0
50,25,0,17,8,0,0
50,24,0,17,9,0,0
50,23,0,17,10,0,0
50,22,0,17,11,0,0
50,21,0,17,12,0,0
50,20,0,17,13,0,0
50,27,0,18,5,0,0
50,26,0,18,6,0,0
50,25,0,18,7,0,0
50,24,0,18,8,0,0
50,23,0,18,9,0,0
50,22,0,18,10,0,0
50,21,0,18,11,0,0
50,20,0,18,12,0,0
50,26,0,19,5,0,0
50,25,0,19,6,0,0
50,24,0,19,7,0,0
50,23,0,19,8,0,0
50,22,0,19,9,0,0
50,21,0,19,10,0,0
50,20,0,19,11,0,0
50,25,0,20,5,0,0
50,24,0,20,6,0,0
50,23,0,20,7,0,0
50,22,0,20,8,0,0
50,21,0,20,9,0,0
50,20,0,20,10,0,0
50,24,0,21,5,0,0
50,23,0,21,6,0,0
50,22,0,21,7,0,0
50,21,0,21,8,0,0
50,20,0,21,9,0,0
50,23,0,22,5,0,0
50,22,0,22,6,0,0
50,21,0,22,7,0,0
50,20,0,22,8,0,0
50,22,0,23,5,0,0
50,21,0,23,6,0,0
50,20,0,23,7,0,0
50,21,0,24,5,0,0
50,20,0,24,6,0,0
50,20,0,25,5,0,0
50.2,26.8,0,18,5,0,0
49,21,0,9,20,1,0
49,20,0,9,21,1,0
49,23,0,10,17,1,0
49,22,0,10,18,1,0
49,21,0,10,19,1,0
49,20,0,10,20,1,0
49,24,0,11,15,1,0
49,23,0,11,16,1,0
49,22,0,11,17,1,0
49,21,0,11,18,1,0
49,20,0,11,19,1,0
49,25,0,12,13,1,0
49,24,0,12,14,1,0
49,23,0,12,15,1,0
49,22,0,12,16,1,0
49,21,0,12,17,1,0
49,20,0,12,18,1,0
49,26,0,13,11,1,0
49,25,0,13,12,1,0
49,24,0,13,13,1,0
49,23,0,13,14,1,0
49,22,0,13,15,1,0
49,21,0,13,16,1,0
49,20,0,13,17,1,0
49,26,0,14,10,1,0
49,25,0,14,11,1,0
49,24,0,14,12,1,0
49,23,0,14,13,1,0
49,22,0,14,14,1,0
49,21,0,14,15,1,0
49,20,0,14,16,1,0
49,26,0,15,9,1,0
49,25,0,15,10,1,0
49,24,0,15,11,1,0
49,23,0,15,12,1,0
49,22,0,15,13,1,0
49,21,0,15,14,1,0
49,20,0,15,15,1,0
49,26,0,16,8,1,0
49,25,0,16,9,1,0
49,24,0,16,10,1,0
49,23,0,16,11,1,0
49,22,0,16,12,1,0
49,21,0,16,13,1,0
49,20,0,16,14,1,0
49,27,0,17,6,1,0
49,26,0,17,7,1,0
49,25,0,17,8,1,0
49,24,0,17,9,1,0
49,23,0,17,10,1,0
49,22,0,17,11,1,0
49,21,0,17,12,1,0
49,20,0,17,13,1,0
49,27,0,18,5,1,0
49,26,0,18,6,1,0
49,25,0,18,7,1,0
49,24,0,18,8,1,0
49,23,0,18,9,1,0
49,22,0,18,10,1,0
49,21,0,18,11,1,0
49,20,0,18,12,1,0
49,26,0,19,5,1,0
49,25,0,19,6,1,0
49,24,0,19,7,1,0
49,23,0,19,8,1,0
49,22,0,19,9,1,0
49,21,0,19,10,1,0
49,20,0,19,11,1,0
49,25,0,20,5,1,0
49,24,0,20,6,1,0
49,23,0,20,7,1,0
49,22,0,20,8,1,0
49,21,0,20,9,1,0
49,20,0,20,10,1,0
49,29,0,21,0,1,0
49,24,0,21,5,1,0
49,23,0,21,6,1,0
49,22,0,21,7,1,0
49,21,0,21,8,1,0
49,20,0,21,9,1,0
49,28,0,22,0,1,0
49,23,0,22,5,1,0
49,22,0,22,6,1,0
49,21,0,22,7,1,0
49,20,0,22,8,1,0
49,27,0,23,0,1,0
49,22,0,23,5,1,0
49,21,0,23,6,1,0
49,20,0,23,7,1,0
49,26,0,24,0,1,0
49,21,0,24,5,1,0
49,20,0,24,6,1,0
49,25,0,25,0,1,0
49,20,0,25,5,1,0
48,20,0,8,22,2,0
48,24,0,10,16,2,0
48,22,0,10,18,2,0
48,20,0,10,20,2,0
48,22,0,11,17,2,0
48,21,0,11,18,2,0
48,20,0,11,19,2,0
48,24,0,12,14,2,0
48,23,0,12,15,2,0
48,22,0,12,16,2,0
48,21,0,12,17,2,0
48,20,0,12,18,2,0
48,25,0,13,12,2,0
48,24,0,13,13,2,0
48,23,0,13,14,2,0
48,22,0,13,15,2,0
48,21,0,13,16,2,0
48,20,0,13,17,2,0
48,24,0,14,12,2,0
48,23,0,14,13,2,0
48,22,0,14,14,2,0
48,21,0,14,15,2,0
48,20,0,14,16,2,0
48,24,0,15,11,2,0
48,23,0,15,12,2,0
48,22,0,15,13,2,0
48,21,0,15,14,2,0
48,20,0,15,15,2,0
48,24,0,16,10,2,0
48,23,0,16,11,2,0
48,22,0,16,12,2,0
48,21,0,16,13,2,0
48,20,0,16,14,2,0
48,25,0,17,8,2,0
48,24,0,17,9,2,0
48,23,0,17,10,2,0
48,22,0,17,11,2,0
48,21,0,17,12,2,0
48,20,0,17,13,2,0
48,26,0,18,6,2,0
48,25,0,18,7,2,0
48,24,0,18,8,2,0
48,23,0,18,9,2,0
48,22,0,18,10,2,0
48,21,0,18,11,2,0
48,20,0,18,12,2,0
48,26,0,19,5,2,0
48,25,0,19,6,2,0
48,24,0,19,7,2,0
48,23,0,19,8,2,0
48,22,0,19,9,2,0
48,21,0,19,10,2,0
48,20,0,19,11,2,0
48,25,0,20,5,2,0
48,24,0,20,6,2,0
48,23,0,20,7,2,0
48,22,0,20,8,2,0
48,21,0,20,9,2,0
48,20,0,20,10,2,0
48,29,0,21,0,2,0
48,24,0,21,5,2,0
48,23,0,21,6,2,0
48,22,0,21,7,2,0
48,21,0,21,8,2,0
48,20,0,21,9,2,0
48,28,0,22,0,2,0
48,23,0,22,5,2,0
48,22,0,22,6,2,0
48,21,0,22,7,2,0
48,20,0,22,8,2,0
48,27,0,23,0,2,0
48,22,0,23,5,2,0
48,21,0,23,6,2,0
48,20,0,23,7,2,0
48,26,0,24,0,2,0
48,21,0,24,5,2,0
48,20,0,24,6,2,0
48,25,0,25,0,2,0
48,20,0,25,5,2,0
47,20,0,12,18,3,0
47,21,0,13,16,3,0
47,20,0,13,17,3,0
47,22,0,14,14,3,0
47,21,0,14,15,3,0
47,20,0,14,16,3,0
47,23,0,15,12,3,0
47,22,0,15,13,3,0
47,21,0,15,14,3,0
47,20,0,15,15,3,0
47,23,0,16,11,3,0
47,22,0,16,12,3,0
47,21,0,16,13,3,0
47,20,0,16,14,3,0
47,24,0,17,9,3,0
47,23,0,17,10,3,0
47,22,0,17,11,3,0
47,21,0,17,12,3,0
47,20,0,17,13,3,0
47,24,0,18,8,3,0
47,23,0,18,9,3,0
47,22,0,18,10,3,0
47,21,0,18,11,3,0
47,20,0,18,12,3,0
47,25,0,19,6,3,0
47,24,0,19,7,3,0
47,23,0,19,8,3,0
47,22,0,19,9,3,0
47,21,0,19,10,3,0
47,20,0,19,11,3,0
47,25,0,20,5,3,0
47,24,0,20,6,3,0
47,23,0,20,7,3,0
47,22,0,20,8,3,0
47,21,0,20,9,3,0
47,20,0,20,10,3,0
47,24,0,21,5,3,0
47,23,0,21,6,3,0
47,22,0,21,7,3,0
47,21,0,21,8,3,0
47,20,0,21,9,3,0
47,28,0,22,0,3,0
47,23,0,22,5,3,0
47,22,0,22,6,3,0
47,21,0,22,7,3,0
47,20,0,22,8,3,0
47,27,0,23,0,3,0
47,22,0,23,5,3,0
47,21,0,23,6,3,0
47,20,0,23,7,3,0
47,26,0,24,0,3,0
47,21,0,24,5,3,0
47,20,0,24,6,3,0
47,25,0,25,0,3,0
47,20,0,25,5,3,0
46,20,0,14,16,4,0
46,21,0,15,14,4,0
46,20,0,15,15,4,0
46,21,0,16,13,4,0
46,20,0,16,14,4,0
46,21,0,17,12,4,0
46,20,0,17,13,4,0
46,22,0,18,10,4,0
46,21,0,18,11,4,0
46,20,0,18,12,4,0
46,24,0,19,7,4,0
46,23,0,19,8,4,0
46,22,0,19,9,4,0
46,21,0,19,10,4,0
46,20,0,19,11,4,0
46,25,0,20,5,4,0
46,24,0,20,6,4,0
46,23,0,20,7,4,0
46,22,0,20,8,4,0
46,21,0,20,9,4,0
46,20,0,20,10,4,0
46,24,0,21,5,4,0
46,23,0,21,6,4,0
46,22,0,21,7,4,0
46,21,0,21,8,4,0
46,20,0,21,9,4,0
46,28,0,22,0,4,0
46,23,0,22,5,4,0
46,22,0,22,6,4,0
46,21,0,22,7,4,0
46,20,0,22,8,4,0
46,27,0,23,0,4,0
46,22,0,23,5,4,0
46,21,0,23,6,4,0
46,20,0,23,7,4,0
46,26,0,24,0,4,0
46,21,0,24,5,4,0
46,20,0,24,6,4,0
46,25,0,25,0,4,0
46,20,0,25,5,4,0
45,20,0,17,13,5,0
45,20,0,18,12,5,0
45,22,0,19,9,5,0
45,21,0,19,10,5,0
45,20,0,19,11,5,0
45,24,0,20,6,5,0
45,23,0,20,7,5,0
45,22,0,20,8,5,0
45,21,0,20,9,5,0
45,20,0,20,10,5,0
45,24,0,21,5,5,0
45,23,0,21,6,5,0
45,22,0,21,7,5,0
45,21,0,21,8,5,0
45,20,0,21,9,5,0
45,23,0,22,5,5,0
45,22,0,22,6,5,0
45,21,0,22,7,5,0
45,20,0,22,8,5,0
45,27,0,23,0,5,0
45,22,0,23,5,5,0
45,21,0,23,6,5,0
45,20,0,23,7,5,0
45,21,0,24,5,5,0
45,20,0,24,6,5,0
45,25,0,25,0,5,0
45,20,0,25,5,5,0
44,21,0,20,9,6,0
44,20,0,20,10,6,0
44,22,0,21,7,6,0
44,21,0,21,8,6,0
44,20,0,21,9,6,0
44,23,0,22,5,6,0
44,22,0,22,6,6,0
44,21,0,22,7,6,0
44,20,0,22,8,6,0
44,22,0,23,5,6,0
44,21,0,23,6,6,0
44,20,0,23,7,6,0
44,21,0,24,5,6,0
44,20,0,24,6,6,0
44,25,0,25,0,6,0
44,20,0,25,5,6,0
43,20,0,20,10,7,0
43,20,0,21,9,7,0
43,21,0,22,7,7,0
43,20,0,22,8,7,0
43,21,0,23,6,7,0
43,20,0,23,7,7,0
43,21,0,24,5,7,0
43,20,0,24,6,7,0
43,20,0,25,5,7,0
42,20,0,23,7,8,0
42,21,0,24,5,8,0
42,20,0,24,6,8,0
42,20,0,25,5,8,0
41,21,0,24,5,9,0
41,20,0,25,5,9,0
41.2,21.8,0,22,6,9,0
41.2,20.8,0,23,6,9,0
40,20,0,25,5,10,0
35,32,0,18,0,15,0
34,33,0,17,0,16,0
34,32,0,18,0,16,0
34,31,0,19,0,16,0
34,30,0,20,0,16,0
34,29,0,21,0,16,0
33,34,0,16,0,17,0
33,33,0,17,0,17,0
33,32,0,18,0,17,0
33,31,0,19,0,17,0
33,30,0,20,0,17,0
33.2,28.8,0,16,5,17,0
33.2,27.8,0,16,6,17,0
33.2,27.8,0,17,5,17,0
33.2,26.8,0,18,5,17,0
33.4,27.6,0,17,5,17,0
33.4,26.6,0,18,5,17,0
32,34,0,16,0,18,0
32,33,0,17,0,18,0
32,32,0,18,0,18,0
32,31,0,19,0,18,0
32,30,0,20,0,18,0
32.2,28.8,0,16,5,18,0
32.2,27.8,0,16,6,18,0
32.2,27.8,0,17,5,18,0
32.2,26.8,0,18,5,18,0
32.4,28.6,0,15,6,18,0
32.4,28.6,0,16,5,18,0
32.4,27.6,0,17,5,18,0
31,35,0,15,0,19,0
31,34,0,16,0,19,0
31,33,0,17,0,19,0
31,32,0,18,0,19,0
31,31,0,19,0,19,0
31,30,0,20,0,19,0
31.2,29.8,0,15,5,19,0
31.2,28.8,0,15,6,19,0
31.2,28.8,0,16,5,19,0
31.2,27.8,0,17,5,19,0
31.4,29.6,0,15,5,19,0
31.4,28.6,0,16,5,19,0
30,36,0,14,0,20,0
30,35,0,15,0,20,0
30,34,0,16,0,20,0
30,33,0,17,0,20,0
30,32,0,18,0,20,0
30.2,30.8,0,14,5,20,0
30.2,29.8,0,15,5,20,0
30.2,28.8,0,16,5,20,0
30.4,30.6,0,14,5,20,0
30.4,29.6,0,15,5,20,0
29,36,0,14,0,21,0
29,35,0,15,0,21,0
29,34,0,16,0,21,0
29,29,0,16,5,21,0
29,33,0,17,0,21,0
29.2,31.8,0,13,5,21,0
29.2,30.8,0,13,6,21,0
29.2,30.8,0,14,5,21,0
29.2,29.8,0,15,5,21,0
29.4,31.6,0,13,5,21,0
29.4,30.6,0,14,5,21,0
29.4,29.6,0,15,5,21,0
28,37,0,13,0,22,0
28,36,0,14,0,22,0
28,35,0,15,0,22,0
28,34,0,16,0,22,0
28.2,30.8,0,14,5,22,0
28.4,30.6,0,14,5,22,0
27,38,0,12,0,23,0
27,37,0,13,0,23,0
27,36,0,14,0,23,0
27,35,0,15,0,23,0
27.4,31.6,0,13,5,23,0
27.6,32.4,0,12,5,23,0
26,38,0,12,0,24,0
26,37,0,13,0,24,0
26,36,0,14,0,24,0
26.2,26.8,0,23,0,24,0
26.4,33.6,0,11,5,24,0
26.6,33.4,0,11,5,24,0
25,39,0,11,0,25,0
25,38,0,12,0,25,0
25.2,27.8,0,22,0,25,0
25.2,26.8,0,23,0,25,0
25.4,26.6,0,23,0,25,0
25.4,25.6,0,24,0,25,0
25.6,26.4,0,23,0,25,0
25.6,24.4,0,25,0,25,0
45,21,5,14,15,0,0
45,22,5,15,13,0,0
45,21,5,15,14,0,0
45,20,5,15,15,0,0
45,23,5,16,11,0,0
45,22,5,16,12,0,0
45,21,5,16,13,0,0
45,20,5,16,14,0,0
45,25,5,17,8,0,0
45,24,5,17,9,0,0
45,23,5,17,10,0,0
45,22,5,17,11,0,0
45,21,5,17,12,0,0
45,20,5,17,13,0,0
45,24,5,18,8,0,0
45,23,5,18,9,0,0
45,22,5,18,10,0,0
45,21,5,18,11,0,0
45,20,5,18,12,0,0
45,25,5,19,6,0,0
45,24,5,19,7,0,0
45,23,5,19,8,0,0
45,22,5,19,9,0,0
45,21,5,19,10,0,0
45,20,5,19,11,0,0
45,25,5,20,5,0,0
45,24,5,20,6,0,0
45,23,5,20,7,0,0
45,22,5,20,8,0,0
45,21,5,20,9,0,0
45,20,5,20,10,0,0
45,24,5,21,5,0,0
45,23,5,21,6,0,0
45,22,5,21,7,0,0
45,21,5,21,8,0,0
45,20,5,21,9,0,0
45,23,5,22,5,0,0
45,22,5,22,6,0,0
45,21,5,22,7,0,0
45,20,5,22,8,0,0
45,27,5,23,0,0,0
45,22,5,23,5,0,0
45,21,5,23,6,0,0
45,20,5,23,7,0,0
45,26,5,24,0,0,0
45,21,5,24,5,0,0
45,20,5,24,6,0,0
45,25,5,25,0,0,0
45,20,5,25,5,0,0
45.2,23.8,5,19,7,0,0
45.2,24.8,5,20,5,0,0
45.2,23.8,5,20,6,0,0
45.2,23.8,5,21,5,0,0
45.2,22.8,5,21,6,0,0
45.2,22.8,5,22,5,0,0
45.2,21.8,5,22,6,0,0
45.2,21.8,5,23,5,0,0
45.2,25.8,5,24,0,0,0
45.2,20.8,5,24,5,0,0
45.2,24.8,5,25,0,0,0
44,21,5,15,14,1,0
44,20,5,15,15,1,0
44,22,5,16,12,1,0
44,21,5,16,13,1,0
44,20,5,16,14,1,0
44,23,5,17,10,1,0
44,22,5,17,11,1,0
44,21,5,17,12,1,0
44,20,5,17,13,1,0
44,24,5,18,8,1,0
44,23,5,18,9,1,0
44,22,5,18,10,1,0
44,21,5,18,11,1,0
44,20,5,18,12,1,0
44,24,5,19,7,1,0
44,23,5,19,8,1,0
44,22,5,19,9,1,0
44,21,5,19,10,1,0
44,20,5,19,11,1,0
44,24,5,20,6,1,0
44,23,5,20,7,1,0
44,22,5,20,8,1,0
44,21,5,20,9,1,0
44,20,5,20,10,1,0
44,24,5,21,5,1,0
44,23,5,21,6,1,0
44,22,5,21,7,1,0
44,21,5,21,8,1,0
44,20,5,21,9,1,0
44,23,5,22,5,1,0
44,22,5,22,6,1,0
44,21,5,22,7,1,0
44,20,5,22,8,1,0
44,22,5,23,5,1,0
44,21,5,23,6,1,0
44,20,5,23,7,1,0
44,26,5,24,0,1,0
44,21,5,24,5,1,0
44,20,5,24,6,1,0
44,25,5,25,0,1,0
44,20,5,25,5,1,0
44.2,23.8,5,21,5,1,0
44.2,22.8,5,22,5,1,0
44.2,25.8,5,24,0,1,0
44.2,24.8,5,25,0,1,0
43,23,5,18,9,2,0
43,22,5,18,10,2,0
43,21,5,18,11,2,0
43,23,5,19,8,2,0
43,22,5,19,9,2,0
43,21,5,19,10,2,0
43,20,5,19,11,2,0
43,23,5,20,7,2,0
43,22,5,20,8,2,0
43,21,5,20,9,2,0
43,20,5,20,10,2,0
43,23,5,21,6,2,0
43,22,5,21,7,2,0
43,21,5,21,8,2,0
43,20,5,21,9,2,0
43,23,5,22,5,2,0
43,22,5,22,6,2,0
43,21,5,22,7,2,0
43,20,5,22,8,2,0
43,22,5,23,5,2,0
43,21,5,23,6,2,0
43,20,5,23,7,2,0
43,26,5,24,0,2,0
43,21,5,24,5,2,0
43,20,5,24,6,2,0
43,25,5,25,0,2,0
43,20,5,25,5,2,0
43.2,25.8,5,24,0,2,0
43.2,24.8,5,25,0,2,0
42,22,5,19,9,3,0
42,21,5,19,10,3,0
42,22,5,20,8,3,0
42,21,5,20,9,3,0
42,20,5,20,10,3,0
42,21,5,21,8,3,0
42,20,5,21,9,3,0
42,22,5,22,6,3,0
42,21,5,22,7,3,0
42,20,5,22,8,3,0
42,22,5,23,5,3,0
42,21,5,23,6,3,0
42,20,5,23,7,3,0
42,26,5,24,0,3,0
42,21,5,24,5,3,0
42,20,5,24,6,3,0
42,25,5,25,0,3,0
42,20,5,25,5,3,0
42.2,24.8,5,25,0,3,0
41,20,5,21,9,4,0
41,21,5,22,7,4,0
41,20,5,22,8,4,0
41,22,5,23,5,4,0
41,21,5,23,6,4,0
41,20,5,23,7,4,0
41,21,5,24,5,4,0
41,20,5,24,6,4,0
41,20,5,25,5,4,0
41.2,24.8,5,25,0,4,0
40,20,5,25,5,5,0
39,20,5,25,5,6,0
35.2,27.8,5,22,0,10,0
34.2,28.8,5,21,0,11,0
34.2,27.8,5,22,0,11,0
34.4,28.6,5,21,0,11,0
33,29,5,21,0,12,0
33,28,5,22,0,12,0
33.2,29.8,5,20,0,12,0
33.2,28.8,5,21,0,12,0
33.2,27.8,5,22,0,12,0
33.2,26.8,5,23,0,12,0
33.4,29.6,5,20,0,12,0
33.4,28.6,5,21,0,12,0
32,30,5,20,0,13,0
32,29,5,21,0,13,0
32,28,5,22,0,13,0
32.2,29.8,5,20,0,13,0
32.2,28.8,5,21,0,13,0
32.2,27.8,5,22,0,13,0
32.2,26.8,5,23,0,13,0
32.4,29.6,5,20,0,13,0
32.4,28.6,5,21,0,13,0
32.4,27.6,5,22,0,13,0
31,31,5,19,0,14,0
31,30,5,20,0,14,0
31,29,5,21,0,14,0
31,28,5,22,0,14,0
31,27,5,23,0,14,0
31.2,30.8,5,19,0,14,0
31.2,29.8,5,20,0,14,0
31.2,28.8,5,21,0,14,0
31.2,27.8,5,22,0,14,0
31.2,26.8,5,23,0,14,0
31.2,25.8,5,24,0,14,0
31.2,24.8,5,25,0,14,0
31.4,30.6,5,19,0,14,0
31.4,29.6,5,20,0,14,0
31.4,28.6,5,21,0,14,0
31.4,27.6,5,22,0,14,0
31.4,26.6,5,23,0,14,0
30,31,5,19,0,15,0
30,30,5,20,0,15,0
30,29,5,21,0,15,0
30,28,5,22,0,15,0
30,27,5,23,0,15,0
30.2,31.8,5,18,0,15,0
30.2,26.8,5,18,5,15,0
30.2,30.8,5,19,0,15,0
30.2,25.8,5,19,5,15,0
30.2,29.8,5,20,0,15,0
30.2,24.8,5,20,5,15,0
30.2,28.8,5,21,0,15,0
30.2,27.8,5,22,0,15,0
30.2,26.8,5,23,0,15,0
30.2,25.8,5,24,0,15,0
30.2,24.8,5,25,0,15,0
30.4,31.6,5,18,0,15,0
30.4,26.6,5,18,5,15,0
30.4,30.6,5,19,0,15,0
30.4,25.6,5,19,5,15,0
30.4,29.6,5,20,0,15,0
30.4,24.6,5,20,5,15,0
30.4,28.6,5,21,0,15,0
30.4,23.6,5,21,5,15,0
30.4,27.6,5,22,0,15,0
30.4,26.6,5,23,0,15,0
29,32,5,18,0,16,0
29,31,5,19,0,16,0
29,30,5,20,0,16,0
29,29,5,21,0,16,0
29,28,5,22,0,16,0
29,27,5,23,0,16,0
29.2,31.8,5,18,0,16,0
29.2,26.8,5,18,5,16,0
29.2,30.8,5,19,0,16,0
29.2,25.8,5,19,5,16,0
29.2,24.8,5,19,6,16,0
29.2,29.8,5,20,0,16,0
29.2,24.8,5,20,5,16,0
29.2,28.8,5,21,0,16,0
29.2,27.8,5,22,0,16,0
29.2,26.8,5,23,0,16,0
29.2,25.8,5,24,0,16,0
29.2,24.8,5,25,0,16,0
29.4,31.6,5,18,0,16,0
29.4,26.6,5,18,5,16,0
29.4,25.6,5,18,6,16,0
29.4,30.6,5,19,0,16,0
29.4,25.6,5,19,5,16,0
29.4,24.6,5,19,6,16,0
29.4,29.6,5,20,0,16,0
29.4,24.6,5,20,5,16,0
29.4,28.6,5,21,0,16,0
29.4,23.6,5,21,5,16,0
29.4,27.6,5,22,0,16,0
28,33,5,17,0,17,0
28,32,5,18,0,17,0
28,31,5,19,0,17,0
28,30,5,20,0,17,0
28,29,5,21,0,17,0
28,28,5,22,0,17,0
28,27,5,23,0,17,0
28,26,5,24,0,17,0
28.2,32.8,5,17,0,17,0
28.2,27.8,5,17,5,17,0
28.2,31.8,5,18,0,17,0
28.2,26.8,5,18,5,17,0
28.2,25.8,5,18,6,17,0
28.2,30.8,5,19,0,17,0
28.2,25.8,5,19,5,17,0
28.2,29.8,5,20,0,17,0
28.2,24.8,5,20,5,17,0
28.2,28.8,5,21,0,17,0
28.2,27.8,5,22,0,17,0
28.2,26.8,5,23,0,17,0
28.2,25.8,5,24,0,17,0
28.2,24.8,5,25,0,17,0
28.4,32.6,5,17,0,17,0
28.4,27.6,5,17,5,17,0
28.4,26.6,5,17,6,17,0
28.4,31.6,5,18,0,17,0
28.4,26.6,5,18,5,17,0
28.4,25.6,5,18,6,17,0
28.4,30.6,5,19,0,17,0
28.4,25.6,5,19,5,17,0
28.4,29.6,5,20,0,17,0
28.4,24.6,5,20,5,17,0
28.4,28.6,5,21,0,17,0
27,34,5,16,0,18,0
27,33,5,17,0,18,0
27,32,5,18,0,18,0
27,31,5,19,0,18,0
27,30,5,20,0,18,0
27,29,5,21,0,18,0
27,28,5,22,0,18,0
27,27,5,23,0,18,0
27,26,5,24,0,18,0
27.2,33.8,5,16,0,18,0
27.2,28.8,5,16,5,18,0
27.2,32.8,5,17,0,18,0
27.2,27.8,5,17,5,18,0
27.2,26.8,5,17,6,18,0
27.2,31.8,5,18,0,18,0
27.2,26.8,5,18,5,18,0
27.2,30.8,5,19,0,18,0
27.2,25.8,5,19,5,18,0
27.2,29.8,5,20,0,18,0
27.2,28.8,5,21,0,18,0
27.2,27.8,5,22,0,18,0
27.2,26.8,5,23,0,18,0
27.2,25.8,5,24,0,18,0
27.2,24.8,5,25,0,18,0
27.4,33.6,5,16,0,18,0
27.4,28.6,5,16,5,18,0
27.4,32.6,5,17,0,18,0
27.4,27.6,5,17,5,18,0
27.4,26.6,5,17,6,18,0
27.4,31.6,5,18,0,18,0
27.4,26.6,5,18,5,18,0
27.4,30.6,5,19,0,18,0
27.4,25.6,5,19,5,18,0
27.4,29.6,5,20,0,18,0
26,34,5,16,0,19,0
26,33,5,17,0,19,0
26,32,5,18,0,19,0
26,31,5,19,0,19,0
26,30,5,20,0,19,0
26,29,5,21,0,19,0
26,28,5,22,0,19,0
26,27,5,23,0,19,0
26,26,5,24,0,19,0
26.2,33.8,5,16,0,19,0
26.2,28.8,5,16,5,19,0
26.2,27.8,5,16,6,19,0
26.2,32.8,5,17,0,19,0
26.2,27.8,5,17,5,19,0
26.2,31.8,5,18,0,19,0
26.2,26.8,5,18,5,19,0
26.2,30.8,5,19,0,19,0
26.2,29.8,5,20,0,19,0
26.2,28.8,5,21,0,19,0
26.2,27.8,5,22,0,19,0
26.2,26.8,5,23,0,19,0
26.2,25.8,5,24,0,19,0
26.2,24.8,5,25,0,19,0
26.4,33.6,5,16,0,19,0
26.4,28.6,5,16,5,19,0
26.4,27.6,5,16,6,19,0
26.4,32.6,5,17,0,19,0
26.4,27.6,5,17,5,19,0
26.4,31.6,5,18,0,19,0
26.4,26.6,5,18,5,19,0
26.4,30.6,5,19,0,19,0
25,35,5,15,0,20,0
25,34,5,16,0,20,0
25,33,5,17,0,20,0
25,32,5,18,0,20,0
25,27,5,18,5,20,0
25,31,5,19,0,20,0
25,30,5,20,0,20,0
25,29,5,21,0,20,0
25,28,5,22,0,20,0
25,27,5,23,0,20,0
25.2,34.8,5,15,0,20,0
25.2,28.8,5,15,6,20,0
25.2,33.8,5,16,0,20,0
25.2,28.8,5,16,5,20,0
25.2,32.8,5,17,0,20,0
25.2,27.8,5,17,5,20,0
25.2,31.8,5,18,0,20,0
25.2,30.8,5,19,0,20,0
25.2,29.8,5,20,0,20,0
25.2,28.8,5,21,0,20,0
25.2,27.8,5,22,0,20,0
25.2,26.8,5,23,0,20,0
25.2,25.8,5,24,0,20,0
25.2,24.8,5,25,0,20,0
25.4,34.6,5,15,0,20,0
25.4,29.6,5,15,5,20,0
25.4,28.6,5,15,6,20,0
25.4,33.6,5,16,0,20,0
25.4,28.6,5,16,5,20,0
25.4,32.6,5,17,0,20,0
25.4,27.6,5,17,5,20,0
25.4,31.6,5,18,0,20,0
25.6,34.4,5,15,0,20,0
25.6,33.4,5,16,0,20,0
24,36,5,14,0,21,0
24,35,5,15,0,21,0
24,34,5,16,0,21,0
24,33,5,17,0,21,0
24,32,5,18,0,21,0
24,31,5,19,0,21,0
24,30,5,20,0,21,0
24,29,5,21,0,21,0
24,28,5,22,0,21,0
24,27,5,23,0,21,0
24.2,35.8,5,14,0,21,0
24.2,34.8,5,15,0,21,0
24.2,29.8,5,15,5,21,0
24.2,33.8,5,16,0,21,0
24.2,28.8,5,16,5,21,0
24.2,32.8,5,17,0,21,0
24.2,31.8,5,18,0,21,0
24.2,30.8,5,19,0,21,0
24.2,29.8,5,20,0,21,0
24.2,28.8,5,21,0,21,0
24.2,26.8,5,23,0,21,0
24.2,25.8,5,24,0,21,0
24.2,24.8,5,25,0,21,0
24.4,35.6,5,14,0,21,0
24.4,30.6,5,14,5,21,0
24.4,29.6,5,14,6,21,0
24.4,34.6,5,15,0,21,0
24.4,29.6,5,15,5,21,0
24.4,33.6,5,16,0,21,0
24.4,28.6,5,16,5,21,0
24.4,32.6,5,17,0,21,0
24.4,31.6,5,18,0,21,0
24.4,24.6,5,25,0,21,0
24.6,35.4,5,14,0,21,0
24.6,34.4,5,15,0,21,0
23,36,5,14,0,22,0
23,35,5,15,0,22,0
23,34,5,16,0,22,0
23,33,5,17,0,22,0
23,32,5,18,0,22,0
23,31,5,19,0,22,0
23,30,5,20,0,22,0
23,29,5,21,0,22,0
23,28,5,22,0,22,0
23,27,5,23,0,22,0
23,26,5,24,0,22,0
23.2,35.8,5,14,0,22,0
23.2,30.8,5,14,5,22,0
23.2,34.8,5,15,0,22,0
23.2,29.8,5,15,5,22,0
23.2,33.8,5,16,0,22,0
23.2,32.8,5,17,0,22,0
23.2,31.8,5,18,0,22,0
23.2,30.8,5,19,0,22,0
23.2,26.8,5,23,0,22,0
23.2,25.8,5,24,0,22,0
23.2,24.8,5,25,0,22,0
23.4,31.6,5,13,5,22,0
23.4,35.6,5,14,0,22,0
23.4,30.6,5,14,5,22,0
23.4,34.6,5,15,0,22,0
23.4,29.6,5,15,5,22,0
23.4,33.6,5,16,0,22,0
23.4,32.6,5,17,0,22,0
23.4,25.6,5,24,0,22,0
23.4,24.6,5,25,0,22,0
23.6,36.4,5,13,0,22,0
23.6,35.4,5,14,0,22,0
23.6,34.4,5,15,0,22,0
23.6,24.4,5,25,0,22,0
22,37,5,13,0,23,0
22,36,5,14,0,23,0
22,35,5,15,0,23,0
22,34,5,16,0,23,0
22,33,5,17,0,23,0
22,32,5,18,0,23,0
22,31,5,19,0,23,0
22,30,5,20,0,23,0
22,29,5,21,0,23,0
22,28,5,22,0,23,0
22.2,36.8,5,13,0,23,0
22.2,31.8,5,13,5,23,0
22.2,35.8,5,14,0,23,0
22.2,30.8,5,14,5,23,0
22.2,34.8,5,15,0,23,0
22.2,33.8,5,16,0,23,0
22.2,32.8,5,17,0,23,0
22.2,31.8,5,18,0,23,0
22.2,27.8,5,22,0,23,0
22.2,26.8,5,23,0,23,0
22.2,25.8,5,24,0,23,0
22.2,24.8,5,25,0,23,0
22.4,36.6,5,13,0,23,0
22.4,31.6,5,13,5,23,0
22.4,35.6,5,14,0,23,0
22.4,30.6,5,14,5,23,0
22.4,34.6,5,15,0,23,0
22.4,33.6,5,16,0,23,0
22.4,26.6,5,23,0,23,0
22.4,25.6,5,24,0,23,0
22.4,24.6,5,25,0,23,0
22.6,36.4,5,13,0,23,0
22.6,35.4,5,14,0,23,0
22.6,25.4,5,24,0,23,0
22.6,24.4,5,25,0,23,0
22.8,24.2,5,25,0,23,0
21,38,5,12,0,24,0
21,37,5,13,0,24,0
21,36,5,14,0,24,0
21,35,5,15,0,24,0
21,34,5,16,0,24,0
21,33,5,17,0,24,0
21,32,5,18,0,24,0
21,31,5,19,0,24,0
21,30,5,20,0,24,0
21,29,5,21,0,24,0
21,26,5,24,0,24,0
21.2,37.8,5,12,0,24,0
21.2,36.8,5,13,0,24,0
21.2,31.8,5,13,5,24,0
21.2,35.8,5,14,0,24,0
21.2,34.8,5,15,0,24,0
21.2,33.8,5,16,0,24,0
21.2,32.8,5,17,0,24,0
21.2,27.8,5,22,0,24,0
21.2,26.8,5,23,0,24,0
21.2,25.8,5,24,0,24,0
21.2,24.8,5,25,0,24,0
21.4,37.6,5,12,0,24,0
21.4,36.6,5,13,0,24,0
21.4,31.6,5,13,5,24,0
21.4,35.6,5,14,0,24,0
21.4,34.6,5,15,0,24,0
21.4,26.6,5,23,0,24,0
21.4,25.6,5,24,0,24,0
21.4,24.6,5,25,0,24,0
21.6,37.4,5,12,0,24,0
21.6,36.4,5,13,0,24,0
21.6,26.4,5,23,0,24,0
21.6,25.4,5,24,0,24,0
21.6,24.4,5,25,0,24,0
21.8,25.2,5,24,0,24,0
21.8,24.2,5,25,0,24,0
22.2,23.8,5,25,0,24,0
22.4,23.6,5,25,0,24,0
20,38,5,12,0,25,0
20,37,5,13,0,25,0
20,36,5,14,0,25,0
20,35,5,15,0,25,0
20,34,5,16,0,25,0
20,33,5,17,0,25,0
20,32,5,18,0,25,0
20,31,5,19,0,25,0
20,30,5,20,0,25,0
20,29,5,21,0,25,0
20,28,5,22,0,25,0
20,27,5,23,0,25,0
20,26,5,24,0,25,0
20.2,37.8,5,12,0,25,0
20.2,36.8,5,13,0,25,0
20.2,35.8,5,14,0,25,0
20.2,34.8,5,15,0,25,0
20.2,28.8,5,21,0,25,0
20.2,27.8,5,22,0,25,0
20.2,26.8,5,23,0,25,0
20.2,25.8,5,24,0,25,0
20.2,24.8,5,25,0,25,0
20.4,37.6,5,12,0,25,0
20.4,32.6,5,12,5,25,0
20.4,36.6,5,13,0,25,0
20.4,35.6,5,14,0,25,0
20.4,27.6,5,22,0,25,0
20.4,26.6,5,23,0,25,0
20.4,25.6,5,24,0,25,0
20.4,24.6,5,25,0,25,0
20.6,37.4,5,12,0,25,0
20.6,27.4,5,22,0,25,0
20.6,26.4,5,23,0,25,0
20.6,25.4,5,24,0,25,0
20.6,24.4,5,25,0,25,0
20.8,26.2,5,23,0,25,0
20.8,25.2,5,24,0,25,0
20.8,24.2,5,25,0,25,0
21.2,24.8,5,24,0,25,0
21.2,23.8,5,25,0,25,0
21.4,24.6,5,24,0,25,0
21.4,23.6,5,25,0,25,0
44,22,6,15,13,0,0
44,21,6,15,14,0,0
44,20,6,15,15,0,0
44,24,6,16,10,0,0
44,23,6,16,11,0,0
44,22,6,16,12,0,0
44,21,6,16,13,0,0
44,20,6,16,14,0,0
44,24,6,17,9,0,0
44,23,6,17,10,0,0
44,22,6,17,11,0,0
44,21,6,17,12,0,0
44,20,6,17,13,0,0
44,24,6,18,8,0,0
44,23,6,18,9,0,0
44,22,6,18,10,0,0
44,21,6,18,11,0,0
44,20,6,18,12,0,0
44,25,6,19,6,0,0
44,24,6,19,7,0,0
44,23,6,19,8,0,0
44,22,6,19,9,0,0
44,21,6,19,10,0,0
44,20,6,19,11,0,0
44,25,6,20,5,0,0
44,24,6,20,6,0,0
44,23,6,20,7,0,0
44,22,6,20,8,0,0
44,21,6,20,9,0,0
44,20,6,20,10,0,0
44,24,6,21,5,0,0
44,23,6,21,6,0,0
44,22,6,21,7,0,0
44,21,6,21,8,0,0
44,20,6,21,9,0,0
44,23,6,22,5,0,0
44,22,6,22,6,0,0
44,21,6,22,7,0,0
44,20,6,22,8,0,0
44,27,6,23,0,0,0
44,22,6,23,5,0,0
44,21,6,23,6,0,0
44,20,6,23,7,0,0
44,26,6,24,0,0,0
44,21,6,24,5,0,0
44,20,6,24,6,0,0
44,25,6,25,0,0,0
44,20,6,25,5,0,0
44.2,24.8,6,20,5,0,0
44.2,23.8,6,21,5,0,0
44.2,25.8,6,24,0,0,0
44.2,24.8,6,25,0,0,0
43,20,6,17,13,1,0
43,23,6,18,9,1,0
43,22,6,18,10,1,0
43,21,6,18,11,1,0
43,20,6,18,12,1,0
43,23,6,19,8,1,0
43,22,6,19,9,1,0
43,21,6,19,10,1,0
43,20,6,19,11,1,0
43,24,6,20,6,1,0
43,23,6,20,7,1,0
43,22,6,20,8,1,0
43,21,6,20,9,1,0
43,20,6,20,10,1,0
43,24,6,21,5,1,0
43,23,6,21,6,1,0
43,22,6,21,7,1,0
43,21,6,21,8,1,0
43,20,6,21,9,1,0
43,23,6,22,5,1,0
43,22,6,22,6,1,0
43,21,6,22,7,1,0
43,20,6,22,8,1,0
43,22,6,23,5,1,0
43,21,6,23,6,1,0
43,20,6,23,7,1,0
43,26,6,24,0,1,0
43,21,6,24,5,1,0
43,20,6,24,6,1,0
43,25,6,25,0,1,0
43,20,6,25,5,1,0
43.2,25.8,6,24,0,1,0
43.2,24.8,6,25,0,1,0
43.4,25.6,6,24,0,1,0
42,22,6,19,9,2,0
42,21,6,19,10,2,0
42,22,6,20,8,2,0
42,21,6,20,9,2,0
42,20,6,20,10,2,0
42,22,6,21,7,2,0
42,21,6,21,8,2,0
42,20,6,21,9,2,0
42,23,6,22,5,2,0
42,22,6,22,6,2,0
42,21,6,22,7,2,0
42,20,6,22,8,2,0
42,22,6,23,5,2,0
42,21,6,23,6,2,0
42,20,6,23,7,2,0
42,26,6,24,0,2,0
42,21,6,24,5,2,0
42,20,6,24,6,2,0
42,25,6,25,0,2,0
42,20,6,25,5,2,0
42.2,25.8,6,24,0,2,0
42.2,24.8,6,25,0,2,0
42.4,24.6,6,25,0,2,0
41,21,6,20,9,3,0
41,21,6,21,8,3,0
41,20,6,21,9,3,0
41,21,6,22,7,3,0
41,20,6,22,8,3,0
41,22,6,23,5,3,0
41,21,6,23,6,3,0
41,20,6,23,7,3,0
41,21,6,24,5,3,0
41,20,6,24,6,3,0
41,25,6,25,0,3,0
41,20,6,25,5,3,0
41.2,24.8,6,25,0,3,0
41.4,24.6,6,25,0,3,0
40,20,6,21,9,4,0
40,20,6,22,8,4,0
40,21,6,23,6,4,0
40,20,6,23,7,4,0
40,21,6,24,5,4,0
40,20,6,24,6,4,0
40,25,6,25,0,4,0
40,20,6,25,5,4,0
39,20,6,25,5,5,0
38,20,6,25,5,6,0
33.2,28.8,6,21,0,11,0
33.2,27.8,6,22,0,11,0
33.4,28.6,6,21,0,11,0
32,29,6,21,0,12,0
32,28,6,22,0,12,0
32.2,28.8,6,21,0,12,0
32.2,27.8,6,22,0,12,0
32.2,26.8,6,23,0,12,0
32.4,29.6,6,20,0,12,0
31,30,6,20,0,13,0
31,29,6,21,0,13,0
31,28,6,22,0,13,0
31,27,6,23,0,13,0
31.2,29.8,6,20,0,13,0
31.2,28.8,6,21,0,13,0
31.2,27.8,6,22,0,13,0
31.2,26.8,6,23,0,13,0
31.4,29.6,6,20,0,13,0
30,30,6,20,0,14,0
30,29,6,21,0,14,0
30,28,6,22,0,14,0
30,27,6,23,0,14,0
30.2,30.8,6,19,0,14,0
30.2,29.8,6,20,0,14,0
30.2,28.8,6,21,0,14,0
30.2,27.8,6,22,0,14,0
30.4,30.6,6,19,0,14,0
29,31,6,19,0,15,0
29,30,6,20,0,15,0
29,29,6,21,0,15,0
29,28,6,22,0,15,0
29,27,6,23,0,15,0
29.2,30.8,6,19,0,15,0
29.2,29.8,6,20,0,15,0
29.2,28.8,6,21,0,15,0
29.4,31.6,6,18,0,15,0
28,32,6,18,0,16,0
28,31,6,19,0,16,0
28,30,6,20,0,16,0
28,29,6,21,0,16,0
28,28,6,22,0,16,0
28.2,31.8,6,18,0,16,0
28.2,30.8,6,19,0,16,0
28.2,29.8,6,20,0,16,0
27,33,6,17,0,17,0
27,32,6,18,0,17,0
27,31,6,19,0,17,0
27,30,6,20,0,17,0
27,29,6,21,0,17,0
27.2,32.8,6,17,0,17,0
27.2,31.8,6,18,0,17,0
26,33,6,17,0,18,0
26,32,6,18,0,18,0
26,31,6,19,0,18,0
26,30,6,20,0,18,0
26.2,33.8,6,16,0,18,0
26.2,32.8,6,17,0,18,0
25,34,6,16,0,19,0
25,33,6,17,0,19,0
25,32,6,18,0,19,0
25.2,33.8,6,16,0,19,0
24,35,6,15,0,20,0
24,34,6,16,0,20,0
24,33,6,17,0,20,0
24.2,34.8,6,15,0,20,0
23,35,6,15,0,21,0
23,34,6,16,0,21,0
23.2,35.8,6,14,0,21,0
22,36,6,14,0,22,0
22,35,6,15,0,22,0
21,37,6,13,0,23,0
20,25,6,25,0,24,0
20.2,24.8,6,25,0,24,0
43,22,7,16,12,0,0
43,21,7,16,13,0,0
43,20,7,16,14,0,0
43,23,7,17,10,0,0
43,22,7,17,11,0,0
43,21,7,17,12,0,0
43,20,7,17,13,0,0
43,23,7,18,9,0,0
43,22,7,18,10,0,0
43,21,7,18,11,0,0
43,20,7,18,12,0,0
43,24,7,19,7,0,0
43,23,7,19,8,0,0
43,22,7,19,9,0,0
43,21,7,19,10,0,0
43,20,7,19,11,0,0
43,25,7,20,5,0,0
43,24,7,20,6,0,0
43,23,7,20,7,0,0
43,22,7,20,8,0,0
43,21,7,20,9,0,0
43,20,7,20,10,0,0
43,24,7,21,5,0,0
43,23,7,21,6,0,0
43,22,7,21,7,0,0
43,21,7,21,8,0,0
43,20,7,21,9,0,0
43,23,7,22,5,0,0
43,22,7,22,6,0,0
43,21,7,22,7,0,0
43,20,7,22,8,0,0
43,27,7,23,0,0,0
43,22,7,23,5,0,0
43,21,7,23,6,0,0
43,20,7,23,7,0,0
43,26,7,24,0,0,0
43,21,7,24,5,0,0
43,20,7,24,6,0,0
43,25,7,25,0,0,0
43,20,7,25,5,0,0
43.2,25.8,7,24,0,0,0
43.2,24.8,7,25,0,0,0
42,20,7,18,12,1,0
42,22,7,19,9,1,0
42,21,7,19,10,1,0
42,20,7,19,11,1,0
42,23,7,20,7,1,0
42,22,7,20,8,1,0
42,21,7,20,9,1,0
42,20,7,20,10,1,0
42,24,7,21,5,1,0
42,23,7,21,6,1,0
42,22,7,21,7,1,0
42,21,7,21,8,1,0
42,20,7,21,9,1,0
42,23,7,22,5,1,0
42,22,7,22,6,1,0
42,21,7,22,7,1,0
42,20,7,22,8,1,0
42,22,7,23,5,1,0
42,21,7,23,6,1,0
42,20,7,23,7,1,0
42,26,7,24,0,1,0
42,21,7,24,5,1,0
42,20,7,24,6,1,0
42,25,7,25,0,1,0
42,20,7,25,5,1,0
42.2,24.8,7,25,0,1,0
42.4,24.6,7,25,0,1,0
41,20,7,20,10,2,0
41,21,7,21,8,2,0
41,20,7,21,9,2,0
41,22,7,22,6,2,0
41,21,7,22,7,2,0
41,20,7,22,8,2,0
41,22,7,23,5,2,0
41,21,7,23,6,2,0
41,20,7,23,7,2,0
41,21,7,24,5,2,0
41,20,7,24,6,2,0
41,20,7,25,5,2,0
40,20,7,21,9,3,0
40,21,7,22,7,3,0
40,20,7,22,8,3,0
40,21,7,23,6,3,0
40,20,7,23,7,3,0
40,21,7,24,5,3,0
40,20,7,24,6,3,0
40,25,7,25,0,3,0
40,20,7,25,5,3,0
40.2,24.8,7,25,0,3,0
39,20,7,23,7,4,0
39,21,7,24,5,4,0
39,20,7,24,6,4,0
39,20,7,25,5,4,0
38,20,7,25,5,5,0
31,29,7,21,0,12,0
31,28,7,22,0,12,0
30,30,7,20,0,13,0
30,29,7,21,0,13,0
29,30,7,20,0,14,0
42,20,8,18,12,0,0
42,22,8,19,9,0,0
42,21,8,19,10,0,0
42,20,8,19,11,0,0
42,23,8,20,7,0,0
42,22,8,20,8,0,0
42,21,8,20,9,0,0
42,20,8,20,10,0,0
42,24,8,21,5,0,0
42,23,8,21,6,0,0
42,22,8,21,7,0,0
42,21,8,21,8,0,0
42,20,8,21,9,0,0
42,23,8,22,5,0,0
42,22,8,22,6,0,0
42,21,8,22,7,0,0
42,20,8,22,8,0,0
42,22,8,23,5,0,0
42,21,8,23,6,0,0
42,20,8,23,7,0,0
42,26,8,24,0,0,0
42,21,8,24,5,0,0
42,20,8,24,6,0,0
42,25,8,25,0,0,0
42,20,8,25,5,0,0
42.2,25.8,8,24,0,0,0
42.2,24.8,8,25,0,0,0
41,20,8,20,10,1,0
41,23,8,21,6,1,0
41,21,8,21,8,1,0
41,20,8,21,9,1,0
41,23,8,22,5,1,0
41,22,8,22,6,1,0
41,21,8,22,7,1,0
41,20,8,22,8,1,0
41,22,8,23,5,1,0
41,21,8,23,6,1,0
41,20,8,23,7,1,0
41,21,8,24,5,1,0
41,20,8,24,6,1,0
41,20,8,25,5,1,0
40,20,8,21,9,2,0
40,22,8,22,6,2,0
40,21,8,22,7,2,0
40,20,8,22,8,2,0
40,22,8,23,5,2,0
40,21,8,23,6,2,0
40,20,8,23,7,2,0
40,21,8,24,5,2,0
40,20,8,24,6,2,0
40,25,8,25,0,2,0
40,20,8,25,5,2,0
39,20,8,22,8,3,0
39,21,8,23,6,3,0
39,21,8,24,5,3,0
41,20,9,19,11,0,0
41,21,9,20,9,0,0
41,20,9,20,10,0,0
41,24,9,21,5,0,0
41,22,9,21,7,0,0
41,21,9,21,8,0,0
41,20,9,21,9,0,0
41,23,9,22,5,0,0
41,22,9,22,6,0,0
41,21,9,22,7,0,0
41,20,9,22,8,0,0
41,22,9,23,5,0,0
41,21,9,23,6,0,0
41,20,9,23,7,0,0
41,26,9,24,0,0,0
41,21,9,24,5,0,0
41,20,9,24,6,0,0
41,25,9,25,0,0,0
41,20,9,25,5,0,0
40,20,9,21,9,1,0
40,23,9,22,5,1,0
40,21,9,22,7,1,0
40,20,9,22,8,1,0
40,22,9,23,5,1,0
40,21,9,23,6,1,0
40,20,9,23,7,1,0
40,21,9,24,5,1,0
40,20,9,24,6,1,0
40,25,9,25,0,1,0
40,20,9,25,5,1,0
39,21,9,22,7,2,0
39,20,9,22,8,2,0
39,22,9,23,5,2,0
39,21,9,23,6,2,0
39,20,9,23,7,2,0
39,21,9,24,5,2,0
39,20,9,24,6,2,0
39,20,9,25,5,2,0
40,20,10,20,10,0,0
40,21,10,21,8,0,0
40,20,10,21,9,0,0
40,23,10,22,5,0,0
40,22,10,22,6,0,0
40,21,10,22,7,0,0
40,20,10,22,8,0,0
40,22,10,23,5,0,0
40,21,10,23,6,0,0
40,20,10,23,7,0,0
40,21,10,24,5,0,0
40,20,10,24,6,0,0
40,25,10,25,0,0,0
40,20,10,25,5,0,0
39,20,10,22,8,1,0
39,21,10,23,6,1,0
39,20,10,23,7,1,0
39,21,10,24,5,1,0
39,20,10,24,6,1,0
39,20,10,25,5,1,0
39,20,11,21,9,0,0
39,21,11,22,7,0,0
39,20,11,22,8,0,0
39,22,11,23,5,0,0
39,21,11,23,6,0,0
39,20,11,23,7,0,0
39,21,11,24,5,0,0
39,20,11,24,6,0,0
39,25,11,25,0,0,0
39,20,11,25,5,0,0
38,20,11,23,7,1,0
38,21,11,24,5,1,0
38,20,11,24,6,1,0
38,20,11,25,5,1,0
38,20,12,21,9,0,0
38,20,12,22,8,0,0
38,21,12,23,6,0,0
38,20,12,23,7,0,0
38,21,12,24,5,0,0
38,20,12,24,6,0,0
38,20,12,25,5,0,0
37,20,12,23,7,1,0
37,21,12,24,5,1,0
37,20,13,23,7,0,0
37,21,13,24,5,0,0
37,20,13,24,6,0,0
37,20,13,25,5,0,0
36,20,14,23,7,0,0
36,20,14,24,6,0,0
36,20,14,25,5,0,0
35,20,15,24,6,0,0
35,20,15,25,5,0,0
34,20,16,25,5,0,0
49,26,0,0,24,0,1
49,25,0,0,25,0,1
49,26,0,5,19,0,1
49,25,0,5,20,0,1
49,24,0,5,21,0,1
49,23,0,5,22,0,1
49,22,0,5,23,0,1
49,21,0,5,24,0,1
49,26,0,6,18,0,1
49,25,0,6,19,0,1
49,24,0,6,20,0,1
49,23,0,6,21,0,1
49,21,0,6,23,0,1
49,25,0,7,18,0,1
49,24,0,7,19,0,1
49,21,0,7,22,0,1
49,25,0,8,17,0,1
49,24,0,8,18,0,1
49,23,0,8,19,0,1
49,22,0,8,20,0,1
49,21,0,8,21,0,1
49,20,0,8,22,0,1
49,27,0,9,14,0,1
49,26,0,9,15,0,1
49,25,0,9,16,0,1
49,24,0,9,17,0,1
49,23,0,9,18,0,1
49,22,0,9,19,0,1
49,21,0,9,20,0,1
49,20,0,9,21,0,1
49,28,0,10,12,0,1
49,27,0,10,13,0,1
49,26,0,10,14,0,1
49,25,0,10,15,0,1
49,24,0,10,16,0,1
49,23,0,10,17,0,1
49,22,0,10,18,0,1
49,21,0,10,19,0,1
49,20,0,10,20,0,1
49,28,0,11,11,0,1
49,27,0,11,12,0,1
49,26,0,11,13,0,1
49,25,0,11,14,0,1
49,24,0,11,15,0,1
49,23,0,11,16,0,1
49,22,0,11,17,0,1
49,21,0,11,18,0,1
49,20,0,11,19,0,1
49,27,0,12,11,0,1
49,26,0,12,12,0,1
49,25,0,12,13,0,1
49,24,0,12,14,0,1
49,23,0,12,15,0,1
49,22,0,12,16,0,1
49,21,0,12,17,0,1
49,20,0,12,18,0,1
49,28,0,13,9,0,1
49,27,0,13,10,0,1
49,26,0,13,11,0,1
49,25,0,13,12,0,1
49,24,0,13,13,0,1
49,23,0,13,14,0,1
49,22,0,13,15,0,1
49,21,0,13,16,0,1
49,20,0,13,17,0,1
49,28,0,14,8,0,1
49,27,0,14,9,0,1
49,26,0,14,10,0,1
49,25,0,14,11,0,1
49,24,0,14,12,0,1
49,23,0,14,13,0,1
49,22,0,14,14,0,1
49,21,0,14,15,0,1
49,20,0,14,16,0,1
49,30,0,15,5,0,1
49,29,0,15,6,0,1
49,28,0,15,7,0,1
49,27,0,15,8,0,1
49,26,0,15,9,0,1
49,25,0,15,10,0,1
49,24,0,15,11,0,1
49,23,0,15,12,0,1
49,22,0,15,13,0,1
49,21,0,15,14,0,1
49,20,0,15,15,0,1
49,28,0,16,6,0,1
49,27,0,16,7,0,1
49,26,0,16,8,0,1
49,25,0,16,9,0,1
49,24,0,16,10,0,1
49,23,0,16,11,0,1
49,22,0,16,12,0,1
49,21,0,16,13,0,1
49,20,0,16,14,0,1
49,28,0,17,5,0,1
49,27,0,17,6,0,1
49,26,0,17,7,0,1
49,25,0,17,8,0,1
49,24,0,17,9,0,1
49,23,0,17,10,0,1
49,22,0,17,11,0,1
49,21,0,17,12,0,1
49,20,0,17,13,0,1
49,27,0,18,5,0,1
49,26,0,18,6,0,1
49,25,0,18,7,0,1
49,24,0,18,8,0,1
49,23,0,18,9,0,1
49,22,0,18,10,0,1
49,21,0,18,11,0,1
49,20,0,18,12,0,1
49,26,0,19,5,0,1
49,25,0,19,6,0,1
49,24,0,19,7,0,1
49,23,0,19,8,0,1
49,22,0,19,9,0,1
49,21,0,19,10,0,1
49,20,0,19,11,0,1
49,30,0,20,0,0,1
49,25,0,20,5,0,1
49,24,0,20,6,0,1
49,23,0,20,7,0,1
49,22,0,20,8,0,1
49,21,0,20,9,0,1
49,20,0,20,10,0,1
49,29,0,21,0,0,1
49,24,0,21,5,0,1
49,23,0,21,6,0,1
49,22,0,21,7,0,1
49,21,0,21,8,0,1
49,20,0,21,9,0,1
49,28,0,22,0,0,1
49,23,0,22,5,0,1
49,22,0,22,6,0,1
49,21,0,22,7,0,1
49,20,0,22,8,0,1
49,27,0,23,0,0,1
49,22,0,23,5,0,1
49,21,0,23,6,0,1
49,20,0,23,7,0,1
49,26,0,24,0,0,1
49,21,0,24,5,0,1
49,20,0,24,6,0,1
49,25,0,25,0,0,1
49,20,0,25,5,0,1
49.2,25.8,0,14,10,0,1
49.2,26.8,0,15,8,0,1
49.2,25.8,0,15,9,0,1
49.2,26.8,0,16,7,0,1
49.2,25.8,0,16,8,0,1
49.2,24.8,0,16,9,0,1
49.2,26.8,0,17,6,0,1
49.2,25.8,0,17,7,0,1
49.2,24.8,0,17,8,0,1
49.2,26.8,0,18,5,0,1
49.2,25.8,0,18,6,0,1
49.2,24.8,0,18,7,0,1
49.2,25.8,0,19,5,0,1
49.2,24.8,0,19,6,0,1
49.2,24.8,0,20,5,0,1
49.2,28.8,0,21,0,0,1
49.2,27.8,0,22,0,0,1
49.2,26.8,0,23,0,0,1
48,20,0,9,21,1,1
48,24,0,10,16,1,1
48,23,0,10,17,1,1
48,21,0,10,19,1,1
48,20,0,10,20,1,1
48,25,0,11,14,1,1
48,24,0,11,15,1,1
48,23,0,11,16,1,1
48,22,0,11,17,1,1
48,21,0,11,18,1,1
48,20,0,11,19,1,1
48,25,0,12,13,1,1
48,24,0,12,14,1,1
48,23,0,12,15,1,1
48,22,0,12,16,1,1
48,21,0,12,17,1,1
48,20,0,12,18,1,1
48,26,0,13,11,1,1
48,25,0,13,12,1,1
48,24,0,13,13,1,1
48,23,0,13,14,1,1
48,22,0,13,15,1,1
48,21,0,13,16,1,1
48,20,0,13,17,1,1
48,26,0,14,10,1,1
48,25,0,14,11,1,1
48,24,0,14,12,1,1
48,23,0,14,13,1,1
48,22,0,14,14,1,1
48,21,0,14,15,1,1
48,20,0,14,16,1,1
48,26,0,15,9,1,1
48,25,0,15,10,1,1
48,24,0,15,11,1,1
48,23,0,15,12,1,1
48,22,0,15,13,1,1
48,21,0,15,14,1,1
48,20,0,15,15,1,1
48,26,0,16,8,1,1
48,25,0,16,9,1,1
48,24,0,16,10,1,1
48,23,0,16,11,1,1
48,22,0,16,12,1,1
48,21,0,16,13,1,1
48,20,0,16,14,1,1
48,26,0,17,7,1,1
48,25,0,17,8,1,1
48,24,0,17,9,1,1
48,23,0,17,10,1,1
48,22,0,17,11,1,1
48,21,0,17,12,1,1
48,20,0,17,13,1,1
48,27,0,18,5,1,1
48,26,0,18,6,1,1
48,25,0,18,7,1,1
48,24,0,18,8,1,1
48,23,0,18,9,1,1
48,22,0,18,10,1,1
48,21,0,18,11,1,1
48,20,0,18,12,1,1
48,26,0,19,5,1,1
48,25,0,19,6,1,1
48,24,0,19,7,1,1
48,23,0,19,8,1,1
48,22,0,19,9,1,1
48,21,0,19,10,1,1
48,20,0,19,11,1,1
48,25,0,20,5,1,1
48,24,0,20,6,1,1
48,23,0,20,7,1,1
48,22,0,20,8,1,1
48,21,0,20,9,1,1
48,20,0,20,10,1,1
48,29,0,21,0,1,1
48,24,0,21,5,1,1
48,23,0,21,6,1,1
48,22,0,21,7,1,1
48,21,0,21,8,1,1
48,20,0,21,9,1,1
48,28,0,22,0,1,1
48,23,0,22,5,1,1
48,22,0,22,6,1,1
48,21,0,22,7,1,1
48,20,0,22,8,1,1
48,27,0,23,0,1,1
48,22,0,23,5,1,1
48,21,0,23,6,1,1
48,20,0,23,7,1,1
48,26,0,24,0,1,1
48,21,0,24,5,1,1
48,20,0,24,6,1,1
48,25,0,25,0,1,1
48,20,0,25,5,1,1
48.2,24.8,0,17,8,1,1
48.2,25.8,0,18,6,1,1
48.2,24.8,0,18,7,1,1
48.2,25.8,0,19,5,1,1
48.2,24.8,0,19,6,1,1
48.2,24.8,0,20,5,1,1
48.2,27.8,0,22,0,1,1
48.2,26.8,0,23,0,1,1
47,20,0,10,20,2,1
47,21,0,11,18,2,1
47,20,0,11,19,2,1
47,24,0,12,14,2,1
47,23,0,12,15,2,1
47,22,0,12,16,2,1
47,21,0,12,17,2,1
47,20,0,12,18,2,1
47,24,0,13,13,2,1
47,23,0,13,14,2,1
47,22,0,13,15,2,1
47,21,0,13,16,2,1
47,20,0,13,17,2,1
47,24,0,14,12,2,1
47,23,0,14,13,2,1
47,22,0,14,14,2,1
47,21,0,14,15,2,1
47,20,0,14,16,2,1
47,24,0,15,11,2,1
47,23,0,15,12,2,1
47,22,0,15,13,2,1
47,21,0,15,14,2,1
47,20,0,15,15,2,1
47,24,0,16,10,2,1
47,23,0,16,11,2,1
47,22,0,16,12,2,1
47,21,0,16,13,2,1
47,20,0,16,14,2,1
47,25,0,17,8,2,1
47,24,0,17,9,2,1
47,23,0,17,10,2,1
47,22,0,17,11,2,1
47,21,0,17,12,2,1
47,20,0,17,13,2,1
47,26,0,18,6,2,1
47,25,0,18,7,2,1
47,24,0,18,8,2,1
47,23,0,18,9,2,1
47,22,0,18,10,2,1
47,21,0,18,11,2,1
47,20,0,18,12,2,1
47,26,0,19,5,2,1
47,25,0,19,6,2,1
47,24,0,19,7,2,1
47,23,0,19,8,2,1
47,22,0,19,9,2,1
47,21,0,19,10,2,1
47,20,0,19,11,2,1
47,25,0,20,5,2,1
47,24,0,20,6,2,1
47,23,0,20,7,2,1
47,22,0,20,8,2,1
47,21,0,20,9,2,1
47,20,0,20,10,2,1
47,24,0,21,5,2,1
47,23,0,21,6,2,1
47,22,0,21,7,2,1
47,21,0,21,8,2,1
47,20,0,21,9,2,1
47,28,0,22,0,2,1
47,23,0,22,5,2,1
47,22,0,22,6,2,1
47,21,0,22,7,2,1
47,20,0,22,8,2,1
47,27,0,23,0,2,1
47,22,0,23,5,2,1
47,21,0,23,6,2,1
47,20,0,23,7,2,1
47,26,0,24,0,2,1
47,21,0,24,5,2,1
47,20,0,24,6,2,1
47,25,0,25,0,2,1
47,20,0,25,5,2,1
47.2,24.8,0,18,7,2,1
47.2,25.8,0,19,5,2,1
47.2,24.8,0,19,6,2,1
47.2,24.8,0,20,5,2,1
47.2,27.8,0,22,0,2,1
47.2,26.8,0,23,0,2,1
46,20,0,11,19,3,1
46,20,0,12,18,3,1
46,21,0,13,16,3,1
46,20,0,13,17,3,1
46,21,0,14,15,3,1
46,20,0,14,16,3,1
46,23,0,15,12,3,1
46,22,0,15,13,3,1
46,21,0,15,14,3,1
46,20,0,15,15,3,1
46,23,0,16,11,3,1
46,22,0,16,12,3,1
46,21,0,16,13,3,1
46,20,0,16,14,3,1
46,23,0,17,10,3,1
46,22,0,17,11,3,1
46,21,0,17,12,3,1
46,20,0,17,13,3,1
46,24,0,18,8,3,1
46,23,0,18,9,3,1
46,22,0,18,10,3,1
46,21,0,18,11,3,1
46,20,0,18,12,3,1
46,25,0,19,6,3,1
46,24,0,19,7,3,1
46,23,0,19,8,3,1
46,22,0,19,9,3,1
46,21,0,19,10,3,1
46,20,0,19,11,3,1
46,25,0,20,5,3,1
46,24,0,20,6,3,1
46,23,0,20,7,3,1
46,22,0,20,8,3,1
46,21,0,20,9,3,1
46,20,0,20,10,3,1
46,24,0,21,5,3,1
46,23,0,21,6,3,1
46,22,0,21,7,3,1
46,21,0,21,8,3,1
46,20,0,21,9,3,1
46,28,0,22,0,3,1
46,23,0,22,5,3,1
46,22,0,22,6,3,1
46,21,0,22,7,3,1
46,20,0,22,8,3,1
46,27,0,23,0,3,1
46,22,0,23,5,3,1
46,21,0,23,6,3,1
46,20,0,23,7,3,1
46,26,0,24,0,3,1
46,21,0,24,5,3,1
46,20,0,24,6,3,1
46,25,0,25,0,3,1
46,20,0,25,5,3,1
46.2,24.8,0,20,5,3,1
46.2,26.8,0,23,0,3,1
45,20,0,15,15,4,1
45,21,0,16,13,4,1
45,20,0,16,14,4,1
45,21,0,17,12,4,1
45,20,0,17,13,4,1
45,22,0,18,10,4,1
45,21,0,18,11,4,1
45,20,0,18,12,4,1
45,23,0,19,8,4,1
45,22,0,19,9,4,1
45,21,0,19,10,4,1
45,20,0,19,11,4,1
45,25,0,20,5,4,1
45,24,0,20,6,4,1
45,23,0,20,7,4,1
45,22,0,20,8,4,1
45,21,0,20,9,4,1
45,20,0,20,10,4,1
45,24,0,21,5,4,1
45,23,0,21,6,4,1
45,22,0,21,7,4,1
45,21,0,21,8,4,1
45,20,0,21,9,4,1
45,28,0,22,0,4,1
45,23,0,22,5,4,1
45,22,0,22,6,4,1
45,21,0,22,7,4,1
45,20,0,22,8,4,1
45,27,0,23,0,4,1
45,22,0,23,5,4,1
45,21,0,23,6,4,1
45,20,0,23,7,4,1
45,26,0,24,0,4,1
45,21,0,24,5,4,1
45,20,0,24,6,4,1
45,25,0,25,0,4,1
45,20,0,25,5,4,1
45.2,24.8,0,20,5,4,1
44,20,0,18,12,5,1
44,22,0,19,9,5,1
44,20,0,19,11,5,1
44,23,0,20,7,5,1
44,22,0,20,8,5,1
44,21,0,20,9,5,1
44,20,0,20,10,5,1
44,24,0,21,5,5,1
44,23,0,21,6,5,1
44,22,0,21,7,5,1
44,21,0,21,8,5,1
44,20,0,21,9,5,1
44,23,0,22,5,5,1
44,22,0,22,6,5,1
44,21,0,22,7,5,1
44,20,0,22,8,5,1
44,22,0,23,5,5,1
44,21,0,23,6,5,1
44,20,0,23,7,5,1
44,26,0,24,0,5,1
44,21,0,24,5,5,1
44,20,0,24,6,5,1
44,25,0,25,0,5,1
44,20,0,25,5,5,1
43,21,0,20,9,6,1
43,20,0,20,10,6,1
43,22,0,21,7,6,1
43,21,0,21,8,6,1
43,20,0,21,9,6,1
43,23,0,22,5,6,1
43,22,0,22,6,6,1
43,21,0,22,7,6,1
43,20,0,22,8,6,1
43,22,0,23,5,6,1
43,21,0,23,6,6,1
43,20,0,23,7,6,1
43,21,0,24,5,6,1
43,20,0,24,6,6,1
43,25,0,25,0,6,1
43,20,0,25,5,6,1
42,21,0,22,7,7,1
42,20,0,22,8,7,1
42,22,0,23,5,7,1
42,21,0,23,6,7,1
42,20,0,23,7,7,1
42,21,0,24,5,7,1
42,20,0,24,6,7,1
42,20,0,25,5,7,1
41,20,0,25,5,8,1
41.2,21.8,0,23,5,8,1
41.2,20.8,0,24,5,8,1
34.2,31.8,0,18,0,15,1
33,30,0,20,0,16,1
33.2,32.8,0,17,0,16,1
32,33,0,17,0,17,1
31,34,0,16,0,18,1
31,33,0,17,0,18,1
31,31,0,19,0,18,1
31.2,33.8,0,16,0,18,1
30,34,0,16,0,19,1
30,33,0,17,0,19,1
30,31,0,19,0,19,1
30.2,34.8,0,15,0,19,1
30.2,28.8,0,16,5,19,1
29,34,0,16,0,20,1
29,33,0,17,0,20,1
29,32,0,18,0,20,1
29,31,0,19,0,20,1
28,34,0,16,0,21,1
28,33,0,17,0,21,1
28,32,0,18,0,21,1
27,34,0,16,0,22,1
27,33,0,17,0,22,1
27,32,0,18,0,22,1
27.2,36.8,0,13,0,22,1
26,34,0,16,0,23,1
26,33,0,17,0,23,1
25.4,26.6,0,23,0,24,1
24.2,38.8,0,11,0,25,1
24.2,28.8,0,21,0,25,1
24.2,27.8,0,22,0,25,1
24.4,27.6,0,22,0,25,1
44,21,5,14,15,0,1
44,22,5,15,13,0,1
44,21,5,15,14,0,1
44,20,5,15,15,0,1
44,24,5,16,10,0,1
44,23,5,16,11,0,1
44,22,5,16,12,0,1
44,21,5,16,13,0,1
44,20,5,16,14,0,1
44,23,5,17,10,0,1
44,22,5,17,11,0,1
44,21,5,17,12,0,1
44,20,5,17,13,0,1
44,25,5,18,7,0,1
44,24,5,18,8,0,1
44,23,5,18,9,0,1
44,22,5,18,10,0,1
44,21,5,18,11,0,1
44,20,5,18,12,0,1
44,25,5,19,6,0,1
44,24,5,19,7,0,1
44,23,5,19,8,0,1
44,22,5,19,9,0,1
44,21,5,19,10,0,1
44,20,5,19,11,0,1
44,25,5,20,5,0,1
44,24,5,20,6,0,1
44,23,5,20,7,0,1
44,22,5,20,8,0,1
44,21,5,20,9,0,1
44,20,5,20,10,0,1
44,24,5,21,5,0,1
44,23,5,21,6,0,1
44,22,5,21,7,0,1
44,21,5,21,8,0,1
44,20,5,21,9,0,1
44,23,5,22,5,0,1
44,22,5,22,6,0,1
44,21,5,22,7,0,1
44,20,5,22,8,0,1
44,27,5,23,0,0,1
44,22,5,23,5,0,1
44,21,5,23,6,0,1
44,20,5,23,7,0,1
44,26,5,24,0,0,1
44,21,5,24,5,0,1
44,20,5,24,6,0,1
44,25,5,25,0,0,1
44,20,5,25,5,0,1
44.2,24.8,5,20,5,0,1
44.2,23.8,5,20,6,0,1
44.2,23.8,5,21,5,0,1
44.2,22.8,5,22,5,0,1
44.2,21.8,5,23,5,0,1
44.2,25.8,5,24,0,0,1
44.2,24.8,5,25,0,0,1
44.4,25.6,5,24,0,0,1
44.4,24.6,5,25,0,0,1
43,22,5,15,13,1,1
43,21,5,15,14,1,1
43,20,5,15,15,1,1
43,22,5,16,12,1,1
43,21,5,16,13,1,1
43,20,5,16,14,1,1
43,23,5,17,10,1,1
43,22,5,17,11,1,1
43,21,5,17,12,1,1
43,20,5,17,13,1,1
43,23,5,18,9,1,1
43,22,5,18,10,1,1
43,21,5,18,11,1,1
43,20,5,18,12,1,1
43,24,5,19,7,1,1
43,23,5,19,8,1,1
43,22,5,19,9,1,1
43,21,5,19,10,1,1
43,20,5,19,11,1,1
43,24,5,20,6,1,1
43,23,5,20,7,1,1
43,22,5,20,8,1,1
43,21,5,20,9,1,1
43,20,5,20,10,1,1
43,24,5,21,5,1,1
43,23,5,21,6,1,1
43,22,5,21,7,1,1
43,21,5,21,8,1,1
43,20,5,21,9,1,1
43,23,5,22,5,1,1
43,22,5,22,6,1,1
43,21,5,22,7,1,1
43,20,5,22,8,1,1
43,22,5,23,5,1,1
43,21,5,23,6,1,1
43,20,5,23,7,1,1
43,26,5,24,0,1,1
43,21,5,24,5,1,1
43,20,5,24,6,1,1
43,25,5,25,0,1,1
43,20,5,25,5,1,1
43.2,23.8,5,21,5,1,1
43.2,25.8,5,24,0,1,1
43.2,24.8,5,25,0,1,1
43.4,25.6,5,24,0,1,1
43.4,24.6,5,25,0,1,1
42,22,5,17,11,2,1
42,22,5,18,10,2,1
42,21,5,18,11,2,1
42,20,5,18,12,2,1
42,23,5,19,8,2,1
42,22,5,19,9,2,1
42,21,5,19,10,2,1
42,20,5,19,11,2,1
42,22,5,20,8,2,1
42,21,5,20,9,2,1
42,20,5,20,10,2,1
42,23,5,21,6,2,1
42,22,5,21,7,2,1
42,21,5,21,8,2,1
42,20,5,21,9,2,1
42,23,5,22,5,2,1
42,22,5,22,6,2,1
42,21,5,22,7,2,1
42,20,5,22,8,2,1
42,22,5,23,5,2,1
42,21,5,23,6,2,1
42,20,5,23,7,2,1
42,26,5,24,0,2,1
42,21,5,24,5,2,1
42,20,5,24,6,2,1
42,25,5,25,0,2,1
42,20,5,25,5,2,1
42.2,25.8,5,24,0,2,1
42.2,24.8,5,25,0,2,1
42.4,24.6,5,25,0,2,1
41,21,5,20,9,3,1
41,20,5,20,10,3,1
41,21,5,21,8,3,1
41,20,5,21,9,3,1
41,23,5,22,5,3,1
41,22,5,22,6,3,1
41,21,5,22,7,3,1
41,20,5,22,8,3,1
41,22,5,23,5,3,1
41,21,5,23,6,3,1
41,20,5,23,7,3,1
41,26,5,24,0,3,1
41,21,5,24,5,3,1
41,20,5,24,6,3,1
41,25,5,25,0,3,1
41,20,5,25,5,3,1
41.2,24.8,5,25,0,3,1
41.4,24.6,5,25,0,3,1
40,20,5,21,9,4,1
40,21,5,22,7,4,1
40,20,5,22,8,4,1
40,22,5,23,5,4,1
40,21,5,23,6,4,1
40,20,5,23,7,4,1
40,21,5,24,5,4,1
40,20,5,24,6,4,1
40,25,5,25,0,4,1
40,20,5,25,5,4,1
39,21,5,24,5,5,1
39,20,5,25,5,5,1
38,20,5,25,5,6,1
33.4,28.6,5,21,0,11,1
33.6,28.4,5,21,0,11,1
32.2,28.8,5,21,0,12,1
32.2,27.8,5,22,0,12,1
32.4,28.6,5,21,0,12,1
32.4,27.6,5,22,0,12,1
32.6,28.4,5,21,0,12,1
31,29,5,21,0,13,1
31,28,5,22,0,13,1
31.2,29.8,5,20,0,13,1
31.2,28.8,5,21,0,13,1
31.2,27.8,5,22,0,13,1
31.4,29.6,5,20,0,13,1
31.4,28.6,5,21,0,13,1
31.4,27.6,5,22,0,13,1
31.6,29.4,5,20,0,13,1
30,30,5,20,0,14,1
30,29,5,21,0,14,1
30,28,5,22,0,14,1
30.2,29.8,5,20,0,14,1
30.2,28.8,5,21,0,14,1
30.2,27.8,5,22,0,14,1
30.2,26.8,5,23,0,14,1
30.4,30.6,5,19,0,14,1
30.4,29.6,5,20,0,14,1
30.4,28.6,5,21,0,14,1
30.4,27.6,5,22,0,14,1
29,31,5,19,0,15,1
29,30,5,20,0,15,1
29,29,5,21,0,15,1
29,28,5,22,0,15,1
29.2,30.8,5,19,0,15,1
29.2,29.8,5,20,0,15,1
29.2,28.8,5,21,0,15,1
29.2,27.8,5,22,0,15,1
29.2,26.8,5,23,0,15,1
29.4,30.6,5,19,0,15,1
29.4,29.6,5,20,0,15,1
29.4,28.6,5,21,0,15,1
29.6,30.4,5,19,0,15,1
28,31,5,19,0,16,1
28,30,5,20,0,16,1
28,29,5,21,0,16,1
28,28,5,22,0,16,1
28.2,31.8,5,18,0,16,1
28.2,30.8,5,19,0,16,1
28.2,29.8,5,20,0,16,1
28.2,28.8,5,21,0,16,1
28.2,27.8,5,22,0,16,1
28.4,31.6,5,18,0,16,1
28.4,30.6,5,19,0,16,1
28.4,29.6,5,20,0,16,1
28.6,31.4,5,18,0,16,1
27,31,5,19,0,17,1
27,30,5,20,0,17,1
27,29,5,21,0,17,1
27,28,5,22,0,17,1
27.2,31.8,5,18,0,17,1
27.2,30.8,5,19,0,17,1
27.2,29.8,5,20,0,17,1
27.2,28.8,5,21,0,17,1
27.4,31.6,5,18,0,17,1
27.4,30.6,5,19,0,17,1
26,31,5,19,0,18,1
26,30,5,20,0,18,1
26,29,5,21,0,18,1
26,27,5,23,0,18,1
26.2,32.8,5,17,0,18,1
26.2,31.8,5,18,0,18,1
26.2,30.8,5,19,0,18,1
26.2,25.8,5,19,5,18,1
26.2,29.8,5,20,0,18,1
26.4,31.6,5,18,0,18,1
25,31,5,19,0,19,1
25,30,5,20,0,19,1
25,29,5,21,0,19,1
25.2,33.8,5,16,0,19,1
25.2,32.8,5,17,0,19,1
25.2,31.8,5,18,0,19,1
25.2,26.8,5,18,5,19,1
25.2,30.8,5,19,0,19,1
25.4,32.6,5,17,0,19,1
24,32,5,18,0,20,1
24,31,5,19,0,20,1
24,30,5,20,0,20,1
24.2,34.8,5,15,0,20,1
24.2,33.8,5,16,0,20,1
24.2,32.8,5,17,0,20,1
24.2,31.8,5,18,0,20,1
24.4,34.6,5,15,0,20,1
24.4,33.6,5,16,0,20,1
23,31,5,19,0,21,1
23.2,34.8,5,15,0,21,1
23.2,33.8,5,16,0,21,1
23.2,32.8,5,17,0,21,1
22.2,33.8,5,16,0,22,1
21.2,34.8,5,15,0,23,1
20.2,25.8,5,24,0,24,1
20.2,24.8,5,25,0,24,1
20.4,25.6,5,24,0,24,1
20.4,24.6,5,25,0,24,1
20.6,24.4,5,25,0,24,1
20.8,24.2,5,25,0,24,1
43,22,6,15,13,0,1
43,21,6,15,14,0,1
43,20,6,15,15,0,1
43,23,6,16,11,0,1
43,22,6,16,12,0,1
43,21,6,16,13,0,1
43,20,6,16,14,0,1
43,24,6,17,9,0,1
43,23,6,17,10,0,1
43,22,6,17,11,0,1
43,21,6,17,12,0,1
43,20,6,17,13,0,1
43,23,6,18,9,0,1
43,22,6,18,10,0,1
43,21,6,18,11,0,1
43,20,6,18,12,0,1
43,25,6,19,6,0,1
43,24,6,19,7,0,1
43,23,6,19,8,0,1
43,22,6,19,9,0,1
43,21,6,19,10,0,1
43,20,6,19,11,0,1
43,25,6,20,5,0,1
43,24,6,20,6,0,1
43,23,6,20,7,0,1
43,22,6,20,8,0,1
43,21,6,20,9,0,1
43,20,6,20,10,0,1
43,24,6,21,5,0,1
43,23,6,21,6,0,1
43,22,6,21,7,0,1
43,21,6,21,8,0,1
43,20,6,21,9,0,1
43,23,6,22,5,0,1
43,22,6,22,6,0,1
43,21,6,22,7,0,1
43,20,6,22,8,0,1
43,27,6,23,0,0,1
43,22,6,23,5,0,1
43,21,6,23,6,0,1
43,20,6,23,7,0,1
43,26,6,24,0,0,1
43,21,6,24,5,0,1
43,20,6,24,6,0,1
43,25,6,25,0,0,1
43,20,6,25,5,0,1
43.2,24.8,6,20,5,0,1
43.2,25.8,6,24,0,0,1
43.2,24.8,6,25,0,0,1
43.4,25.6,6,24,0,0,1
43.4,24.6,6,25,0,0,1
42,21,6,16,13,1,1
42,23,6,17,10,1,1
42,22,6,17,11,1,1
42,21,6,17,12,1,1
42,20,6,17,13,1,1
42,23,6,18,9,1,1
42,22,6,18,10,1,1
42,21,6,18,11,1,1
42,20,6,18,12,1,1
42,23,6,19,8,1,1
42,22,6,19,9,1,1
42,21,6,19,10,1,1
42,20,6,19,11,1,1
42,24,6,20,6,1,1
42,23,6,20,7,1,1
42,22,6,20,8,1,1
42,21,6,20,9,1,1
42,20,6,20,10,1,1
42,24,6,21,5,1,1
42,23,6,21,6,1,1
42,22,6,21,7,1,1
42,21,6,21,8,1,1
42,20,6,21,9,1,1
42,23,6,22,5,1,1
42,22,6,22,6,1,1
42,21,6,22,7,1,1
42,20,6,22,8,1,1
42,22,6,23,5,1,1
42,21,6,23,6,1,1
42,20,6,23,7,1,1
42,26,6,24,0,1,1
42,21,6,24,5,1,1
42,20,6,24,6,1,1
42,25,6,25,0,1,1
42,20,6,25,5,1,1
42.2,25.8,6,24,0,1,1
42.2,24.8,6,25,0,1,1
42.4,24.6,6,25,0,1,1
41,22,6,19,9,2,1
41,22,6,20,8,2,1
41,21,6,20,9,2,1
41,20,6,20,10,2,1
41,22,6,21,7,2,1
41,21,6,21,8,2,1
41,20,6,21,9,2,1
41,23,6,22,5,2,1
41,22,6,22,6,2,1
41,21,6,22,7,2,1
41,20,6,22,8,2,1
41,22,6,23,5,2,1
41,21,6,23,6,2,1
41,20,6,23,7,2,1
41,26,6,24,0,2,1
41,21,6,24,5,2,1
41,20,6,24,6,2,1
41,25,6,25,0,2,1
41,20,6,25,5,2,1
41.2,24.8,6,25,0,2,1
41.4,24.6,6,25,0,2,1
40,21,6,21,8,3,1
40,20,6,21,9,3,1
40,22,6,22,6,3,1
40,21,6,22,7,3,1
40,20,6,22,8,3,1
40,22,6,23,5,3,1
40,21,6,23,6,3,1
40,20,6,23,7,3,1
40,21,6,24,5,3,1
40,20,6,24,6,3,1
40,25,6,25,0,3,1
40,20,6,25,5,3,1
39,20,6,22,8,4,1
39,21,6,23,6,4,1
39,20,6,23,7,4,1
39,21,6,24,5,4,1
39,20,6,24,6,4,1
39,25,6,25,0,4,1
39,20,6,25,5,4,1
38,20,6,25,5,5,1
31.2,28.8,6,21,0,12,1
30,29,6,21,0,13,1
30,28,6,22,0,13,1
30.2,29.8,6,20,0,13,1
29,30,6,20,0,14,1
29,29,6,21,0,14,1
29,28,6,22,0,14,1
28,31,6,19,0,15,1
28,30,6,20,0,15,1
28,29,6,21,0,15,1
27,31,6,19,0,16,1
42,22,7,16,12,0,1
42,21,7,16,13,0,1
42,20,7,16,14,0,1
42,23,7,17,10,0,1
42,22,7,17,11,0,1
42,21,7,17,12,0,1
42,20,7,17,13,0,1
42,23,7,18,9,0,1
42,22,7,18,10,0,1
42,21,7,18,11,0,1
42,20,7,18,12,0,1
42,24,7,19,7,0,1
42,23,7,19,8,0,1
42,22,7,19,9,0,1
42,21,7,19,10,0,1
42,20,7,19,11,0,1
42,25,7,20,5,0,1
42,24,7,20,6,0,1
42,23,7,20,7,0,1
42,22,7,20,8,0,1
42,21,7,20,9,0,1
42,20,7,20,10,0,1
42,24,7,21,5,0,1
42,23,7,21,6,0,1
42,22,7,21,7,0,1
42,21,7,21,8,0,1
42,20,7,21,9,0,1
42,23,7,22,5,0,1
42,22,7,22,6,0,1
42,21,7,22,7,0,1
42,20,7,22,8,0,1
42,22,7,23,5,0,1
42,21,7,23,6,0,1
42,20,7,23,7,0,1
42,26,7,24,0,0,1
42,21,7,24,5,0,1
42,20,7,24,6,0,1
42,25,7,25,0,0,1
42,20,7,25,5,0,1
42.2,25.8,7,24,0,0,1
42.2,24.8,7,25,0,0,1
42.4,25.6,7,24,0,0,1
42.4,24.6,7,25,0,0,1
41,21,7,19,10,1,1
41,20,7,19,11,1,1
41,23,7,20,7,1,1
41,22,7,20,8,1,1
41,20,7,20,10,1,1
41,23,7,21,6,1,1
41,22,7,21,7,1,1
41,21,7,21,8,1,1
41,20,7,21,9,1,1
41,23,7,22,5,1,1
41,22,7,22,6,1,1
41,21,7,22,7,1,1
41,20,7,22,8,1,1
41,22,7,23,5,1,1
41,21,7,23,6,1,1
41,20,7,23,7,1,1
41,26,7,24,0,1,1
41,21,7,24,5,1,1
41,20,7,24,6,1,1
41,25,7,25,0,1,1
41,20,7,25,5,1,1
41.2,24.8,7,25,0,1,1
40,20,7,21,9,2,1
40,22,7,22,6,2,1
40,21,7,22,7,2,1
40,20,7,22,8,2,1
40,22,7,23,5,2,1
40,21,7,23,6,2,1
40,20,7,23,7,2,1
40,21,7,24,5,2,1
40,20,7,24,6,2,1
40,25,7,25,0,2,1
40,20,7,25,5,2,1
39,20,7,22,8,3,1
39,22,7,23,5,3,1
39,21,7,23,6,3,1
39,20,7,23,7,3,1
39,21,7,24,5,3,1
39,20,7,24,6,3,1
39,25,7,25,0,3,1
39,20,7,25,5,3,1
41,20,8,17,13,0,1
41,20,8,18,12,0,1
41,22,8,19,9,0,1
41,21,8,19,10,0,1
41,20,8,19,11,0,1
41,23,8,20,7,0,1
41,22,8,20,8,0,1
41,21,8,20,9,0,1
41,20,8,20,10,0,1
41,24,8,21,5,0,1
41,23,8,21,6,0,1
41,22,8,21,7,0,1
41,21,8,21,8,0,1
41,20,8,21,9,0,1
41,23,8,22,5,0,1
41,22,8,22,6,0,1
41,21,8,22,7,0,1
41,20,8,22,8,0,1
41,22,8,23,5,0,1
41,21,8,23,6,0,1
41,20,8,23,7,0,1
41,26,8,24,0,0,1
41,21,8,24,5,0,1
41,20,8,24,6,0,1
41,25,8,25,0,0,1
41,20,8,25,5,0,1
41.2,25.8,8,24,0,0,1
41.2,24.8,8,25,0,0,1
40,23,8,21,6,1,1
40,20,8,21,9,1,1
40,23,8,22,5,1,1
40,22,8,22,6,1,1
40,21,8,22,7,1,1
40,20,8,22,8,1,1
40,22,8,23,5,1,1
40,21,8,23,6,1,1
40,20,8,23,7,1,1
40,21,8,24,5,1,1
40,20,8,24,6,1,1
40,25,8,25,0,1,1
40,20,8,25,5,1,1
40.2,24.8,8,25,0,1,1
39,21,8,22,7,2,1
39,20,8,22,8,2,1
39,22,8,23,5,2,1
39,21,8,23,6,2,1
39,20,8,23,7,2,1
39,21,8,24,5,2,1
39,20,8,24,6,2,1
39,25,8,25,0,2,1
39,20,8,25,5,2,1
40,20,9,20,10,0,1
40,24,9,21,5,0,1
40,23,9,21,6,0,1
40,22,9,21,7,0,1
40,21,9,21,8,0,1
40,20,9,21,9,0,1
40,23,9,22,5,0,1
40,22,9,22,6,0,1
40,21,9,22,7,0,1
40,20,9,22,8,0,1
40,22,9,23,5,0,1
40,21,9,23,6,0,1
40,20,9,23,7,0,1
40,26,9,24,0,0,1
40,21,9,24,5,0,1
40,20,9,24,6,0,1
40,25,9,25,0,0,1
40,20,9,25,5,0,1
39,20,9,22,8,1,1
39,22,9,23,5,1,1
39,21,9,23,6,1,1
39,20,9,23,7,1,1
39,21,9,24,5,1,1
39,20,9,24,6,1,1
39,25,9,25,0,1,1
39,20,9,25,5,1,1
39,20,10,20,10,0,1
39,20,10,21,9,0,1
39,23,10,22,5,0,1
39,22,10,22,6,0,1
39,21,10,22,7,0,1
39,20,10,22,8,0,1
39,22,10,23,5,0,1
39,21,10,23,6,0,1
39,20,10,23,7,0,1
39,26,10,24,0,0,1
39,21,10,24,5,0,1
39,20,10,24,6,0,1
39,25,10,25,0,0,1
39,20,10,25,5,0,1
38,20,10,22,8,1,1
38,22,10,23,5,1,1
38,21,10,23,6,1,1
38,20,10,23,7,1,1
38,21,10,24,5,1,1
38,20,10,24,6,1,1
38,25,10,25,0,1,1
38,20,10,25,5,1,1
38,20,11,21,9,0,1
38,21,11,22,7,0,1
38,20,11,22,8,0,1
38,22,11,23,5,0,1
38,21,11,23,6,0,1
38,20,11,23,7,0,1
38,21,11,24,5,0,1
38,20,11,24,6,0,1
38,25,11,25,0,0,1
38,20,11,25,5,0,1
37,22,11,23,5,1,1
37,20,11,23,7,1,1
37,20,12,21,9,0,1
37,20,12,22,8,0,1
37,21,12,23,6,0,1
37,20,12,23,7,0,1
37,21,12,24,5,0,1
37,20,12,24,6,0,1
37,25,12,25,0,0,1
37,20,12,25,5,0,1
36,20,13,22,8,0,1
36,20,13,23,7,0,1
36,21,13,24,5,0,1
36,20,13,24,6,0,1
36,20,13,25,5,0,1
35,20,14,23,7,0,1
35,20,14,24,6,0,1
35,20,14,25,5,0,1
34,20,15,24,6,0,1
34,20,15,25,5,0,1
48,26,0,0,24,0,2
48,25,0,0,25,0,2
48,27,0,5,18,0,2
48,26,0,5,19,0,2
48,25,0,5,20,0,2
48,24,0,5,21,0,2
48,23,0,5,22,0,2
48,22,0,5,23,0,2
48,21,0,5,24,0,2
48,20,0,5,25,0,2
48,26,0,6,18,0,2
48,25,0,6,19,0,2
48,24,0,6,20,0,2
48,23,0,6,21,0,2
48,22,0,6,22,0,2
48,21,0,6,23,0,2
48,25,0,7,18,0,2
48,24,0,7,19,0,2
48,23,0,7,20,0,2
48,21,0,7,22,0,2
48,26,0,8,16,0,2
48,25,0,8,17,0,2
48,24,0,8,18,0,2
48,23,0,8,19,0,2
48,22,0,8,20,0,2
48,21,0,8,21,0,2
48,20,0,8,22,0,2
48,27,0,9,14,0,2
48,26,0,9,15,0,2
48,25,0,9,16,0,2
48,24,0,9,17,0,2
48,23,0,9,18,0,2
48,22,0,9,19,0,2
48,21,0,9,20,0,2
48,20,0,9,21,0,2
48,28,0,10,12,0,2
48,27,0,10,13,0,2
48,26,0,10,14,0,2
48,25,0,10,15,0,2
48,24,0,10,16,0,2
48,23,0,10,17,0,2
48,22,0,10,18,0,2
48,21,0,10,19,0,2
48,20,0,10,20,0,2
48,27,0,11,12,0,2
48,26,0,11,13,0,2
48,25,0,11,14,0,2
48,24,0,11,15,0,2
48,23,0,11,16,0,2
48,22,0,11,17,0,2
48,21,0,11,18,0,2
48,20,0,11,19,0,2
48,27,0,12,11,0,2
48,26,0,12,12,0,2
48,25,0,12,13,0,2
48,24,0,12,14,0,2
48,23,0,12,15,0,2
48,22,0,12,16,0,2
48,21,0,12,17,0,2
48,20,0,12,18,0,2
48,27,0,13,10,0,2
48,26,0,13,11,0,2
48,25,0,13,12,0,2
48,24,0,13,13,0,2
48,23,0,13,14,0,2
48,22,0,13,15,0,2
48,21,0,13,16,0,2
48,20,0,13,17,0,2
48,28,0,14,8,0,2
48,27,0,14,9,0,2
48,26,0,14,10,0,2
48,25,0,14,11,0,2
48,24,0,14,12,0,2
48,23,0,14,13,0,2
48,22,0,14,14,0,2
48,21,0,14,15,0,2
48,20,0,14,16,0,2
48,30,0,15,5,0,2
48,29,0,15,6,0,2
48,28,0,15,7,0,2
48,27,0,15,8,0,2
48,26,0,15,9,0,2
48,25,0,15,10,0,2
48,24,0,15,11,0,2
48,23,0,15,12,0,2
48,22,0,15,13,0,2
48,21,0,15,14,0,2
48,20,0,15,15,0,2
48,29,0,16,5,0,2
48,28,0,16,6,0,2
48,27,0,16,7,0,2
48,26,0,16,8,0,2
48,25,0,16,9,0,2
48,24,0,16,10,0,2
48,23,0,16,11,0,2
48,22,0,16,12,0,2
48,21,0,16,13,0,2
48,20,0,16,14,0,2
48,28,0,17,5,0,2
48,27,0,17,6,0,2
48,26,0,17,7,0,2
48,25,0,17,8,0,2
48,24,0,17,9,0,2
48,23,0,17,10,0,2
48,22,0,17,11,0,2
48,21,0,17,12,0,2
48,20,0,17,13,0,2
48,27,0,18,5,0,2
48,26,0,18,6,0,2
48,25,0,18,7,0,2
48,24,0,18,8,0,2
48,23,0,18,9,0,2
48,22,0,18,10,0,2
48,21,0,18,11,0,2
48,20,0,18,12,0,2
48,31,0,19,0,0,2
48,26,0,19,5,0,2
48,25,0,19,6,0,2
48,24,0,19,7,0,2
48,23,0,19,8,0,2
48,22,0,19,9,0,2
48,21,0,19,10,0,2
48,20,0,19,11,0,2
48,30,0,20,0,0,2
48,25,0,20,5,0,2
48,24,0,20,6,0,2
48,23,0,20,7,0,2
48,22,0,20,8,0,2
48,21,0,20,9,0,2
48,20,0,20,10,0,2
48,29,0,21,0,0,2
48,24,0,21,5,0,2
48,23,0,21,6,0,2
48,22,0,21,7,0,2
48,21,0,21,8,0,2
48,20,0,21,9,0,2
48,28,0,22,0,0,2
48,23,0,22,5,0,2
48,22,0,22,6,0,2
48,21,0,22,7,0,2
48,20,0,22,8,0,2
48,27,0,23,0,0,2
48,22,0,23,5,0,2
48,21,0,23,6,0,2
48,20,0,23,7,0,2
48,26,0,24,0,0,2
48,21,0,24,5,0,2
48,20,0,24,6,0,2
48,25,0,25,0,0,2
48,20,0,25,5,0,2
48.2,23.8,0,12,14,0,2
48.2,24.8,0,13,12,0,2
48.2,23.8,0,13,13,0,2
48.2,25.8,0,14,10,0,2
48.2,24.8,0,14,11,0,2
48.2,23.8,0,14,12,0,2
48.2,26.8,0,15,8,0,2
48.2,25.8,0,15,9,0,2
48.2,24.8,0,15,10,0,2
48.2,23.8,0,15,11,0,2
48.2,26.8,0,16,7,0,2
48.2,25.8,0,16,8,0,2
48.2,24.8,0,16,9,0,2
48.2,23.8,0,16,10,0,2
48.2,26.8,0,17,6,0,2
48.2,25.8,0,17,7,0,2
48.2,24.8,0,17,8,0,2
48.2,23.8,0,17,9,0,2
48.2,22.8,0,17,10,0,2
48.2,26.8,0,18,5,0,2
48.2,25.8,0,18,6,0,2
48.2,24.8,0,18,7,0,2
48.2,23.8,0,18,8,0,2
48.2,22.8,0,18,9,0,2
48.2,25.8,0,19,5,0,2
48.2,24.8,0,19,6,0,2
48.2,23.8,0,19,7,0,2
48.2,22.8,0,19,8,0,2
48.2,29.8,0,20,0,0,2
48.2,24.8,0,20,5,0,2
48.2,23.8,0,20,6,0,2
48.2,22.8,0,20,7,0,2
48.2,28.8,0,21,0,0,2
48.2,23.8,0,21,5,0,2
48.2,22.8,0,21,6,0,2
48.2,27.8,0,22,0,0,2
48.2,22.8,0,22,5,0,2
48.2,26.8,0,23,0,0,2
48.2,25.8,0,24,0,0,2
47,20,0,7,23,1,2
47,20,0,8,22,1,2
47,20,0,9,21,1,2
47,26,0,10,14,1,2
47,25,0,10,15,1,2
47,24,0,10,16,1,2
47,21,0,10,19,1,2
47,20,0,10,20,1,2
47,26,0,11,13,1,2
47,25,0,11,14,1,2
47,24,0,11,15,1,2
47,23,0,11,16,1,2
47,22,0,11,17,1,2
47,21,0,11,18,1,2
47,20,0,11,19,1,2
47,26,0,12,12,1,2
47,25,0,12,13,1,2
47,24,0,12,14,1,2
47,23,0,12,15,1,2
47,22,0,12,16,1,2
47,21,0,12,17,1,2
47,20,0,12,18,1,2
47,26,0,13,11,1,2
47,25,0,13,12,1,2
47,24,0,13,13,1,2
47,23,0,13,14,1,2
47,22,0,13,15,1,2
47,21,0,13,16,1,2
47,20,0,13,17,1,2
47,27,0,14,9,1,2
47,26,0,14,10,1,2
47,25,0,14,11,1,2
47,24,0,14,12,1,2
47,23,0,14,13,1,2
47,22,0,14,14,1,2
47,21,0,14,15,1,2
47,20,0,14,16,1,2
47,27,0,15,8,1,2
47,26,0,15,9,1,2
47,25,0,15,10,1,2
47,24,0,15,11,1,2
47,23,0,15,12,1,2
47,22,0,15,13,1,2
47,21,0,15,14,1,2
47,20,0,15,15,1,2
47,27,0,16,7,1,2
47,26,0,16,8,1,2
47,25,0,16,9,1,2
47,24,0,16,10,1,2
47,23,0,16,11,1,2
47,22,0,16,12,1,2
47,21,0,16,13,1,2
47,20,0,16,14,1,2
47,27,0,17,6,1,2
47,26,0,17,7,1,2
47,25,0,17,8,1,2
47,24,0,17,9,1,2
47,23,0,17,10,1,2
47,22,0,17,11,1,2
47,21,0,17,12,1,2
47,20,0,17,13,1,2
47,27,0,18,5,1,2
47,26,0,18,6,1,2
47,25,0,18,7,1,2
47,24,0,18,8,1,2
47,23,0,18,9,1,2
47,22,0,18,10,1,2
47,21,0,18,11,1,2
47,20,0,18,12,1,2
47,26,0,19,5,1,2
47,25,0,19,6,1,2
47,24,0,19,7,1,2
47,23,0,19,8,1,2
47,22,0,19,9,1,2
47,21,0,19,10,1,2
47,20,0,19,11,1,2
47,25,0,20,5,1,2
47,24,0,20,6,1,2
47,23,0,20,7,1,2
47,22,0,20,8,1,2
47,21,0,20,9,1,2
47,20,0,20,10,1,2
47,29,0,21,0,1,2
47,24,0,21,5,1,2
47,23,0,21,6,1,2
47,22,0,21,7,1,2
47,21,0,21,8,1,2
47,20,0,21,9,1,2
47,28,0,22,0,1,2
47,23,0,22,5,1,2
47,22,0,22,6,1,2
47,21,0,22,7,1,2
47,20,0,22,8,1,2
47,27,0,23,0,1,2
47,22,0,23,5,1,2
47,21,0,23,6,1,2
47,20,0,23,7,1,2
47,26,0,24,0,1,2
47,21,0,24,5,1,2
47,20,0,24,6,1,2
47,25,0,25,0,1,2
47,20,0,25,5,1,2
47.2,23.8,0,15,11,1,2
47.2,24.8,0,16,9,1,2
47.2,23.8,0,16,10,1,2
47.2,24.8,0,17,8,1,2
47.2,23.8,0,17,9,1,2
47.2,22.8,0,17,10,1,2
47.2,25.8,0,18,6,1,2
47.2,24.8,0,18,7,1,2
47.2,23.8,0,18,8,1,2
47.2,22.8,0,18,9,1,2
47.2,25.8,0,19,5,1,2
47.2,24.8,0,19,6,1,2
47.2,23.8,0,19,7,1,2
47.2,22.8,0,19,8,1,2
47.2,24.8,0,20,5,1,2
47.2,23.8,0,20,6,1,2
47.2,22.8,0,20,7,1,2
47.2,23.8,0,21,5,1,2
47.2,22.8,0,21,6,1,2
47.2,27.8,0,22,0,1,2
47.2,22.8,0,22,5,1,2
47.2,26.8,0,23,0,1,2
47.2,25.8,0,24,0,1,2
46,20,0,10,20,2,2
46,21,0,11,18,2,2
46,20,0,11,19,2,2
46,24,0,12,14,2,2
46,23,0,12,15,2,2
46,22,0,12,16,2,2
46,21,0,12,17,2,2
46,20,0,12,18,2,2
46,22,0,13,15,2,2
46,21,0,13,16,2,2
46,20,0,13,17,2,2
46,24,0,14,12,2,2
46,23,0,14,13,2,2
46,22,0,14,14,2,2
46,21,0,14,15,2,2
46,20,0,14,16,2,2
46,24,0,15,11,2,2
46,23,0,15,12,2,2
46,22,0,15,13,2,2
46,21,0,15,14,2,2
46,20,0,15,15,2,2
46,24,0,16,10,2,2
46,23,0,16,11,2,2
46,22,0,16,12,2,2
46,21,0,16,13,2,2
46,20,0,16,14,2,2
46,25,0,17,8,2,2
46,24,0,17,9,2,2
46,23,0,17,10,2,2
46,22,0,17,11,2,2
46,21,0,17,12,2,2
46,20,0,17,13,2,2
46,25,0,18,7,2,2
46,24,0,18,8,2,2
46,23,0,18,9,2,2
46,22,0,18,10,2,2
46,21,0,18,11,2,2
46,20,0,18,12,2,2
46,26,0,19,5,2,2
46,25,0,19,6,2,2
46,24,0,19,7,2,2
46,23,0,19,8,2,2
46,22,0,19,9,2,2
46,21,0,19,10,2,2
46,20,0,19,11,2,2
46,25,0,20,5,2,2
46,24,0,20,6,2,2
46,23,0,20,7,2,2
46,22,0,20,8,2,2
46,21,0,20,9,2,2
46,20,0,20,10,2,2
46,24,0,21,5,2,2
46,23,0,21,6,2,2
46,22,0,21,7,2,2
46,21,0,21,8,2,2
46,20,0,21,9,2,2
46,28,0,22,0,2,2
46,23,0,22,5,2,2
46,22,0,22,6,2,2
46,21,0,22,7,2,2
46,20,0,22,8,2,2
46,27,0,23,0,2,2
46,22,0,23,5,2,2
46,21,0,23,6,2,2
46,20,0,23,7,2,2
46,26,0,24,0,2,2
46,21,0,24,5,2,2
46,20,0,24,6,2,2
46,25,0,25,0,2,2
46,20,0,25,5,2,2
46.2,23.8,0,17,9,2,2
46.2,24.8,0,18,7,2,2
46.2,23.8,0,18,8,2,2
46.2,22.8,0,18,9,2,2
46.2,24.8,0,19,6,2,2
46.2,23.8,0,19,7,2,2
46.2,22.8,0,19,8,2,2
46.2,24.8,0,20,5,2,2
46.2,23.8,0,20,6,2,2
46.2,22.8,0,20,7,2,2
46.2,23.8,0,21,5,2,2
46.2,22.8,0,21,6,2,2
46.2,27.8,0,22,0,2,2
46.2,22.8,0,22,5,2,2
46.2,26.8,0,23,0,2,2
46.2,25.8,0,24,0,2,2
45,20,0,12,18,3,2
45,20,0,13,17,3,2
45,21,0,14,15,3,2
45,20,0,14,16,3,2
45,22,0,15,13,3,2
45,21,0,15,14,3,2
45,20,0,15,15,3,2
45,23,0,16,11,3,2
45,22,0,16,12,3,2
45,21,0,16,13,3,2
45,20,0,16,14,3,2
45,24,0,17,9,3,2
45,23,0,17,10,3,2
45,22,0,17,11,3,2
45,21,0,17,12,3,2
45,20,0,17,13,3,2
45,24,0,18,8,3,2
45,23,0,18,9,3,2
45,22,0,18,10,3,2
45,21,0,18,11,3,2
45,20,0,18,12,3,2
45,25,0,19,6,3,2
45,24,0,19,7,3,2
45,23,0,19,8,3,2
45,22,0,19,9,3,2
45,21,0,19,10,3,2
45,20,0,19,11,3,2
45,25,0,20,5,3,2
45,24,0,20,6,3,2
45,23,0,20,7,3,2
45,22,0,20,8,3,2
45,21,0,20,9,3,2
45,20,0,20,10,3,2
45,24,0,21,5,3,2
45,23,0,21,6,3,2
45,22,0,21,7,3,2
45,21,0,21,8,3,2
45,20,0,21,9,3,2
45,28,0,22,0,3,2
45,23,0,22,5,3,2
45,22,0,22,6,3,2
45,21,0,22,7,3,2
45,20,0,22,8,3,2
45,27,0,23,0,3,2
45,22,0,23,5,3,2
45,21,0,23,6,3,2
45,20,0,23,7,3,2
45,26,0,24,0,3,2
45,21,0,24,5,3,2
45,20,0,24,6,3,2
45,25,0,25,0,3,2
45,20,0,25,5,3,2
45.2,22.8,0,18,9,3,2
45.2,23.8,0,19,7,3,2
45.2,22.8,0,19,8,3,2
45.2,24.8,0,20,5,3,2
45.2,23.8,0,20,6,3,2
45.2,22.8,0,20,7,3,2
45.2,23.8,0,21,5,3,2
45.2,22.8,0,21,6,3,2
45.2,22.8,0,22,5,3,2
45.2,26.8,0,23,0,3,2
45.2,25.8,0,24,0,3,2
44,20,0,15,15,4,2
44,21,0,16,13,4,2
44,20,0,16,14,4,2
44,21,0,17,12,4,2
44,20,0,17,13,4,2
44,22,0,18,10,4,2
44,21,0,18,11,4,2
44,20,0,18,12,4,2
44,23,0,19,8,4,2
44,22,0,19,9,4,2
44,21,0,19,10,4,2
44,20,0,19,11,4,2
44,25,0,20,5,4,2
44,24,0,20,6,4,2
44,23,0,20,7,4,2
44,22,0,20,8,4,2
44,21,0,20,9,4,2
44,20,0,20,10,4,2
44,24,0,21,5,4,2
44,23,0,21,6,4,2
44,22,0,21,7,4,2
44,21,0,21,8,4,2
44,20,0,21,9,4,2
44,23,0,22,5,4,2
44,22,0,22,6,4,2
44,21,0,22,7,4,2
44,20,0,22,8,4,2
44,27,0,23,0,4,2
44,22,0,23,5,4,2
44,21,0,23,6,4,2
44,20,0,23,7,4,2
44,26,0,24,0,4,2
44,21,0,24,5,4,2
44,20,0,24,6,4,2
44,25,0,25,0,4,2
44,20,0,25,5,4,2
44.2,24.8,0,20,5,4,2
44.2,23.8,0,20,6,4,2
44.2,22.8,0,20,7,4,2
44.2,23.8,0,21,5,4,2
44.2,22.8,0,21,6,4,2
44.2,22.8,0,22,5,4,2
44.2,25.8,0,24,0,4,2
43,21,0,19,10,5,2
43,22,0,20,8,5,2
43,21,0,20,9,5,2
43,20,0,20,10,5,2
43,24,0,21,5,5,2
43,23,0,21,6,5,2
43,22,0,21,7,5,2
43,21,0,21,8,5,2
43,20,0,21,9,5,2
43,23,0,22,5,5,2
43,22,0,22,6,5,2
43,21,0,22,7,5,2
43,20,0,22,8,5,2
43,22,0,23,5,5,2
43,21,0,23,6,5,2
43,20,0,23,7,5,2
43,26,0,24,0,5,2
43,21,0,24,5,5,2
43,20,0,24,6,5,2
43,25,0,25,0,5,2
43,20,0,25,5,5,2
43.2,23.8,0,21,5,5,2
43.2,22.8,0,21,6,5,2
43.2,22.8,0,22,5,5,2
43.2,21.8,0,23,5,5,2
42,21,0,20,9,6,2
42,22,0,21,7,6,2
42,21,0,21,8,6,2
42,20,0,21,9,6,2
42,23,0,22,5,6,2
42,22,0,22,6,6,2
42,21,0,22,7,6,2
42,20,0,22,8,6,2
42,22,0,23,5,6,2
42,21,0,23,6,6,2
42,20,0,23,7,6,2
42,21,0,24,5,6,2
42,20,0,24,6,6,2
42,25,0,25,0,6,2
42,20,0,25,5,6,2
42.2,21.8,0,21,7,6,2
42.2,21.8,0,22,6,6,2
42.2,21.8,0,23,5,6,2
41,20,0,21,9,7,2
41,21,0,22,7,7,2
41,20,0,22,8,7,2
41,22,0,23,5,7,2
41,21,0,23,6,7,2
41,20,0,23,7,7,2
41,21,0,24,5,7,2
41,20,0,24,6,7,2
41,20,0,25,5,7,2
41.2,21.8,0,23,5,7,2
41.2,20.8,0,23,6,7,2
41.2,20.8,0,24,5,7,2
40,20,0,24,6,8,2
40,20,0,25,5,8,2
33.2,30.8,0,19,0,15,2
33.2,29.8,0,20,0,15,2
32.2,31.8,0,18,0,16,2
32.2,30.8,0,19,0,16,2
31.2,32.8,0,17,0,17,2
31.2,31.8,0,18,0,17,2
30.2,32.8,0,17,0,18,2
30.2,31.8,0,18,0,18,2
29,33,0,17,0,19,2
29.2,33.8,0,16,0,19,2
29.2,32.8,0,17,0,19,2
28.2,34.8,0,15,0,20,2
28.2,33.8,0,16,0,20,2
28.2,32.8,0,17,0,20,2
27,32,0,18,0,21,2
27,31,0,19,0,21,2
27.2,34.8,0,15,0,21,2
27.2,33.8,0,16,0,21,2
26,32,0,18,0,22,2
26.2,35.8,0,14,0,22,2
26.2,34.8,0,15,0,22,2
25,32,0,18,0,23,2
25.2,35.8,0,14,0,23,2
25.2,34.8,0,15,0,23,2
24,33,0,17,0,24,2
24,32,0,18,0,24,2
24.2,36.8,0,13,0,24,2
24.2,35.8,0,14,0,24,2
24.2,28.8,0,21,0,24,2
23,32,0,18,0,25,2
23.2,37.8,0,12,0,25,2
23.2,29.8,0,20,0,25,2
23.2,28.8,0,21,0,25,2
43,21,5,15,14,0,2
43,20,5,15,15,0,2
43,22,5,16,12,0,2
43,21,5,16,13,0,2
43,20,5,16,14,0,2
43,23,5,17,10,0,2
43,22,5,17,11,0,2
43,21,5,17,12,0,2
43,20,5,17,13,0,2
43,25,5,18,7,0,2
43,24,5,18,8,0,2
43,23,5,18,9,0,2
43,22,5,18,10,0,2
43,21,5,18,11,0,2
43,20,5,18,12,0,2
43,25,5,19,6,0,2
43,24,5,19,7,0,2
43,23,5,19,8,0,2
43,22,5,19,9,0,2
43,21,5,19,10,0,2
43,20,5,19,11,0,2
43,25,5,20,5,0,2
43,24,5,20,6,0,2
43,23,5,20,7,0,2
43,22,5,20,8,0,2
43,21,5,20,9,0,2
43,20,5,20,10,0,2
43,24,5,21,5,0,2
43,23,5,21,6,0,2
43,22,5,21,7,0,2
43,21,5,21,8,0,2
43,20,5,21,9,0,2
43,23,5,22,5,0,2
43,22,5,22,6,0,2
43,21,5,22,7,0,2
43,20,5,22,8,0,2
43,22,5,23,5,0,2
43,21,5,23,6,0,2
43,20,5,23,7,0,2
43,26,5,24,0,0,2
43,21,5,24,5,0,2
43,20,5,24,6,0,2
43,25,5,25,0,0,2
43,20,5,25,5,0,2
43.2,24.8,5,19,6,0,2
43.2,24.8,5,20,5,0,2
43.2,23.8,5,21,5,0,2
43.2,22.8,5,22,5,0,2
43.2,25.8,5,24,0,0,2
43.2,24.8,5,25,0,0,2
43.4,25.6,5,24,0,0,2
43.4,24.6,5,25,0,0,2
42,21,5,15,14,1,2
42,22,5,17,11,1,2
42,23,5,18,9,1,2
42,22,5,18,10,1,2
42,21,5,18,11,1,2
42,20,5,18,12,1,2
42,24,5,19,7,1,2
42,23,5,19,8,1,2
42,22,5,19,9,1,2
42,21,5,19,10,1,2
42,20,5,19,11,1,2
42,23,5,20,7,1,2
42,22,5,20,8,1,2
42,21,5,20,9,1,2
42,20,5,20,10,1,2
42,24,5,21,5,1,2
42,23,5,21,6,1,2
42,22,5,21,7,1,2
42,21,5,21,8,1,2
42,20,5,21,9,1,2
42,23,5,22,5,1,2
42,22,5,22,6,1,2
42,21,5,22,7,1,2
42,20,5,22,8,1,2
42,22,5,23,5,1,2
42,21,5,23,6,1,2
42,20,5,23,7,1,2
42,26,5,24,0,1,2
42,21,5,24,5,1,2
42,20,5,24,6,1,2
42,25,5,25,0,1,2
42,20,5,25,5,1,2
42.2,25.8,5,24,0,1,2
42.2,24.8,5,25,0,1,2
42.4,25.6,5,24,0,1,2
42.4,24.6,5,25,0,1,2
41,23,5,19,8,2,2
41,22,5,19,9,2,2
41,20,5,19,11,2,2
41,22,5,20,8,2,2
41,21,5,20,9,2,2
41,20,5,20,10,2,2
41,22,5,21,7,2,2
41,21,5,21,8,2,2
41,20,5,21,9,2,2
41,23,5,22,5,2,2
41,22,5,22,6,2,2
41,21,5,22,7,2,2
41,20,5,22,8,2,2
41,22,5,23,5,2,2
41,21,5,23,6,2,2
41,20,5,23,7,2,2
41,26,5,24,0,2,2
41,21,5,24,5,2,2
41,20,5,24,6,2,2
41,25,5,25,0,2,2
41,20,5,25,5,2,2
41.2,24.8,5,25,0,2,2
41.4,24.6,5,25,0,2,2
40,21,5,21,8,3,2
40,20,5,21,9,3,2
40,22,5,22,6,3,2
40,21,5,22,7,3,2
40,20,5,22,8,3,2
40,22,5,23,5,3,2
40,21,5,23,6,3,2
40,20,5,23,7,3,2
40,26,5,24,0,3,2
40,21,5,24,5,3,2
40,20,5,24,6,3,2
40,25,5,25,0,3,2
40,20,5,25,5,3,2
40.2,24.8,5,25,0,3,2
39,20,5,21,9,4,2
39,21,5,22,7,4,2
39,20,5,22,8,4,2
39,22,5,23,5,4,2
39,21,5,23,6,4,2
39,20,5,23,7,4,2
39,21,5,24,5,4,2
39,20,5,24,6,4,2
39,25,5,25,0,4,2
39,20,5,25,5,4,2
39.2,24.8,5,25,0,4,2
38,20,5,25,5,5,2
30.2,28.8,5,21,0,13,2
30.2,27.8,5,22,0,13,2
30.4,28.6,5,21,0,13,2
29.2,29.8,5,20,0,14,2
29.2,28.8,5,21,0,14,2
29.2,27.8,5,22,0,14,2
29.4,29.6,5,20,0,14,2
28,30,5,20,0,15,2
28,29,5,21,0,15,2
28.2,30.8,5,19,0,15,2
28.2,29.8,5,20,0,15,2
28.2,28.8,5,21,0,15,2
28.4,30.6,5,19,0,15,2
27,30,5,20,0,16,2
27,29,5,21,0,16,2
27.2,30.8,5,19,0,16,2
27.2,29.8,5,20,0,16,2
26,30,5,20,0,17,2
26,29,5,21,0,17,2
26.2,30.8,5,19,0,17,2
25,30,5,20,0,18,2
25.2,31.8,5,18,0,18,2
42,22,6,16,12,0,2
42,21,6,16,13,0,2
42,20,6,16,14,0,2
42,21,6,17,12,0,2
42,20,6,17,13,0,2
42,24,6,18,8,0,2
42,23,6,18,9,0,2
42,22,6,18,10,0,2
42,21,6,18,11,0,2
42,20,6,18,12,0,2
42,24,6,19,7,0,2
42,23,6,19,8,0,2
42,22,6,19,9,0,2
42,21,6,19,10,0,2
42,20,6,19,11,0,2
42,25,6,20,5,0,2
42,24,6,20,6,0,2
42,23,6,20,7,0,2
42,22,6,20,8,0,2
42,21,6,20,9,0,2
42,20,6,20,10,0,2
42,24,6,21,5,0,2
42,23,6,21,6,0,2
42,22,6,21,7,0,2
42,21,6,21,8,0,2
42,20,6,21,9,0,2
42,23,6,22,5,0,2
42,22,6,22,6,0,2
42,21,6,22,7,0,2
42,20,6,22,8,0,2
42,22,6,23,5,0,2
42,21,6,23,6,0,2
42,20,6,23,7,0,2
42,26,6,24,0,0,2
42,21,6,24,5,0,2
42,20,6,24,6,0,2
42,25,6,25,0,0,2
42,20,6,25,5,0,2
42.2,25.8,6,24,0,0,2
42.2,24.8,6,25,0,0,2
42.4,25.6,6,24,0,0,2
42.4,24.6,6,25,0,0,2
41,22,6,18,10,1,2
41,20,6,18,12,1,2
41,23,6,19,8,1,2
41,22,6,19,9,1,2
41,21,6,19,10,1,2
41,20,6,19,11,1,2
41,23,6,20,7,1,2
41,22,6,20,8,1,2
41,21,6,20,9,1,2
41,20,6,20,10,1,2
41,23,6,21,6,1,2
41,22,6,21,7,1,2
41,21,6,21,8,1,2
41,20,6,21,9,1,2
41,23,6,22,5,1,2
41,22,6,22,6,1,2
41,21,6,22,7,1,2
41,20,6,22,8,1,2
41,22,6,23,5,1,2
41,21,6,23,6,1,2
41,20,6,23,7,1,2
41,26,6,24,0,1,2
41,21,6,24,5,1,2
41,20,6,24,6,1,2
41,25,6,25,0,1,2
41,20,6,25,5,1,2
41.2,24.8,6,25,0,1,2
41.4,24.6,6,25,0,1,2
40,22,6,21,7,2,2
40,21,6,21,8,2,2
40,20,6,21,9,2,2
40,23,6,22,5,2,2
40,22,6,22,6,2,2
40,21,6,22,7,2,2
40,20,6,22,8,2,2
40,22,6,23,5,2,2
40,21,6,23,6,2,2
40,20,6,23,7,2,2
40,21,6,24,5,2,2
40,20,6,24,6,2,2
40,25,6,25,0,2,2
40,20,6,25,5,2,2
40.2,24.8,6,25,0,2,2
39,20,6,21,9,3,2
39,21,6,22,7,3,2
39,20,6,22,8,3,2
39,22,6,23,5,3,2
39,21,6,23,6,3,2
39,20,6,23,7,3,2
39,21,6,24,5,3,2
39,20,6,24,6,3,2
39,25,6,25,0,3,2
39,20,6,25,5,3,2
39.2,24.8,6,25,0,3,2
38,21,6,23,6,4,2
38,20,6,23,7,4,2
38,21,6,24,5,4,2
38,20,6,24,6,4,2
38,25,6,25,0,4,2
38,20,6,25,5,4,2
41,21,7,16,13,0,2
41,20,7,16,14,0,2
41,21,7,17,12,0,2
41,20,7,17,13,0,2
41,22,7,18,10,0,2
41,21,7,18,11,0,2
41,20,7,18,12,0,2
41,22,7,19,9,0,2
41,21,7,19,10,0,2
41,20,7,19,11,0,2
41,24,7,20,6,0,2
41,23,7,20,7,0,2
41,22,7,20,8,0,2
41,21,7,20,9,0,2
41,20,7,20,10,0,2
41,24,7,21,5,0,2
41,23,7,21,6,0,2
41,22,7,21,7,0,2
41,21,7,21,8,0,2
41,20,7,21,9,0,2
41,23,7,22,5,0,2
41,22,7,22,6,0,2
41,21,7,22,7,0,2
41,20,7,22,8,0,2
41,22,7,23,5,0,2
41,21,7,23,6,0,2
41,20,7,23,7,0,2
41,26,7,24,0,0,2
41,21,7,24,5,0,2
41,20,7,24,6,0,2
41,25,7,25,0,0,2
41,20,7,25,5,0,2
41.2,25.8,7,24,0,0,2
41.2,24.8,7,25,0,0,2
40,20,7,19,11,1,2
40,23,7,20,7,1,2
40,22,7,20,8,1,2
40,20,7,20,10,1,2
40,23,7,21,6,1,2
40,22,7,21,7,1,2
40,21,7,21,8,1,2
40,20,7,21,9,1,2
40,23,7,22,5,1,2
40,22,7,22,6,1,2
40,21,7,22,7,1,2
40,20,7,22,8,1,2
40,22,7,23,5,1,2
40,21,7,23,6,1,2
40,20,7,23,7,1,2
40,26,7,24,0,1,2
40,21,7,24,5,1,2
40,20,7,24,6,1,2
40,25,7,25,0,1,2
40,20,7,25,5,1,2
40.2,24.8,7,25,0,1,2
39,22,7,22,6,2,2
39,21,7,22,7,2,2
39,20,7,22,8,2,2
39,22,7,23,5,2,2
39,21,7,23,6,2,2
39,20,7,23,7,2,2
39,21,7,24,5,2,2
39,20,7,24,6,2,2
39,25,7,25,0,2,2
39,20,7,25,5,2,2
39.2,24.8,7,25,0,2,2
38,22,7,23,5,3,2
38,25,7,25,0,3,2
40,21,8,18,11,0,2
40,20,8,18,12,0,2
40,21,8,19,10,0,2
40,20,8,19,11,0,2
40,23,8,20,7,0,2
40,22,8,20,8,0,2
40,21,8,20,9,0,2
40,20,8,20,10,0,2
40,24,8,21,5,0,2
40,23,8,21,6,0,2
40,22,8,21,7,0,2
40,21,8,21,8,0,2
40,20,8,21,9,0,2
40,23,8,22,5,0,2
40,22,8,22,6,0,2
40,21,8,22,7,0,2
40,20,8,22,8,0,2
40,22,8,23,5,0,2
40,21,8,23,6,0,2
40,20,8,23,7,0,2
40,26,8,24,0,0,2
40,21,8,24,5,0,2
40,20,8,24,6,0,2
40,25,8,25,0,0,2
40,20,8,25,5,0,2
40.2,25.8,8,24,0,0,2
40.2,24.8,8,25,0,0,2
39,23,8,21,6,1,2
39,22,8,21,7,1,2
39,20,8,21,9,1,2
39,23,8,22,5,1,2
39,22,8,22,6,1,2
39,21,8,22,7,1,2
39,20,8,22,8,1,2
39,22,8,23,5,1,2
39,21,8,23,6,1,2
39,20,8,23,7,1,2
39,21,8,24,5,1,2
39,20,8,24,6,1,2
39,25,8,25,0,1,2
39,20,8,25,5,1,2
39.2,24.8,8,25,0,1,2
38,25,8,25,0,2,2
39,20,9,20,10,0,2
39,24,9,21,5,0,2
39,23,9,21,6,0,2
39,22,9,21,7,0,2
39,21,9,21,8,0,2
39,20,9,21,9,0,2
39,23,9,22,5,0,2
39,22,9,22,6,0,2
39,21,9,22,7,0,2
39,20,9,22,8,0,2
39,22,9,23,5,0,2
39,21,9,23,6,0,2
39,20,9,23,7,0,2
39,26,9,24,0,0,2
39,21,9,24,5,0,2
39,20,9,24,6,0,2
39,25,9,25,0,0,2
39,20,9,25,5,0,2
38,23,9,22,5,1,2
38,20,9,22,8,1,2
38,22,9,23,5,1,2
38,21,9,23,6,1,2
38,20,9,23,7,1,2
38,21,9,24,5,1,2
38,20,9,24,6,1,2
38,25,9,25,0,1,2
38,20,9,25,5,1,2
37,25,9,25,0,2,2
38,20,10,20,10,0,2
38,20,10,21,9,0,2
38,23,10,22,5,0,2
38,22,10,22,6,0,2
38,21,10,22,7,0,2
38,20,10,22,8,0,2
38,22,10,23,5,0,2
38,21,10,23,6,0,2
38,20,10,23,7,0,2
38,21,10,24,5,0,2
38,20,10,24,6,0,2
38,25,10,25,0,0,2
38,20,10,25,5,0,2
37,22,10,23,5,1,2
37,21,10,23,6,1,2
37,20,10,23,7,1,2
37,21,10,24,5,1,2
37,20,10,24,6,1,2
37,25,10,25,0,1,2
37,20,11,21,9,0,2
37,20,11,22,8,0,2
37,22,11,23,5,0,2
37,21,11,23,6,0,2
37,20,11,23,7,0,2
37,21,11,24,5,0,2
37,20,11,24,6,0,2
37,25,11,25,0,0,2
37,20,11,25,5,0,2
36,20,12,21,9,0,2
36,20,12,22,8,0,2
36,21,12,23,6,0,2
36,20,12,23,7,0,2
36,21,12,24,5,0,2
36,20,12,24,6,0,2
36,25,12,25,0,0,2
36,20,12,25,5,0,2
35,20,13,22,8,0,2
35,21,13,23,6,0,2
35,20,13,23,7,0,2
35,21,13,24,5,0,2
35,20,13,24,6,0,2
35,20,13,25,5,0,2
34,20,14,24,6,0,2
34,20,14,25,5,0,2
47,25,0,0,25,0,3
47,24,0,5,21,0,3
47,21,0,8,21,0,3
47,21,0,9,20,0,3
47,20,0,9,21,0,3
47,27,0,10,13,0,3
47,26,0,10,14,0,3
47,21,0,10,19,0,3
47,20,0,10,20,0,3
47,27,0,11,12,0,3
47,26,0,11,13,0,3
47,25,0,11,14,0,3
47,24,0,11,15,0,3
47,23,0,11,16,0,3
47,22,0,11,17,0,3
47,21,0,11,18,0,3
47,20,0,11,19,0,3
47,26,0,12,12,0,3
47,25,0,12,13,0,3
47,24,0,12,14,0,3
47,23,0,12,15,0,3
47,22,0,12,16,0,3
47,21,0,12,17,0,3
47,20,0,12,18,0,3
47,27,0,13,10,0,3
47,26,0,13,11,0,3
47,25,0,13,12,0,3
47,24,0,13,13,0,3
47,23,0,13,14,0,3
47,22,0,13,15,0,3
47,21,0,13,16,0,3
47,20,0,13,17,0,3
47,28,0,14,8,0,3
47,27,0,14,9,0,3
47,26,0,14,10,0,3
47,25,0,14,11,0,3
47,24,0,14,12,0,3
47,23,0,14,13,0,3
47,22,0,14,14,0,3
47,21,0,14,15,0,3
47,20,0,14,16,0,3
47,28,0,15,7,0,3
47,27,0,15,8,0,3
47,26,0,15,9,0,3
47,25,0,15,10,0,3
47,24,0,15,11,0,3
47,23,0,15,12,0,3
47,22,0,15,13,0,3
47,21,0,15,14,0,3
47,20,0,15,15,0,3
47,28,0,16,6,0,3
47,27,0,16,7,0,3
47,26,0,16,8,0,3
47,25,0,16,9,0,3
47,24,0,16,10,0,3
47,23,0,16,11,0,3
47,22,0,16,12,0,3
47,21,0,16,13,0,3
47,20,0,16,14,0,3
47,28,0,17,5,0,3
47,27,0,17,6,0,3
47,26,0,17,7,0,3
47,25,0,17,8,0,3
47,24,0,17,9,0,3
47,23,0,17,10,0,3
47,22,0,17,11,0,3
47,21,0,17,12,0,3
47,20,0,17,13,0,3
47,27,0,18,5,0,3
47,26,0,18,6,0,3
47,25,0,18,7,0,3
47,24,0,18,8,0,3
47,23,0,18,9,0,3
47,22,0,18,10,0,3
47,21,0,18,11,0,3
47,20,0,18,12,0,3
47,26,0,19,5,0,3
47,25,0,19,6,0,3
47,24,0,19,7,0,3
47,23,0,19,8,0,3
47,22,0,19,9,0,3
47,21,0,19,10,0,3
47,20,0,19,11,0,3
47,30,0,20,0,0,3
47,25,0,20,5,0,3
47,24,0,20,6,0,3
47,23,0,20,7,0,3
47,22,0,20,8,0,3
47,21,0,20,9,0,3
47,20,0,20,10,0,3
47,29,0,21,0,0,3
47,24,0,21,5,0,3
47,23,0,21,6,0,3
47,22,0,21,7,0,3
47,21,0,21,8,0,3
47,20,0,21,9,0,3
47,28,0,22,0,0,3
47,23,0,22,5,0,3
47,22,0,22,6,0,3
47,21,0,22,7,0,3
47,20,0,22,8,0,3
47,27,0,23,0,0,3
47,22,0,23,5,0,3
47,21,0,23,6,0,3
47,20,0,23,7,0,3
47,26,0,24,0,0,3
47,21,0,24,5,0,3
47,20,0,24,6,0,3
47,25,0,25,0,0,3
47,20,0,25,5,0,3
47.2,22.8,0,12,15,0,3
47.2,21.8,0,12,16,0,3
47.2,22.8,0,13,14,0,3
47.2,21.8,0,13,15,0,3
47.2,24.8,0,14,11,0,3
47.2,23.8,0,14,12,0,3
47.2,22.8,0,14,13,0,3
47.2,21.8,0,14,14,0,3
47.2,25.8,0,15,9,0,3
47.2,24.8,0,15,10,0,3
47.2,23.8,0,15,11,0,3
47.2,22.8,0,15,12,0,3
47.2,21.8,0,15,13,0,3
47.2,26.8,0,16,7,0,3
47.2,25.8,0,16,8,0,3
47.2,24.8,0,16,9,0,3
47.2,23.8,0,16,10,0,3
47.2,22.8,0,16,11,0,3
47.2,21.8,0,16,12,0,3
47.2,26.8,0,17,6,0,3
47.2,25.8,0,17,7,0,3
47.2,24.8,0,17,8,0,3
47.2,23.8,0,17,9,0,3
47.2,22.8,0,17,10,0,3
47.2,21.8,0,17,11,0,3
47.2,26.8,0,18,5,0,3
47.2,25.8,0,18,6,0,3
47.2,24.8,0,18,7,0,3
47.2,23.8,0,18,8,0,3
47.2,22.8,0,18,9,0,3
47.2,21.8,0,18,10,0,3
47.2,25.8,0,19,5,0,3
47.2,24.8,0,19,6,0,3
47.2,23.8,0,19,7,0,3
47.2,22.8,0,19,8,0,3
47.2,21.8,0,19,9,0,3
47.2,24.8,0,20,5,0,3
47.2,23.8,0,20,6,0,3
47.2,22.8,0,20,7,0,3
47.2,21.8,0,20,8,0,3
47.2,20.8,0,20,9,0,3
47.2,28.8,0,21,0,0,3
47.2,23.8,0,21,5,0,3
47.2,22.8,0,21,6,0,3
47.2,21.8,0,21,7,0,3
47.2,20.8,0,21,8,0,3
47.2,27.8,0,22,0,0,3
47.2,22.8,0,22,5,0,3
47.2,21.8,0,22,6,0,3
47.2,20.8,0,22,7,0,3
47.2,26.8,0,23,0,0,3
47.2,21.8,0,23,5,0,3
47.2,20.8,0,23,6,0,3
47.2,25.8,0,24,0,0,3
47.2,20.8,0,24,5,0,3
47.2,24.8,0,25,0,0,3
46,20,0,10,20,1,3
46,25,0,11,14,1,3
46,24,0,11,15,1,3
46,23,0,11,16,1,3
46,22,0,11,17,1,3
46,21,0,11,18,1,3
46,20,0,11,19,1,3
46,25,0,12,13,1,3
46,24,0,12,14,1,3
46,23,0,12,15,1,3
46,22,0,12,16,1,3
46,21,0,12,17,1,3
46,20,0,12,18,1,3
46,26,0,13,11,1,3
46,25,0,13,12,1,3
46,24,0,13,13,1,3
46,23,0,13,14,1,3
46,22,0,13,15,1,3
46,21,0,13,16,1,3
46,20,0,13,17,1,3
46,26,0,14,10,1,3
46,25,0,14,11,1,3
46,24,0,14,12,1,3
46,23,0,14,13,1,3
46,22,0,14,14,1,3
46,21,0,14,15,1,3
46,20,0,14,16,1,3
46,27,0,15,8,1,3
46,26,0,15,9,1,3
46,25,0,15,10,1,3
46,24,0,15,11,1,3
46,23,0,15,12,1,3
46,22,0,15,13,1,3
46,21,0,15,14,1,3
46,20,0,15,15,1,3
46,26,0,16,8,1,3
46,25,0,16,9,1,3
46,24,0,16,10,1,3
46,23,0,16,11,1,3
46,22,0,16,12,1,3
46,21,0,16,13,1,3
46,20,0,16,14,1,3
46,26,0,17,7,1,3
46,25,0,17,8,1,3
46,24,0,17,9,1,3
46,23,0,17,10,1,3
46,22,0,17,11,1,3
46,21,0,17,12,1,3
46,20,0,17,13,1,3
46,27,0,18,5,1,3
46,26,0,18,6,1,3
46,25,0,18,7,1,3
46,24,0,18,8,1,3
46,23,0,18,9,1,3
46,22,0,18,10,1,3
46,21,0,18,11,1,3
46,20,0,18,12,1,3
46,26,0,19,5,1,3
46,25,0,19,6,1,3
46,24,0,19,7,1,3
46,23,0,19,8,1,3
46,22,0,19,9,1,3
46,21,0,19,10,1,3
46,20,0,19,11,1,3
46,25,0,20,5,1,3
46,24,0,20,6,1,3
46,23,0,20,7,1,3
46,22,0,20,8,1,3
46,21,0,20,9,1,3
46,20,0,20,10,1,3
46,29,0,21,0,1,3
46,24,0,21,5,1,3
46,23,0,21,6,1,3
46,22,0,21,7,1,3
46,21,0,21,8,1,3
46,20,0,21,9,1,3
46,28,0,22,0,1,3
46,23,0,22,5,1,3
46,22,0,22,6,1,3
46,21,0,22,7,1,3
46,20,0,22,8,1,3
46,27,0,23,0,1,3
46,22,0,23,5,1,3
46,21,0,23,6,1,3
46,20,0,23,7,1,3
46,26,0,24,0,1,3
46,21,0,24,5,1,3
46,20,0,24,6,1,3
46,25,0,25,0,1,3
46,20,0,25,5,1,3
46.2,21.8,0,13,15,1,3
46.2,21.8,0,14,14,1,3
46.2,23.8,0,15,11,1,3
46.2,22.8,0,15,12,1,3
46.2,21.8,0,15,13,1,3
46.2,24.8,0,16,9,1,3
46.2,23.8,0,16,10,1,3
46.2,22.8,0,16,11,1,3
46.2,21.8,0,16,12,1,3
46.2,24.8,0,17,8,1,3
46.2,23.8,0,17,9,1,3
46.2,22.8,0,17,10,1,3
46.2,21.8,0,17,11,1,3
46.2,24.8,0,18,7,1,3
46.2,23.8,0,18,8,1,3
46.2,22.8,0,18,9,1,3
46.2,21.8,0,18,10,1,3
46.2,25.8,0,19,5,1,3
46.2,24.8,0,19,6,1,3
46.2,23.8,0,19,7,1,3
46.2,22.8,0,19,8,1,3
46.2,21.8,0,19,9,1,3
46.2,24.8,0,20,5,1,3
46.2,23.8,0,20,6,1,3
46.2,22.8,0,20,7,1,3
46.2,21.8,0,20,8,1,3
46.2,23.8,0,21,5,1,3
46.2,22.8,0,21,6,1,3
46.2,21.8,0,21,7,1,3
46.2,20.8,0,21,8,1,3
46.2,27.8,0,22,0,1,3
46.2,22.8,0,22,5,1,3
46.2,21.8,0,22,6,1,3
46.2,20.8,0,22,7,1,3
46.2,26.8,0,23,0,1,3
46.2,21.8,0,23,5,1,3
46.2,20.8,0,23,6,1,3
46.2,25.8,0,24,0,1,3
46.2,20.8,0,24,5,1,3
46.2,24.8,0,25,0,1,3
45,21,0,11,18,2,3
45,20,0,11,19,2,3
45,21,0,12,17,2,3
45,20,0,12,18,2,3
45,22,0,13,15,2,3
45,21,0,13,16,2,3
45,20,0,13,17,2,3
45,24,0,14,12,2,3
45,23,0,14,13,2,3
45,22,0,14,14,2,3
45,21,0,14,15,2,3
45,20,0,14,16,2,3
45,24,0,15,11,2,3
45,23,0,15,12,2,3
45,22,0,15,13,2,3
45,21,0,15,14,2,3
45,20,0,15,15,2,3
45,24,0,16,10,2,3
45,23,0,16,11,2,3
45,22,0,16,12,2,3
45,21,0,16,13,2,3
45,20,0,16,14,2,3
45,24,0,17,9,2,3
45,23,0,17,10,2,3
45,22,0,17,11,2,3
45,21,0,17,12,2,3
45,20,0,17,13,2,3
45,25,0,18,7,2,3
45,24,0,18,8,2,3
45,23,0,18,9,2,3
45,22,0,18,10,2,3
45,21,0,18,11,2,3
45,20,0,18,12,2,3
45,25,0,19,6,2,3
45,24,0,19,7,2,3
45,23,0,19,8,2,3
45,22,0,19,9,2,3
45,21,0,19,10,2,3
45,20,0,19,11,2,3
45,25,0,20,5,2,3
45,24,0,20,6,2,3
45,23,0,20,7,2,3
45,22,0,20,8,2,3
45,21,0,20,9,2,3
45,20,0,20,10,2,3
45,24,0,21,5,2,3
45,23,0,21,6,2,3
45,22,0,21,7,2,3
45,21,0,21,8,2,3
45,20,0,21,9,2,3
45,28,0,22,0,2,3
45,23,0,22,5,2,3
45,22,0,22,6,2,3
45,21,0,22,7,2,3
45,20,0,22,8,2,3
45,27,0,23,0,2,3
45,22,0,23,5,2,3
45,21,0,23,6,2,3
45,20,0,23,7,2,3
45,26,0,24,0,2,3
45,21,0,24,5,2,3
45,20,0,24,6,2,3
45,25,0,25,0,2,3
45,20,0,25,5,2,3
45.2,23.8,0,17,9,2,3
45.2,22.8,0,17,10,2,3
45.2,21.8,0,17,11,2,3
45.2,23.8,0,18,8,2,3
45.2,22.8,0,18,9,2,3
45.2,21.8,0,18,10,2,3
45.2,24.8,0,19,6,2,3
45.2,23.8,0,19,7,2,3
45.2,22.8,0,19,8,2,3
45.2,21.8,0,19,9,2,3
45.2,24.8,0,20,5,2,3
45.2,23.8,0,20,6,2,3
45.2,22.8,0,20,7,2,3
45.2,21.8,0,20,8,2,3
45.2,23.8,0,21,5,2,3
45.2,22.8,0,21,6,2,3
45.2,21.8,0,21,7,2,3
45.2,20.8,0,21,8,2,3
45.2,22.8,0,22,5,2,3
45.2,21.8,0,22,6,2,3
45.2,20.8,0,22,7,2,3
45.2,26.8,0,23,0,2,3
45.2,21.8,0,23,5,2,3
45.2,20.8,0,23,6,2,3
45.2,25.8,0,24,0,2,3
45.2,20.8,0,24,5,2,3
45.2,24.8,0,25,0,2,3
44,20,0,12,18,3,3
44,21,0,14,15,3,3
44,20,0,14,16,3,3
44,22,0,15,13,3,3
44,21,0,15,14,3,3
44,20,0,15,15,3,3
44,22,0,16,12,3,3
44,21,0,16,13,3,3
44,20,0,16,14,3,3
44,23,0,17,10,3,3
44,22,0,17,11,3,3
44,21,0,17,12,3,3
44,20,0,17,13,3,3
44,23,0,18,9,3,3
44,22,0,18,10,3,3
44,21,0,18,11,3,3
44,20,0,18,12,3,3
44,24,0,19,7,3,3
44,23,0,19,8,3,3
44,22,0,19,9,3,3
44,21,0,19,10,3,3
44,20,0,19,11,3,3
44,25,0,20,5,3,3
44,24,0,20,6,3,3
44,23,0,20,7,3,3
44,22,0,20,8,3,3
44,21,0,20,9,3,3
44,20,0,20,10,3,3
44,24,0,21,5,3,3
44,23,0,21,6,3,3
44,22,0,21,7,3,3
44,21,0,21,8,3,3
44,20,0,21,9,3,3
44,23,0,22,5,3,3
44,22,0,22,6,3,3
44,21,0,22,7,3,3
44,20,0,22,8,3,3
44,27,0,23,0,3,3
44,22,0,23,5,3,3
44,21,0,23,6,3,3
44,20,0,23,7,3,3
44,26,0,24,0,3,3
44,21,0,24,5,3,3
44,20,0,24,6,3,3
44,25,0,25,0,3,3
44,20,0,25,5,3,3
44.2,22.8,0,18,9,3,3
44.2,21.8,0,18,10,3,3
44.2,23.8,0,19,7,3,3
44.2,22.8,0,19,8,3,3
44.2,21.8,0,19,9,3,3
44.2,24.8,0,20,5,3,3
44.2,23.8,0,20,6,3,3
44.2,22.8,0,20,7,3,3
44.2,21.8,0,20,8,3,3
44.2,23.8,0,21,5,3,3
44.2,22.8,0,21,6,3,3
44.2,21.8,0,21,7,3,3
44.2,20.8,0,21,8,3,3
44.2,22.8,0,22,5,3,3
44.2,21.8,0,22,6,3,3
44.2,20.8,0,22,7,3,3
44.2,26.8,0,23,0,3,3
44.2,21.8,0,23,5,3,3
44.2,20.8,0,23,6,3,3
44.2,25.8,0,24,0,3,3
44.2,20.8,0,24,5,3,3
44.2,24.8,0,25,0,3,3
43,21,0,17,12,4,3
43,20,0,17,13,4,3
43,21,0,18,11,4,3
43,20,0,18,12,4,3
43,23,0,19,8,4,3
43,22,0,19,9,4,3
43,21,0,19,10,4,3
43,20,0,19,11,4,3
43,24,0,20,6,4,3
43,23,0,20,7,4,3
43,22,0,20,8,4,3
43,21,0,20,9,4,3
43,20,0,20,10,4,3
43,24,0,21,5,4,3
43,23,0,21,6,4,3
43,22,0,21,7,4,3
43,21,0,21,8,4,3
43,20,0,21,9,4,3
43,23,0,22,5,4,3
43,22,0,22,6,4,3
43,21,0,22,7,4,3
43,20,0,22,8,4,3
43,27,0,23,0,4,3
43,22,0,23,5,4,3
43,21,0,23,6,4,3
43,20,0,23,7,4,3
43,26,0,24,0,4,3
43,21,0,24,5,4,3
43,20,0,24,6,4,3
43,25,0,25,0,4,3
43,20,0,25,5,4,3
43.2,21.8,0,19,9,4,3
43.2,23.8,0,20,6,4,3
43.2,22.8,0,20,7,4,3
43.2,21.8,0,20,8,4,3
43.2,23.8,0,21,5,4,3
43.2,22.8,0,21,6,4,3
43.2,21.8,0,21,7,4,3
43.2,20.8,0,21,8,4,3
43.2,22.8,0,22,5,4,3
43.2,21.8,0,22,6,4,3
43.2,20.8,0,22,7,4,3
43.2,21.8,0,23,5,4,3
43.2,20.8,0,23,6,4,3
43.2,25.8,0,24,0,4,3
43.2,20.8,0,24,5,4,3
43.2,24.8,0,25,0,4,3
42,20,0,19,11,5,3
42,23,0,20,7,5,3
42,22,0,20,8,5,3
42,21,0,20,9,5,3
42,20,0,20,10,5,3
42,24,0,21,5,5,3
42,23,0,21,6,5,3
42,22,0,21,7,5,3
42,21,0,21,8,5,3
42,20,0,21,9,5,3
42,23,0,22,5,5,3
42,22,0,22,6,5,3
42,21,0,22,7,5,3
42,20,0,22,8,5,3
42,22,0,23,5,5,3
42,21,0,23,6,5,3
42,20,0,23,7,5,3
42,26,0,24,0,5,3
42,21,0,24,5,5,3
42,20,0,24,6,5,3
42,25,0,25,0,5,3
42,20,0,25,5,5,3
42.2,21.8,0,20,8,5,3
42.2,20.8,0,20,9,5,3
42.2,23.8,0,21,5,5,3
42.2,22.8,0,21,6,5,3
42.2,21.8,0,21,7,5,3
42.2,20.8,0,21,8,5,3
42.2,22.8,0,22,5,5,3
42.2,21.8,0,22,6,5,3
42.2,20.8,0,22,7,5,3
42.2,21.8,0,23,5,5,3
42.2,20.8,0,23,6,5,3
42.2,20.8,0,24,5,5,3
42.2,24.8,0,25,0,5,3
41,20,0,20,10,6,3
41,21,0,21,8,6,3
41,20,0,21,9,6,3
41,23,0,22,5,6,3
41,22,0,22,6,6,3
41,21,0,22,7,6,3
41,20,0,22,8,6,3
41,22,0,23,5,6,3
41,21,0,23,6,6,3
41,20,0,23,7,6,3
41,21,0,24,5,6,3
41,20,0,24,6,6,3
41,20,0,25,5,6,3
41.2,20.8,0,21,8,6,3
41.2,21.8,0,22,6,6,3
41.2,20.8,0,22,7,6,3
41.2,21.8,0,23,5,6,3
41.2,20.8,0,23,6,6,3
41.2,20.8,0,24,5,6,3
40,20,0,21,9,7,3
40,21,0,22,7,7,3
40,20,0,22,8,7,3
40,20,0,23,7,7,3
40,21,0,24,5,7,3
40,20,0,24,6,7,3
40,20,0,25,5,7,3
40.2,20.8,0,24,5,7,3
31.2,29.8,0,20,0,16,3
29.2,30.8,0,19,0,18,3
28.2,30.8,0,19,0,19,3
27.2,30.8,0,19,0,20,3
42,21,5,16,13,0,3
42,20,5,16,14,0,3
42,24,5,17,9,0,3
42,21,5,17,12,0,3
42,20,5,17,13,0,3
42,25,5,18,7,0,3
42,24,5,18,8,0,3
42,23,5,18,9,0,3
42,22,5,18,10,0,3
42,21,5,18,11,0,3
42,20,5,18,12,0,3
42,25,5,19,6,0,3
42,24,5,19,7,0,3
42,23,5,19,8,0,3
42,22,5,19,9,0,3
42,21,5,19,10,0,3
42,20,5,19,11,0,3
42,25,5,20,5,0,3
42,24,5,20,6,0,3
42,23,5,20,7,0,3
42,22,5,20,8,0,3
42,21,5,20,9,0,3
42,20,5,20,10,0,3
42,24,5,21,5,0,3
42,23,5,21,6,0,3
42,22,5,21,7,0,3
42,21,5,21,8,0,3
42,20,5,21,9,0,3
42,23,5,22,5,0,3
42,22,5,22,6,0,3
42,21,5,22,7,0,3
42,20,5,22,8,0,3
42,22,5,23,5,0,3
42,21,5,23,6,0,3
42,20,5,23,7,0,3
42,26,5,24,0,0,3
42,21,5,24,5,0,3
42,20,5,24,6,0,3
42,25,5,25,0,0,3
42,20,5,25,5,0,3
42.2,24.8,5,19,6,0,3
42.2,24.8,5,20,5,0,3
42.2,23.8,5,21,5,0,3
42.2,25.8,5,24,0,0,3
42.2,24.8,5,25,0,0,3
42.4,25.6,5,24,0,0,3
42.4,24.6,5,25,0,0,3
42.6,24.4,5,25,0,0,3
41,23,5,18,9,1,3
41,22,5,18,10,1,3
41,21,5,18,11,1,3
41,23,5,19,8,1,3
41,22,5,19,9,1,3
41,21,5,19,10,1,3
41,20,5,19,11,1,3
41,23,5,20,7,1,3
41,22,5,20,8,1,3
41,21,5,20,9,1,3
41,20,5,20,10,1,3
41,24,5,21,5,1,3
41,23,5,21,6,1,3
41,22,5,21,7,1,3
41,21,5,21,8,1,3
41,20,5,21,9,1,3
41,23,5,22,5,1,3
41,22,5,22,6,1,3
41,21,5,22,7,1,3
41,20,5,22,8,1,3
41,22,5,23,5,1,3
41,21,5,23,6,1,3
41,20,5,23,7,1,3
41,26,5,24,0,1,3
41,21,5,24,5,1,3
41,20,5,24,6,1,3
41,25,5,25,0,1,3
41,20,5,25,5,1,3
41.2,25.8,5,24,0,1,3
41.2,24.8,5,25,0,1,3
41.4,24.6,5,25,0,1,3
41.6,24.4,5,25,0,1,3
40,22,5,19,9,2,3
40,21,5,19,10,2,3
40,22,5,20,8,2,3
40,21,5,20,9,2,3
40,20,5,20,10,2,3
40,22,5,21,7,2,3
40,21,5,21,8,2,3
40,20,5,21,9,2,3
40,23,5,22,5,2,3
40,22,5,22,6,2,3
40,21,5,22,7,2,3
40,20,5,22,8,2,3
40,22,5,23,5,2,3
40,21,5,23,6,2,3
40,20,5,23,7,2,3
40,26,5,24,0,2,3
40,21,5,24,5,2,3
40,20,5,24,6,2,3
40,25,5,25,0,2,3
40,20,5,25,5,2,3
40.2,24.8,5,25,0,2,3
40.4,24.6,5,25,0,2,3
40.6,24.4,5,25,0,2,3
39,21,5,21,8,3,3
39,20,5,21,9,3,3
39,22,5,22,6,3,3
39,21,5,22,7,3,3
39,20,5,22,8,3,3
39,22,5,23,5,3,3
39,21,5,23,6,3,3
39,20,5,23,7,3,3
39,21,5,24,5,3,3
39,20,5,24,6,3,3
39,25,5,25,0,3,3
39,20,5,25,5,3,3
39.2,24.8,5,25,0,3,3
38,20,5,21,9,4,3
38,21,5,22,7,4,3
38,20,5,22,8,4,3
38,22,5,23,5,4,3
38,21,5,23,6,4,3
38,20,5,23,7,4,3
38,21,5,24,5,4,3
38,20,5,24,6,4,3
38,25,5,25,0,4,3
38,20,5,25,5,4,3
37,21,5,24,5,5,3
37,20,5,25,5,5,3
41,21,6,17,12,0,3
41,20,6,17,13,0,3
41,24,6,18,8,0,3
41,23,6,18,9,0,3
41,22,6,18,10,0,3
41,21,6,18,11,0,3
41,20,6,18,12,0,3
41,24,6,19,7,0,3
41,23,6,19,8,0,3
41,22,6,19,9,0,3
41,21,6,19,10,0,3
41,20,6,19,11,0,3
41,24,6,20,6,0,3
41,23,6,20,7,0,3
41,22,6,20,8,0,3
41,21,6,20,9,0,3
41,20,6,20,10,0,3
41,24,6,21,5,0,3
41,23,6,21,6,0,3
41,22,6,21,7,0,3
41,21,6,21,8,0,3
41,20,6,21,9,0,3
41,23,6,22,5,0,3
41,22,6,22,6,0,3
41,21,6,22,7,0,3
41,20,6,22,8,0,3
41,22,6,23,5,0,3
41,21,6,23,6,0,3
41,20,6,23,7,0,3
41,26,6,24,0,0,3
41,21,6,24,5,0,3
41,20,6,24,6,0,3
41,25,6,25,0,0,3
41,20,6,25,5,0,3
41.2,25.8,6,24,0,0,3
41.2,24.8,6,25,0,0,3
41.4,24.6,6,25,0,0,3
40,22,6,18,10,1,3
40,23,6,19,8,1,3
40,22,6,19,9,1,3
40,20,6,19,11,1,3
40,23,6,20,7,1,3
40,22,6,20,8,1,3
40,21,6,20,9,1,3
40,20,6,20,10,1,3
40,23,6,21,6,1,3
40,22,6,21,7,1,3
40,21,6,21,8,1,3
40,20,6,21,9,1,3
40,23,6,22,5,1,3
40,22,6,22,6,1,3
40,21,6,22,7,1,3
40,20,6,22,8,1,3
40,22,6,23,5,1,3
40,21,6,23,6,1,3
40,20,6,23,7,1,3
40,26,6,24,0,1,3
40,21,6,24,5,1,3
40,20,6,24,6,1,3
40,25,6,25,0,1,3
40,20,6,25,5,1,3
40.2,25.8,6,24,0,1,3
40.2,24.8,6,25,0,1,3
40.4,24.6,6,25,0,1,3
39,22,6,20,8,2,3
39,22,6,21,7,2,3
39,21,6,21,8,2,3
39,20,6,21,9,2,3
39,23,6,22,5,2,3
39,22,6,22,6,2,3
39,21,6,22,7,2,3
39,20,6,22,8,2,3
39,22,6,23,5,2,3
39,21,6,23,6,2,3
39,20,6,23,7,2,3
39,26,6,24,0,2,3
39,21,6,24,5,2,3
39,20,6,24,6,2,3
39,25,6,25,0,2,3
39,20,6,25,5,2,3
39.2,24.8,6,25,0,2,3
38,20,6,21,9,3,3
38,21,6,22,7,3,3
38,20,6,22,8,3,3
38,22,6,23,5,3,3
38,21,6,23,6,3,3
38,20,6,23,7,3,3
38,21,6,24,5,3,3
38,20,6,24,6,3,3
38,25,6,25,0,3,3
38,20,6,25,5,3,3
38.2,24.8,6,25,0,3,3
37,25,6,25,0,4,3
40,21,7,17,12,0,3
40,20,7,17,13,0,3
40,20,7,18,12,0,3
40,23,7,19,8,0,3
40,22,7,19,9,0,3
40,21,7,19,10,0,3
40,20,7,19,11,0,3
40,24,7,20,6,0,3
40,23,7,20,7,0,3
40,22,7,20,8,0,3
40,21,7,20,9,0,3
40,20,7,20,10,0,3
40,24,7,21,5,0,3
40,23,7,21,6,0,3
40,22,7,21,7,0,3
40,21,7,21,8,0,3
40,20,7,21,9,0,3
40,23,7,22,5,0,3
40,22,7,22,6,0,3
40,21,7,22,7,0,3
40,20,7,22,8,0,3
40,22,7,23,5,0,3
40,21,7,23,6,0,3
40,20,7,23,7,0,3
40,26,7,24,0,0,3
40,21,7,24,5,0,3
40,20,7,24,6,0,3
40,25,7,25,0,0,3
40,20,7,25,5,0,3
40.2,24.8,7,25,0,0,3
39,23,7,20,7,1,3
39,22,7,20,8,1,3
39,20,7,20,10,1,3
39,23,7,21,6,1,3
39,22,7,21,7,1,3
39,21,7,21,8,1,3
39,20,7,21,9,1,3
39,23,7,22,5,1,3
39,22,7,22,6,1,3
39,21,7,22,7,1,3
39,20,7,22,8,1,3
39,22,7,23,5,1,3
39,21,7,23,6,1,3
39,20,7,23,7,1,3
39,21,7,24,5,1,3
39,20,7,24,6,1,3
39,25,7,25,0,1,3
39,20,7,25,5,1,3
39.2,24.8,7,25,0,1,3
38,22,7,22,6,2,3
38,21,7,22,7,2,3
38,20,7,22,8,2,3
38,22,7,23,5,2,3
38,21,7,23,6,2,3
38,20,7,23,7,2,3
38,21,7,24,5,2,3
38,20,7,24,6,2,3
38,25,7,25,0,2,3
38,20,7,25,5,2,3
38.2,24.8,7,25,0,2,3
37,25,7,25,0,3,3
39,20,8,18,12,0,3
39,20,8,19,11,0,3
39,24,8,20,6,0,3
39,23,8,20,7,0,3
39,22,8,20,8,0,3
39,21,8,20,9,0,3
39,20,8,20,10,0,3
39,24,8,21,5,0,3
39,23,8,21,6,0,3
39,22,8,21,7,0,3
39,21,8,21,8,0,3
39,20,8,21,9,0,3
39,23,8,22,5,0,3
39,22,8,22,6,0,3
39,21,8,22,7,0,3
39,20,8,22,8,0,3
39,22,8,23,5,0,3
39,21,8,23,6,0,3
39,20,8,23,7,0,3
39,21,8,24,5,0,3
39,20,8,24,6,0,3
39,25,8,25,0,0,3
39,20,8,25,5,0,3
38,23,8,21,6,1,3
38,22,8,21,7,1,3
38,23,8,22,5,1,3
38,22,8,22,6,1,3
38,21,8,22,7,1,3
38,20,8,22,8,1,3
38,22,8,23,5,1,3
38,21,8,23,6,1,3
38,20,8,23,7,1,3
38,21,8,24,5,1,3
38,20,8,24,6,1,3
38,25,8,25,0,1,3
38,20,8,25,5,1,3
37,25,8,25,0,2,3
38,20,9,20,10,0,3
38,24,9,21,5,0,3
38,23,9,21,6,0,3
38,22,9,21,7,0,3
38,21,9,21,8,0,3
38,20,9,21,9,0,3
38,23,9,22,5,0,3
38,22,9,22,6,0,3
38,21,9,22,7,0,3
38,20,9,22,8,0,3
38,22,9,23,5,0,3
38,21,9,23,6,0,3
38,20,9,23,7,0,3
38,21,9,24,5,0,3
38,20,9,24,6,0,3
38,25,9,25,0,0,3
38,20,9,25,5,0,3
37,23,9,22,5,1,3
37,22,9,22,6,1,3
37,21,9,22,7,1,3
37,20,9,22,8,1,3
37,22,9,23,5,1,3
37,21,9,23,6,1,3
37,20,9,23,7,1,3
37,21,9,24,5,1,3
37,20,9,24,6,1,3
37,25,9,25,0,1,3
37,20,9,25,5,1,3
37,20,10,21,9,0,3
37,23,10,22,5,0,3
37,22,10,22,6,0,3
37,21,10,22,7,0,3
37,20,10,22,8,0,3
37,22,10,23,5,0,3
37,21,10,23,6,0,3
37,20,10,23,7,0,3
37,21,10,24,5,0,3
37,20,10,24,6,0,3
37,25,10,25,0,0,3
37,20,10,25,5,0,3
36,25,10,25,0,1,3
36,20,11,22,8,0,3
36,22,11,23,5,0,3
36,21,11,23,6,0,3
36,20,11,23,7,0,3
36,21,11,24,5,0,3
36,20,11,24,6,0,3
36,25,11,25,0,0,3
36,20,11,25,5,0,3
35,21,12,23,6,0,3
35,20,12,23,7,0,3
35,21,12,24,5,0,3
35,20,12,24,6,0,3
35,20,12,25,5,0,3
34,20,13,22,8,0,3
34,20,13,23,7,0,3
34,21,13,24,5,0,3
34,20,13,24,6,0,3
34,20,13,25,5,0,3
46,25,0,0,25,0,4
46,20,0,8,22,0,4
46,21,0,9,20,0,4
46,27,0,10,13,0,4
46,26,0,10,14,0,4
46,20,0,10,20,0,4
46,26,0,11,13,0,4
46,25,0,11,14,0,4
46,23,0,11,16,0,4
46,21,0,11,18,0,4
46,20,0,11,19,0,4
46,27,0,12,11,0,4
46,26,0,12,12,0,4
46,25,0,12,13,0,4
46,24,0,12,14,0,4
46,23,0,12,15,0,4
46,22,0,12,16,0,4
46,21,0,12,17,0,4
46,20,0,12,18,0,4
46,27,0,13,10,0,4
46,26,0,13,11,0,4
46,25,0,13,12,0,4
46,24,0,13,13,0,4
46,23,0,13,14,0,4
46,22,0,13,15,0,4
46,21,0,13,16,0,4
46,20,0,13,17,0,4
46,28,0,14,8,0,4
46,27,0,14,9,0,4
46,26,0,14,10,0,4
46,25,0,14,11,0,4
46,24,0,14,12,0,4
46,23,0,14,13,0,4
46,22,0,14,14,0,4
46,21,0,14,15,0,4
46,20,0,14,16,0,4
46,28,0,15,7,0,4
46,27,0,15,8,0,4
46,26,0,15,9,0,4
46,25,0,15,10,0,4
46,24,0,15,11,0,4
46,23,0,15,12,0,4
46,22,0,15,13,0,4
46,21,0,15,14,0,4
46,20,0,15,15,0,4
46,28,0,16,6,0,4
46,27,0,16,7,0,4
46,26,0,16,8,0,4
46,25,0,16,9,0,4
46,24,0,16,10,0,4
46,23,0,16,11,0,4
46,22,0,16,12,0,4
46,21,0,16,13,0,4
46,20,0,16,14,0,4
46,28,0,17,5,0,4
46,27,0,17,6,0,4
46,26,0,17,7,0,4
46,25,0,17,8,0,4
46,24,0,17,9,0,4
46,23,0,17,10,0,4
46,22,0,17,11,0,4
46,21,0,17,12,0,4
46,20,0,17,13,0,4
46,27,0,18,5,0,4
46,26,0,18,6,0,4
46,25,0,18,7,0,4
46,24,0,18,8,0,4
46,23,0,18,9,0,4
46,22,0,18,10,0,4
46,21,0,18,11,0,4
46,20,0,18,12,0,4
46,26,0,19,5,0,4
46,25,0,19,6,0,4
46,24,0,19,7,0,4
46,23,0,19,8,0,4
46,22,0,19,9,0,4
46,21,0,19,10,0,4
46,20,0,19,11,0,4
46,30,0,20,0,0,4
46,25,0,20,5,0,4
46,24,0,20,6,0,4
46,23,0,20,7,0,4
46,22,0,20,8,0,4
46,21,0,20,9,0,4
46,20,0,20,10,0,4
46,29,0,21,0,0,4
46,24,0,21,5,0,4
46,23,0,21,6,0,4
46,22,0,21,7,0,4
46,21,0,21,8,0,4
46,20,0,21,9,0,4
46,28,0,22,0,0,4
46,23,0,22,5,0,4
46,22,0,22,6,0,4
46,21,0,22,7,0,4
46,20,0,22,8,0,4
46,27,0,23,0,0,4
46,22,0,23,5,0,4
46,21,0,23,6,0,4
46,20,0,23,7,0,4
46,26,0,24,0,0,4
46,21,0,24,5,0,4
46,20,0,24,6,0,4
46,25,0,25,0,0,4
46,20,0,25,5,0,4
46.2,21.8,0,12,16,0,4
46.2,20.8,0,12,17,0,4
46.2,22.8,0,13,14,0,4
46.2,21.8,0,13,15,0,4
46.2,20.8,0,13,16,0,4
46.2,24.8,0,14,11,0,4
46.2,23.8,0,14,12,0,4
46.2,22.8,0,14,13,0,4
46.2,21.8,0,14,14,0,4
46.2,20.8,0,14,15,0,4
46.2,25.8,0,15,9,0,4
46.2,24.8,0,15,10,0,4
46.2,23.8,0,15,11,0,4
46.2,22.8,0,15,12,0,4
46.2,21.8,0,15,13,0,4
46.2,20.8,0,15,14,0,4
46.2,26.8,0,16,7,0,4
46.2,25.8,0,16,8,0,4
46.2,24.8,0,16,9,0,4
46.2,23.8,0,16,10,0,4
46.2,22.8,0,16,11,0,4
46.2,21.8,0,16,12,0,4
46.2,20.8,0,16,13,0,4
46.2,27.8,0,17,5,0,4
46.2,26.8,0,17,6,0,4
46.2,25.8,0,17,7,0,4
46.2,24.8,0,17,8,0,4
46.2,23.8,0,17,9,0,4
46.2,22.8,0,17,10,0,4
46.2,21.8,0,17,11,0,4
46.2,20.8,0,17,12,0,4
46.2,26.8,0,18,5,0,4
46.2,25.8,0,18,6,0,4
46.2,24.8,0,18,7,0,4
46.2,23.8,0,18,8,0,4
46.2,22.8,0,18,9,0,4
46.2,21.8,0,18,10,0,4
46.2,20.8,0,18,11,0,4
46.2,25.8,0,19,5,0,4
46.2,24.8,0,19,6,0,4
46.2,23.8,0,19,7,0,4
46.2,22.8,0,19,8,0,4
46.2,21.8,0,19,9,0,4
46.2,20.8,0,19,10,0,4
46.2,24.8,0,20,5,0,4
46.2,23.8,0,20,6,0,4
46.2,22.8,0,20,7,0,4
46.2,21.8,0,20,8,0,4
46.2,20.8,0,20,9,0,4
46.2,28.8,0,21,0,0,4
46.2,23.8,0,21,5,0,4
46.2,22.8,0,21,6,0,4
46.2,21.8,0,21,7,0,4
46.2,20.8,0,21,8,0,4
46.2,27.8,0,22,0,0,4
46.2,22.8,0,22,5,0,4
46.2,21.8,0,22,6,0,4
46.2,20.8,0,22,7,0,4
46.2,26.8,0,23,0,0,4
46.2,21.8,0,23,5,0,4
46.2,20.8,0,23,6,0,4
46.2,25.8,0,24,0,0,4
46.2,20.8,0,24,5,0,4
46.2,24.8,0,25,0,0,4
46.4,25.6,0,14,10,0,4
46.4,25.6,0,15,9,0,4
46.4,25.6,0,16,8,0,4
46.4,26.6,0,17,6,0,4
46.4,26.6,0,18,5,0,4
45,20,0,10,20,1,4
45,25,0,11,14,1,4
45,24,0,11,15,1,4
45,23,0,11,16,1,4
45,22,0,11,17,1,4
45,21,0,11,18,1,4
45,20,0,11,19,1,4
45,25,0,12,13,1,4
45,24,0,12,14,1,4
45,23,0,12,15,1,4
45,22,0,12,16,1,4
45,21,0,12,17,1,4
45,20,0,12,18,1,4
45,26,0,13,11,1,4
45,25,0,13,12,1,4
45,24,0,13,13,1,4
45,23,0,13,14,1,4
45,22,0,13,15,1,4
45,21,0,13,16,1,4
45,20,0,13,17,1,4
45,26,0,14,10,1,4
45,25,0,14,11,1,4
45,24,0,14,12,1,4
45,23,0,14,13,1,4
45,22,0,14,14,1,4
45,21,0,14,15,1,4
45,20,0,14,16,1,4
45,26,0,15,9,1,4
45,25,0,15,10,1,4
45,24,0,15,11,1,4
45,23,0,15,12,1,4
45,22,0,15,13,1,4
45,21,0,15,14,1,4
45,20,0,15,15,1,4
45,26,0,16,8,1,4
45,25,0,16,9,1,4
45,24,0,16,10,1,4
45,23,0,16,11,1,4
45,22,0,16,12,1,4
45,21,0,16,13,1,4
45,20,0,16,14,1,4
45,26,0,17,7,1,4
45,25,0,17,8,1,4
45,24,0,17,9,1,4
45,23,0,17,10,1,4
45,22,0,17,11,1,4
45,21,0,17,12,1,4
45,20,0,17,13,1,4
45,27,0,18,5,1,4
45,26,0,18,6,1,4
45,25,0,18,7,1,4
45,24,0,18,8,1,4
45,23,0,18,9,1,4
45,22,0,18,10,1,4
45,21,0,18,11,1,4
45,20,0,18,12,1,4
45,26,0,19,5,1,4
45,25,0,19,6,1,4
45,24,0,19,7,1,4
45,23,0,19,8,1,4
45,22,0,19,9,1,4
45,21,0,19,10,1,4
45,20,0,19,11,1,4
45,25,0,20,5,1,4
45,24,0,20,6,1,4
45,23,0,20,7,1,4
45,22,0,20,8,1,4
45,21,0,20,9,1,4
45,20,0,20,10,1,4
45,29,0,21,0,1,4
45,24,0,21,5,1,4
45,23,0,21,6,1,4
45,22,0,21,7,1,4
45,21,0,21,8,1,4
45,20,0,21,9,1,4
45,28,0,22,0,1,4
45,23,0,22,5,1,4
45,22,0,22,6,1,4
45,21,0,22,7,1,4
45,20,0,22,8,1,4
45,27,0,23,0,1,4
45,22,0,23,5,1,4
45,21,0,23,6,1,4
45,20,0,23,7,1,4
45,26,0,24,0,1,4
45,21,0,24,5,1,4
45,20,0,24,6,1,4
45,25,0,25,0,1,4
45,20,0,25,5,1,4
45.2,21.8,0,13,15,1,4
45.2,20.8,0,13,16,1,4
45.2,21.8,0,14,14,1,4
45.2,20.8,0,14,15,1,4
45.2,22.8,0,15,12,1,4
45.2,21.8,0,15,13,1,4
45.2,20.8,0,15,14,1,4
45.2,24.8,0,16,9,1,4
45.2,23.8,0,16,10,1,4
45.2,22.8,0,16,11,1,4
45.2,21.8,0,16,12,1,4
45.2,20.8,0,16,13,1,4
45.2,25.8,0,17,7,1,4
45.2,24.8,0,17,8,1,4
45.2,23.8,0,17,9,1,4
45.2,22.8,0,17,10,1,4
45.2,21.8,0,17,11,1,4
45.2,20.8,0,17,12,1,4
45.2,25.8,0,18,6,1,4
45.2,24.8,0,18,7,1,4
45.2,23.8,0,18,8,1,4
45.2,22.8,0,18,9,1,4
45.2,21.8,0,18,10,1,4
45.2,20.8,0,18,11,1,4
45.2,25.8,0,19,5,1,4
45.2,24.8,0,19,6,1,4
45.2,23.8,0,19,7,1,4
45.2,22.8,0,19,8,1,4
45.2,21.8,0,19,9,1,4
45.2,20.8,0,19,10,1,4
45.2,24.8,0,20,5,1,4
45.2,23.8,0,20,6,1,4
45.2,22.8,0,20,7,1,4
45.2,21.8,0,20,8,1,4
45.2,20.8,0,20,9,1,4
45.2,28.8,0,21,0,1,4
45.2,23.8,0,21,5,1,4
45.2,22.8,0,21,6,1,4
45.2,21.8,0,21,7,1,4
45.2,20.8,0,21,8,1,4
45.2,27.8,0,22,0,1,4
45.2,22.8,0,22,5,1,4
45.2,21.8,0,22,6,1,4
45.2,20.8,0,22,7,1,4
45.2,26.8,0,23,0,1,4
45.2,21.8,0,23,5,1,4
45.2,20.8,0,23,6,1,4
45.2,25.8,0,24,0,1,4
45.2,20.8,0,24,5,1,4
45.2,24.8,0,25,0,1,4
44,24,0,10,16,2,4
44,20,0,10,20,2,4
44,22,0,11,17,2,4
44,21,0,11,18,2,4
44,20,0,11,19,2,4
44,24,0,12,14,2,4
44,23,0,12,15,2,4
44,22,0,12,16,2,4
44,21,0,12,17,2,4
44,20,0,12,18,2,4
44,24,0,13,13,2,4
44,23,0,13,14,2,4
44,22,0,13,15,2,4
44,21,0,13,16,2,4
44,20,0,13,17,2,4
44,24,0,14,12,2,4
44,23,0,14,13,2,4
44,22,0,14,14,2,4
44,21,0,14,15,2,4
44,20,0,14,16,2,4
44,24,0,15,11,2,4
44,23,0,15,12,2,4
44,22,0,15,13,2,4
44,21,0,15,14,2,4
44,20,0,15,15,2,4
44,25,0,16,9,2,4
44,24,0,16,10,2,4
44,23,0,16,11,2,4
44,22,0,16,12,2,4
44,21,0,16,13,2,4
44,20,0,16,14,2,4
44,25,0,17,8,2,4
44,24,0,17,9,2,4
44,23,0,17,10,2,4
44,22,0,17,11,2,4
44,21,0,17,12,2,4
44,20,0,17,13,2,4
44,25,0,18,7,2,4
44,24,0,18,8,2,4
44,23,0,18,9,2,4
44,22,0,18,10,2,4
44,21,0,18,11,2,4
44,20,0,18,12,2,4
44,25,0,19,6,2,4
44,24,0,19,7,2,4
44,23,0,19,8,2,4
44,22,0,19,9,2,4
44,21,0,19,10,2,4
44,20,0,19,11,2,4
44,25,0,20,5,2,4
44,24,0,20,6,2,4
44,23,0,20,7,2,4
44,22,0,20,8,2,4
44,21,0,20,9,2,4
44,20,0,20,10,2,4
44,29,0,21,0,2,4
44,24,0,21,5,2,4
44,23,0,21,6,2,4
44,22,0,21,7,2,4
44,21,0,21,8,2,4
44,20,0,21,9,2,4
44,28,0,22,0,2,4
44,23,0,22,5,2,4
44,22,0,22,6,2,4
44,21,0,22,7,2,4
44,20,0,22,8,2,4
44,27,0,23,0,2,4
44,22,0,23,5,2,4
44,21,0,23,6,2,4
44,20,0,23,7,2,4
44,26,0,24,0,2,4
44,21,0,24,5,2,4
44,20,0,24,6,2,4
44,25,0,25,0,2,4
44,20,0,25,5,2,4
44.2,20.8,0,15,14,2,4
44.2,22.8,0,16,11,2,4
44.2,21.8,0,16,12,2,4
44.2,20.8,0,16,13,2,4
44.2,22.8,0,17,10,2,4
44.2,21.8,0,17,11,2,4
44.2,20.8,0,17,12,2,4
44.2,23.8,0,18,8,2,4
44.2,22.8,0,18,9,2,4
44.2,21.8,0,18,10,2,4
44.2,20.8,0,18,11,2,4
44.2,24.8,0,19,6,2,4
44.2,23.8,0,19,7,2,4
44.2,22.8,0,19,8,2,4
44.2,21.8,0,19,9,2,4
44.2,20.8,0,19,10,2,4
44.2,24.8,0,20,5,2,4
44.2,23.8,0,20,6,2,4
44.2,22.8,0,20,7,2,4
44.2,21.8,0,20,8,2,4
44.2,20.8,0,20,9,2,4
44.2,23.8,0,21,5,2,4
44.2,22.8,0,21,6,2,4
44.2,21.8,0,21,7,2,4
44.2,20.8,0,21,8,2,4
44.2,27.8,0,22,0,2,4
44.2,22.8,0,22,5,2,4
44.2,21.8,0,22,6,2,4
44.2,20.8,0,22,7,2,4
44.2,26.8,0,23,0,2,4
44.2,21.8,0,23,5,2,4
44.2,20.8,0,23,6,2,4
44.2,25.8,0,24,0,2,4
44.2,20.8,0,24,5,2,4
44.2,24.8,0,25,0,2,4
43,20,0,14,16,3,4
43,21,0,15,14,3,4
43,20,0,15,15,3,4
43,22,0,16,12,3,4
43,21,0,16,13,3,4
43,20,0,16,14,3,4
43,22,0,17,11,3,4
43,21,0,17,12,3,4
43,20,0,17,13,3,4
43,23,0,18,9,3,4
43,22,0,18,10,3,4
43,21,0,18,11,3,4
43,20,0,18,12,3,4
43,24,0,19,7,3,4
43,23,0,19,8,3,4
43,22,0,19,9,3,4
43,21,0,19,10,3,4
43,20,0,19,11,3,4
43,25,0,20,5,3,4
43,24,0,20,6,3,4
43,23,0,20,7,3,4
43,22,0,20,8,3,4
43,21,0,20,9,3,4
43,20,0,20,10,3,4
43,24,0,21,5,3,4
43,23,0,21,6,3,4
43,22,0,21,7,3,4
43,21,0,21,8,3,4
43,20,0,21,9,3,4
43,23,0,22,5,3,4
43,22,0,22,6,3,4
43,21,0,22,7,3,4
43,20,0,22,8,3,4
43,27,0,23,0,3,4
43,22,0,23,5,3,4
43,21,0,23,6,3,4
43,20,0,23,7,3,4
43,26,0,24,0,3,4
43,21,0,24,5,3,4
43,20,0,24,6,3,4
43,25,0,25,0,3,4
43,20,0,25,5,3,4
43.2,20.8,0,17,12,3,4
43.2,21.8,0,18,10,3,4
43.2,20.8,0,18,11,3,4
43.2,23.8,0,19,7,3,4
43.2,22.8,0,19,8,3,4
43.2,21.8,0,19,9,3,4
43.2,20.8,0,19,10,3,4
43.2,23.8,0,20,6,3,4
43.2,22.8,0,20,7,3,4
43.2,21.8,0,20,8,3,4
43.2,20.8,0,20,9,3,4
43.2,23.8,0,21,5,3,4
43.2,22.8,0,21,6,3,4
43.2,21.8,0,21,7,3,4
43.2,20.8,0,21,8,3,4
43.2,22.8,0,22,5,3,4
43.2,21.8,0,22,6,3,4
43.2,20.8,0,22,7,3,4
43.2,26.8,0,23,0,3,4
43.2,21.8,0,23,5,3,4
43.2,20.8,0,23,6,3,4
43.2,25.8,0,24,0,3,4
43.2,20.8,0,24,5,3,4
43.2,24.8,0,25,0,3,4
42,21,0,16,13,4,4
42,20,0,16,14,4,4
42,21,0,17,12,4,4
42,20,0,17,13,4,4
42,22,0,18,10,4,4
42,21,0,18,11,4,4
42,20,0,18,12,4,4
42,23,0,19,8,4,4
42,22,0,19,9,4,4
42,21,0,19,10,4,4
42,20,0,19,11,4,4
42,24,0,20,6,4,4
42,23,0,20,7,4,4
42,22,0,20,8,4,4
42,21,0,20,9,4,4
42,20,0,20,10,4,4
42,24,0,21,5,4,4
42,23,0,21,6,4,4
42,22,0,21,7,4,4
42,21,0,21,8,4,4
42,20,0,21,9,4,4
42,23,0,22,5,4,4
42,22,0,22,6,4,4
42,21,0,22,7,4,4
42,20,0,22,8,4,4
42,27,0,23,0,4,4
42,22,0,23,5,4,4
42,21,0,23,6,4,4
42,20,0,23,7,4,4
42,26,0,24,0,4,4
42,21,0,24,5,4,4
42,20,0,24,6,4,4
42,25,0,25,0,4,4
42,20,0,25,5,4,4
42.2,20.8,0,18,11,4,4
42.2,20.8,0,19,10,4,4
42.2,22.8,0,20,7,4,4
42.2,21.8,0,20,8,4,4
42.2,20.8,0,20,9,4,4
42.2,23.8,0,21,5,4,4
42.2,22.8,0,21,6,4,4
42.2,21.8,0,21,7,4,4
42.2,20.8,0,21,8,4,4
42.2,22.8,0,22,5,4,4
42.2,21.8,0,22,6,4,4
42.2,20.8,0,22,7,4,4
42.2,21.8,0,23,5,4,4
42.2,20.8,0,23,6,4,4
42.2,25.8,0,24,0,4,4
42.2,20.8,0,24,5,4,4
42.2,24.8,0,25,0,4,4
41,21,0,19,10,5,4
41,20,0,19,11,5,4
41,22,0,20,8,5,4
41,21,0,20,9,5,4
41,20,0,20,10,5,4
41,24,0,21,5,5,4
41,23,0,21,6,5,4
41,22,0,21,7,5,4
41,21,0,21,8,5,4
41,20,0,21,9,5,4
41,23,0,22,5,5,4
41,22,0,22,6,5,4
41,21,0,22,7,5,4
41,20,0,22,8,5,4
41,22,0,23,5,5,4
41,21,0,23,6,5,4
41,20,0,23,7,5,4
41,26,0,24,0,5,4
41,21,0,24,5,5,4
41,20,0,24,6,5,4
41,25,0,25,0,5,4
41,20,0,25,5,5,4
41.2,20.8,0,20,9,5,4
41.2,23.8,0,21,5,5,4
41.2,22.8,0,21,6,5,4
41.2,21.8,0,21,7,5,4
41.2,20.8,0,21,8,5,4
41.2,22.8,0,22,5,5,4
41.2,21.8,0,22,6,5,4
41.2,20.8,0,22,7,5,4
41.2,21.8,0,23,5,5,4
41.2,20.8,0,23,6,5,4
41.2,20.8,0,24,5,5,4
41.2,24.8,0,25,0,5,4
40,20,0,20,10,6,4
40,21,0,21,8,6,4
40,20,0,21,9,6,4
40,22,0,22,6,6,4
40,21,0,22,7,6,4
40,20,0,22,8,6,4
40,22,0,23,5,6,4
40,21,0,23,6,6,4
40,20,0,23,7,6,4
40,21,0,24,5,6,4
40,20,0,24,6,6,4
40,20,0,25,5,6,4
40.2,20.8,0,21,8,6,4
40.2,21.8,0,22,6,6,4
40.2,20.8,0,22,7,6,4
40.2,21.8,0,23,5,6,4
40.2,20.8,0,23,6,6,4
40.2,20.8,0,24,5,6,4
39,20,0,21,9,7,4
39,20,0,22,8,7,4
39,20,0,23,7,7,4
39,21,0,24,5,7,4
39,20,0,24,6,7,4
39,20,0,25,5,7,4
39.2,20.8,0,24,5,7,4
30.2,30.8,0,19,0,16,4
27.2,30.8,0,19,0,19,4
25.2,30.8,0,19,0,21,4
41,21,5,15,14,0,4
41,21,5,16,13,0,4
41,20,5,16,14,0,4
41,25,5,17,8,0,4
41,24,5,17,9,0,4
41,23,5,17,10,0,4
41,22,5,17,11,0,4
41,21,5,17,12,0,4
41,20,5,17,13,0,4
41,25,5,18,7,0,4
41,24,5,18,8,0,4
41,23,5,18,9,0,4
41,22,5,18,10,0,4
41,21,5,18,11,0,4
41,20,5,18,12,0,4
41,25,5,19,6,0,4
41,24,5,19,7,0,4
41,23,5,19,8,0,4
41,22,5,19,9,0,4
41,21,5,19,10,0,4
41,20,5,19,11,0,4
41,24,5,20,6,0,4
41,23,5,20,7,0,4
41,22,5,20,8,0,4
41,21,5,20,9,0,4
41,20,5,20,10,0,4
41,24,5,21,5,0,4
41,23,5,21,6,0,4
41,22,5,21,7,0,4
41,21,5,21,8,0,4
41,20,5,21,9,0,4
41,23,5,22,5,0,4
41,22,5,22,6,0,4
41,21,5,22,7,0,4
41,20,5,22,8,0,4
41,22,5,23,5,0,4
41,21,5,23,6,0,4
41,20,5,23,7,0,4
41,26,5,24,0,0,4
41,21,5,24,5,0,4
41,20,5,24,6,0,4
41,25,5,25,0,0,4
41,20,5,25,5,0,4
41.2,24.8,5,20,5,0,4
41.2,25.8,5,24,0,0,4
41.2,24.8,5,25,0,0,4
41.4,25.6,5,24,0,0,4
41.4,24.6,5,25,0,0,4
41.6,24.4,5,25,0,0,4
40,22,5,18,10,1,4
40,21,5,18,11,1,4
40,20,5,18,12,1,4
40,23,5,19,8,1,4
40,22,5,19,9,1,4
40,21,5,19,10,1,4
40,20,5,19,11,1,4
40,23,5,20,7,1,4
40,22,5,20,8,1,4
40,21,5,20,9,1,4
40,20,5,20,10,1,4
40,23,5,21,6,1,4
40,22,5,21,7,1,4
40,21,5,21,8,1,4
40,20,5,21,9,1,4
40,23,5,22,5,1,4
40,22,5,22,6,1,4
40,21,5,22,7,1,4
40,20,5,22,8,1,4
40,22,5,23,5,1,4
40,21,5,23,6,1,4
40,20,5,23,7,1,4
40,26,5,24,0,1,4
40,21,5,24,5,1,4
40,20,5,24,6,1,4
40,25,5,25,0,1,4
40,20,5,25,5,1,4
40.2,25.8,5,24,0,1,4
40.2,24.8,5,25,0,1,4
40.4,24.6,5,25,0,1,4
40.6,24.4,5,25,0,1,4
39,22,5,18,10,2,4
39,22,5,19,9,2,4
39,21,5,19,10,2,4
39,22,5,20,8,2,4
39,21,5,20,9,2,4
39,20,5,20,10,2,4
39,23,5,21,6,2,4
39,22,5,21,7,2,4
39,21,5,21,8,2,4
39,20,5,21,9,2,4
39,23,5,22,5,2,4
39,22,5,22,6,2,4
39,21,5,22,7,2,4
39,20,5,22,8,2,4
39,22,5,23,5,2,4
39,21,5,23,6,2,4
39,20,5,23,7,2,4
39,26,5,24,0,2,4
39,21,5,24,5,2,4
39,20,5,24,6,2,4
39,25,5,25,0,2,4
39,20,5,25,5,2,4
39.2,25.8,5,24,0,2,4
39.2,24.8,5,25,0,2,4
39.4,24.6,5,25,0,2,4
38,21,5,20,9,3,4
38,20,5,20,10,3,4
38,21,5,21,8,3,4
38,20,5,21,9,3,4
38,22,5,22,6,3,4
38,21,5,22,7,3,4
38,20,5,22,8,3,4
38,22,5,23,5,3,4
38,21,5,23,6,3,4
38,20,5,23,7,3,4
38,26,5,24,0,3,4
38,21,5,24,5,3,4
38,20,5,24,6,3,4
38,25,5,25,0,3,4
38,20,5,25,5,3,4
38.2,24.8,5,25,0,3,4
38.4,24.6,5,25,0,3,4
37,21,5,22,7,4,4
37,20,5,22,8,4,4
37,21,5,23,6,4,4
37,20,5,23,7,4,4
37,21,5,24,5,4,4
37,20,5,24,6,4,4
37,25,5,25,0,4,4
37,20,5,25,5,4,4
36,20,5,23,7,5,4
36,20,5,24,6,5,4
36,20,5,25,5,5,4
40,21,6,17,12,0,4
40,20,6,17,13,0,4
40,24,6,18,8,0,4
40,23,6,18,9,0,4
40,22,6,18,10,0,4
40,21,6,18,11,0,4
40,20,6,18,12,0,4
40,24,6,19,7,0,4
40,23,6,19,8,0,4
40,22,6,19,9,0,4
40,21,6,19,10,0,4
40,20,6,19,11,0,4
40,24,6,20,6,0,4
40,23,6,20,7,0,4
40,22,6,20,8,0,4
40,21,6,20,9,0,4
40,20,6,20,10,0,4
40,24,6,21,5,0,4
40,23,6,21,6,0,4
40,22,6,21,7,0,4
40,21,6,21,8,0,4
40,20,6,21,9,0,4
40,23,6,22,5,0,4
40,22,6,22,6,0,4
40,21,6,22,7,0,4
40,20,6,22,8,0,4
40,22,6,23,5,0,4
40,21,6,23,6,0,4
40,20,6,23,7,0,4
40,26,6,24,0,0,4
40,21,6,24,5,0,4
40,20,6,24,6,0,4
40,25,6,25,0,0,4
40,20,6,25,5,0,4
40.2,25.8,6,24,0,0,4
40.2,24.8,6,25,0,0,4
40.4,24.6,6,25,0,0,4
39,23,6,18,9,1,4
39,22,6,18,10,1,4
39,23,6,19,8,1,4
39,22,6,19,9,1,4
39,21,6,19,10,1,4
39,20,6,19,11,1,4
39,23,6,20,7,1,4
39,22,6,20,8,1,4
39,21,6,20,9,1,4
39,20,6,20,10,1,4
39,23,6,21,6,1,4
39,22,6,21,7,1,4
39,21,6,21,8,1,4
39,20,6,21,9,1,4
39,23,6,22,5,1,4
39,22,6,22,6,1,4
39,21,6,22,7,1,4
39,20,6,22,8,1,4
39,22,6,23,5,1,4
39,21,6,23,6,1,4
39,20,6,23,7,1,4
39,26,6,24,0,1,4
39,21,6,24,5,1,4
39,20,6,24,6,1,4
39,25,6,25,0,1,4
39,20,6,25,5,1,4
39.2,24.8,6,25,0,1,4
39.4,24.6,6,25,0,1,4
38,22,6,19,9,2,4
38,22,6,20,8,2,4
38,21,6,20,9,2,4
38,20,6,20,10,2,4
38,22,6,21,7,2,4
38,21,6,21,8,2,4
38,20,6,21,9,2,4
38,23,6,22,5,2,4
38,22,6,22,6,2,4
38,21,6,22,7,2,4
38,20,6,22,8,2,4
38,22,6,23,5,2,4
38,21,6,23,6,2,4
38,20,6,23,7,2,4
38,26,6,24,0,2,4
38,21,6,24,5,2,4
38,20,6,24,6,2,4
38,25,6,25,0,2,4
38,20,6,25,5,2,4
38.2,24.8,6,25,0,2,4
37,22,6,23,5,3,4
37,25,6,25,0,3,4
37.2,24.8,6,25,0,3,4
36,25,6,25,0,4,4
39,23,7,19,8,0,4
39,22,7,19,9,0,4
39,21,7,19,10,0,4
39,20,7,19,11,0,4
39,24,7,20,6,0,4
39,23,7,20,7,0,4
39,22,7,20,8,0,4
39,21,7,20,9,0,4
39,20,7,20,10,0,4
39,24,7,21,5,0,4
39,23,7,21,6,0,4
39,22,7,21,7,0,4
39,21,7,21,8,0,4
39,20,7,21,9,0,4
39,23,7,22,5,0,4
39,22,7,22,6,0,4
39,21,7,22,7,0,4
39,20,7,22,8,0,4
39,22,7,23,5,0,4
39,21,7,23,6,0,4
39,20,7,23,7,0,4
39,21,7,24,5,0,4
39,20,7,24,6,0,4
39,25,7,25,0,0,4
39,20,7,25,5,0,4
39.2,24.8,7,25,0,0,4
38,22,7,19,9,1,4
38,22,7,20,8,1,4
38,21,7,20,9,1,4
38,20,7,20,10,1,4
38,23,7,21,6,1,4
38,22,7,21,7,1,4
38,21,7,21,8,1,4
38,20,7,21,9,1,4
38,23,7,22,5,1,4
38,22,7,22,6,1,4
38,21,7,22,7,1,4
38,20,7,22,8,1,4
38,22,7,23,5,1,4
38,21,7,23,6,1,4
38,20,7,23,7,1,4
38,21,7,24,5,1,4
38,20,7,24,6,1,4
38,25,7,25,0,1,4
38,20,7,25,5,1,4
38.2,24.8,7,25,0,1,4
37,20,7,21,9,2,4
37,25,7,25,0,2,4
37.2,24.8,7,25,0,2,4
38,20,8,18,12,0,4
38,20,8,19,11,0,4
38,23,8,20,7,0,4
38,22,8,20,8,0,4
38,21,8,20,9,0,4
38,20,8,20,10,0,4
38,24,8,21,5,0,4
38,23,8,21,6,0,4
38,22,8,21,7,0,4
38,21,8,21,8,0,4
38,20,8,21,9,0,4
38,23,8,22,5,0,4
38,22,8,22,6,0,4
38,21,8,22,7,0,4
38,20,8,22,8,0,4
38,22,8,23,5,0,4
38,21,8,23,6,0,4
38,20,8,23,7,0,4
38,21,8,24,5,0,4
38,20,8,24,6,0,4
38,25,8,25,0,0,4
38,20,8,25,5,0,4
37,22,8,21,7,1,4
37,23,8,22,5,1,4
37,22,8,22,6,1,4
37,21,8,22,7,1,4
37,20,8,22,8,1,4
37,22,8,23,5,1,4
37,21,8,23,6,1,4
37,20,8,23,7,1,4
37,21,8,24,5,1,4
37,20,8,24,6,1,4
37,25,8,25,0,1,4
37,20,8,25,5,1,4
37,20,9,20,10,0,4
37,24,9,21,5,0,4
37,23,9,21,6,0,4
37,22,9,21,7,0,4
37,21,9,21,8,0,4
37,20,9,21,9,0,4
37,23,9,22,5,0,4
37,22,9,22,6,0,4
37,21,9,22,7,0,4
37,20,9,22,8,0,4
37,22,9,23,5,0,4
37,21,9,23,6,0,4
37,20,9,23,7,0,4
37,21,9,24,5,0,4
37,20,9,24,6,0,4
37,25,9,25,0,0,4
37,20,9,25,5,0,4
36,22,9,22,6,1,4
36,21,9,22,7,1,4
36,20,9,22,8,1,4
36,22,9,23,5,1,4
36,21,9,23,6,1,4
36,20,9,23,7,1,4
36,25,9,25,0,1,4
36,20,10,21,9,0,4
36,23,10,22,5,0,4
36,22,10,22,6,0,4
36,21,10,22,7,0,4
36,20,10,22,8,0,4
36,22,10,23,5,0,4
36,21,10,23,6,0,4
36,20,10,23,7,0,4
36,21,10,24,5,0,4
36,20,10,24,6,0,4
36,25,10,25,0,0,4
36,20,10,25,5,0,4
35,21,11,22,7,0,4
35,20,11,22,8,0,4
35,22,11,23,5,0,4
35,21,11,23,6,0,4
35,20,11,23,7,0,4
35,21,11,24,5,0,4
35,20,11,24,6,0,4
35,20,11,25,5,0,4
34,20,12,23,7,0,4
34,21,12,24,5,0,4
34,20,12,24,6,0,4
34,20,12,25,5,0,4
45,26,0,0,24,0,5
45,20,0,5,25,0,5
45,25,0,10,15,0,5
45,20,0,10,20,0,5
45,27,0,11,12,0,5
45,26,0,11,13,0,5
45,25,0,11,14,0,5
45,20,0,11,19,0,5
45,27,0,12,11,0,5
45,26,0,12,12,0,5
45,25,0,12,13,0,5
45,24,0,12,14,0,5
45,23,0,12,15,0,5
45,22,0,12,16,0,5
45,21,0,12,17,0,5
45,20,0,12,18,0,5
45,27,0,13,10,0,5
45,26,0,13,11,0,5
45,25,0,13,12,0,5
45,24,0,13,13,0,5
45,23,0,13,14,0,5
45,22,0,13,15,0,5
45,21,0,13,16,0,5
45,20,0,13,17,0,5
45,28,0,14,8,0,5
45,27,0,14,9,0,5
45,26,0,14,10,0,5
45,25,0,14,11,0,5
45,24,0,14,12,0,5
45,23,0,14,13,0,5
45,22,0,14,14,0,5
45,21,0,14,15,0,5
45,20,0,14,16,0,5
45,28,0,15,7,0,5
45,27,0,15,8,0,5
45,26,0,15,9,0,5
45,25,0,15,10,0,5
45,24,0,15,11,0,5
45,23,0,15,12,0,5
45,22,0,15,13,0,5
45,21,0,15,14,0,5
45,20,0,15,15,0,5
45,28,0,16,6,0,5
45,27,0,16,7,0,5
45,26,0,16,8,0,5
45,25,0,16,9,0,5
45,24,0,16,10,0,5
45,23,0,16,11,0,5
45,22,0,16,12,0,5
45,21,0,16,13,0,5
45,20,0,16,14,0,5
45,28,0,17,5,0,5
45,27,0,17,6,0,5
45,26,0,17,7,0,5
45,25,0,17,8,0,5
45,24,0,17,9,0,5
45,23,0,17,10,0,5
45,22,0,17,11,0,5
45,21,0,17,12,0,5
45,20,0,17,13,0,5
45,27,0,18,5,0,5
45,26,0,18,6,0,5
45,25,0,18,7,0,5
45,24,0,18,8,0,5
45,23,0,18,9,0,5
45,22,0,18,10,0,5
45,21,0,18,11,0,5
45,20,0,18,12,0,5
45,26,0,19,5,0,5
45,25,0,19,6,0,5
45,24,0,19,7,0,5
45,23,0,19,8,0,5
45,22,0,19,9,0,5
45,21,0,19,10,0,5
45,20,0,19,11,0,5
45,30,0,20,0,0,5
45,25,0,20,5,0,5
45,24,0,20,6,0,5
45,23,0,20,7,0,5
45,22,0,20,8,0,5
45,21,0,20,9,0,5
45,20,0,20,10,0,5
45,29,0,21,0,0,5
45,24,0,21,5,0,5
45,23,0,21,6,0,5
45,22,0,21,7,0,5
45,21,0,21,8,0,5
45,20,0,21,9,0,5
45,28,0,22,0,0,5
45,23,0,22,5,0,5
45,22,0,22,6,0,5
45,21,0,22,7,0,5
45,20,0,22,8,0,5
45,27,0,23,0,0,5
45,22,0,23,5,0,5
45,21,0,23,6,0,5
45,20,0,23,7,0,5
45,26,0,24,0,0,5
45,21,0,24,5,0,5
45,20,0,24,6,0,5
45,25,0,25,0,0,5
45,20,0,25,5,0,5
45.2,20.8,0,12,17,0,5
45.2,23.8,0,13,13,0,5
45.2,22.8,0,13,14,0,5
45.2,21.8,0,13,15,0,5
45.2,20.8,0,13,16,0,5
45.2,24.8,0,14,11,0,5
45.2,23.8,0,14,12,0,5
45.2,22.8,0,14,13,0,5
45.2,21.8,0,14,14,0,5
45.2,20.8,0,14,15,0,5
45.2,25.8,0,15,9,0,5
45.2,24.8,0,15,10,0,5
45.2,23.8,0,15,11,0,5
45.2,22.8,0,15,12,0,5
45.2,21.8,0,15,13,0,5
45.2,20.8,0,15,14,0,5
45.2,26.8,0,16,7,0,5
45.2,25.8,0,16,8,0,5
45.2,24.8,0,16,9,0,5
45.2,23.8,0,16,10,0,5
45.2,22.8,0,16,11,0,5
45.2,21.8,0,16,12,0,5
45.2,20.8,0,16,13,0,5
45.2,27.8,0,17,5,0,5
45.2,26.8,0,17,6,0,5
45.2,25.8,0,17,7,0,5
45.2,24.8,0,17,8,0,5
45.2,23.8,0,17,9,0,5
45.2,22.8,0,17,10,0,5
45.2,21.8,0,17,11,0,5
45.2,20.8,0,17,12,0,5
45.2,26.8,0,18,5,0,5
45.2,25.8,0,18,6,0,5
45.2,24.8,0,18,7,0,5
45.2,23.8,0,18,8,0,5
45.2,22.8,0,18,9,0,5
45.2,21.8,0,18,10,0,5
45.2,20.8,0,18,11,0,5
45.2,25.8,0,19,5,0,5
45.2,24.8,0,19,6,0,5
45.2,23.8,0,19,7,0,5
45.2,22.8,0,19,8,0,5
45.2,21.8,0,19,9,0,5
45.2,20.8,0,19,10,0,5
45.2,24.8,0,20,5,0,5
45.2,23.8,0,20,6,0,5
45.2,22.8,0,20,7,0,5
45.2,21.8,0,20,8,0,5
45.2,20.8,0,20,9,0,5
45.2,28.8,0,21,0,0,5
45.2,23.8,0,21,5,0,5
45.2,22.8,0,21,6,0,5
45.2,21.8,0,21,7,0,5
45.2,20.8,0,21,8,0,5
45.2,27.8,0,22,0,0,5
45.2,22.8,0,22,5,0,5
45.2,21.8,0,22,6,0,5
45.2,20.8,0,22,7,0,5
45.2,26.8,0,23,0,0,5
45.2,21.8,0,23,5,0,5
45.2,20.8,0,23,6,0,5
45.2,25.8,0,24,0,0,5
45.2,20.8,0,24,5,0,5
45.2,24.8,0,25,0,0,5
45.4,24.6,0,14,11,0,5
45.4,25.6,0,15,9,0,5
45.4,24.6,0,15,10,0,5
45.4,23.6,0,15,11,0,5
45.4,25.6,0,16,8,0,5
45.4,24.6,0,16,9,0,5
45.4,23.6,0,16,10,0,5
45.4,27.6,0,17,5,0,5
45.4,26.6,0,17,6,0,5
45.4,25.6,0,17,7,0,5
45.4,24.6,0,17,8,0,5
45.4,23.6,0,17,9,0,5
45.4,26.6,0,18,5,0,5
45.4,25.6,0,18,6,0,5
45.4,24.6,0,18,7,0,5
45.4,25.6,0,19,5,0,5
45.4,24.6,0,19,6,0,5
44,20,0,7,23,1,5
44,20,0,10,20,1,5
44,25,0,11,14,1,5
44,21,0,11,18,1,5
44,20,0,11,19,1,5
44,25,0,12,13,1,5
44,24,0,12,14,1,5
44,23,0,12,15,1,5
44,22,0,12,16,1,5
44,21,0,12,17,1,5
44,20,0,12,18,1,5
44,25,0,13,12,1,5
44,24,0,13,13,1,5
44,23,0,13,14,1,5
44,22,0,13,15,1,5
44,21,0,13,16,1,5
44,20,0,13,17,1,5
44,25,0,14,11,1,5
44,24,0,14,12,1,5
44,23,0,14,13,1,5
44,22,0,14,14,1,5
44,21,0,14,15,1,5
44,20,0,14,16,1,5
44,26,0,15,9,1,5
44,25,0,15,10,1,5
44,24,0,15,11,1,5
44,23,0,15,12,1,5
44,22,0,15,13,1,5
44,21,0,15,14,1,5
44,20,0,15,15,1,5
44,27,0,16,7,1,5
44,26,0,16,8,1,5
44,25,0,16,9,1,5
44,24,0,16,10,1,5
44,23,0,16,11,1,5
44,22,0,16,12,1,5
44,21,0,16,13,1,5
44,20,0,16,14,1,5
44,27,0,17,6,1,5
44,26,0,17,7,1,5
44,25,0,17,8,1,5
44,24,0,17,9,1,5
44,23,0,17,10,1,5
44,22,0,17,11,1,5
44,21,0,17,12,1,5
44,20,0,17,13,1,5
44,27,0,18,5,1,5
44,26,0,18,6,1,5
44,25,0,18,7,1,5
44,24,0,18,8,1,5
44,23,0,18,9,1,5
44,22,0,18,10,1,5
44,21,0,18,11,1,5
44,20,0,18,12,1,5
44,26,0,19,5,1,5
44,25,0,19,6,1,5
44,24,0,19,7,1,5
44,23,0,19,8,1,5
44,22,0,19,9,1,5
44,21,0,19,10,1,5
44,20,0,19,11,1,5
44,25,0,20,5,1,5
44,24,0,20,6,1,5
44,23,0,20,7,1,5
44,22,0,20,8,1,5
44,21,0,20,9,1,5
44,20,0,20,10,1,5
44,29,0,21,0,1,5
44,24,0,21,5,1,5
44,23,0,21,6,1,5
44,22,0,21,7,1,5
44,21,0,21,8,1,5
44,20,0,21,9,1,5
44,28,0,22,0,1,5
44,23,0,22,5,1,5
44,22,0,22,6,1,5
44,21,0,22,7,1,5
44,20,0,22,8,1,5
44,27,0,23,0,1,5
44,22,0,23,5,1,5
44,21,0,23,6,1,5
44,20,0,23,7,1,5
44,26,0,24,0,1,5
44,21,0,24,5,1,5
44,20,0,24,6,1,5
44,25,0,25,0,1,5
44,20,0,25,5,1,5
44.2,20.8,0,13,16,1,5
44.2,21.8,0,14,14,1,5
44.2,20.8,0,14,15,1,5
44.2,23.8,0,15,11,1,5
44.2,22.8,0,15,12,1,5
44.2,21.8,0,15,13,1,5
44.2,20.8,0,15,14,1,5
44.2,24.8,0,16,9,1,5
44.2,23.8,0,16,10,1,5
44.2,22.8,0,16,11,1,5
44.2,21.8,0,16,12,1,5
44.2,20.8,0,16,13,1,5
44.2,25.8,0,17,7,1,5
44.2,24.8,0,17,8,1,5
44.2,23.8,0,17,9,1,5
44.2,22.8,0,17,10,1,5
44.2,21.8,0,17,11,1,5
44.2,20.8,0,17,12,1,5
44.2,26.8,0,18,5,1,5
44.2,25.8,0,18,6,1,5
44.2,24.8,0,18,7,1,5
44.2,23.8,0,18,8,1,5
44.2,22.8,0,18,9,1,5
44.2,21.8,0,18,10,1,5
44.2,20.8,0,18,11,1,5
44.2,25.8,0,19,5,1,5
44.2,24.8,0,19,6,1,5
44.2,23.8,0,19,7,1,5
44.2,22.8,0,19,8,1,5
44.2,21.8,0,19,9,1,5
44.2,20.8,0,19,10,1,5
44.2,24.8,0,20,5,1,5
44.2,23.8,0,20,6,1,5
44.2,22.8,0,20,7,1,5
44.2,21.8,0,20,8,1,5
44.2,20.8,0,20,9,1,5
44.2,28.8,0,21,0,1,5
44.2,23.8,0,21,5,1,5
44.2,22.8,0,21,6,1,5
44.2,21.8,0,21,7,1,5
44.2,20.8,0,21,8,1,5
44.2,27.8,0,22,0,1,5
44.2,22.8,0,22,5,1,5
44.2,21.8,0,22,6,1,5
44.2,20.8,0,22,7,1,5
44.2,26.8,0,23,0,1,5
44.2,21.8,0,23,5,1,5
44.2,20.8,0,23,6,1,5
44.2,25.8,0,24,0,1,5
44.2,20.8,0,24,5,1,5
44.2,24.8,0,25,0,1,5
44.4,24.6,0,16,9,1,5
44.4,23.6,0,16,10,1,5
44.4,24.6,0,17,8,1,5
44.4,25.6,0,18,6,1,5
44.4,24.6,0,18,7,1,5
44.4,25.6,0,19,5,1,5
44.4,24.6,0,19,6,1,5
43,22,0,11,17,2,5
43,21,0,11,18,2,5
43,20,0,11,19,2,5
43,24,0,12,14,2,5
43,23,0,12,15,2,5
43,22,0,12,16,2,5
43,21,0,12,17,2,5
43,20,0,12,18,2,5
43,24,0,13,13,2,5
43,23,0,13,14,2,5
43,22,0,13,15,2,5
43,21,0,13,16,2,5
43,20,0,13,17,2,5
43,24,0,14,12,2,5
43,23,0,14,13,2,5
43,22,0,14,14,2,5
43,21,0,14,15,2,5
43,20,0,14,16,2,5
43,25,0,15,10,2,5
43,24,0,15,11,2,5
43,23,0,15,12,2,5
43,22,0,15,13,2,5
43,21,0,15,14,2,5
43,20,0,15,15,2,5
43,25,0,16,9,2,5
43,24,0,16,10,2,5
43,23,0,16,11,2,5
43,22,0,16,12,2,5
43,21,0,16,13,2,5
43,20,0,16,14,2,5
43,25,0,17,8,2,5
43,24,0,17,9,2,5
43,23,0,17,10,2,5
43,22,0,17,11,2,5
43,21,0,17,12,2,5
43,20,0,17,13,2,5
43,25,0,18,7,2,5
43,24,0,18,8,2,5
43,23,0,18,9,2,5
43,22,0,18,10,2,5
43,21,0,18,11,2,5
43,20,0,18,12,2,5
43,26,0,19,5,2,5
43,25,0,19,6,2,5
43,24,0,19,7,2,5
43,23,0,19,8,2,5
43,22,0,19,9,2,5
43,21,0,19,10,2,5
43,20,0,19,11,2,5
43,25,0,20,5,2,5
43,24,0,20,6,2,5
43,23,0,20,7,2,5
43,22,0,20,8,2,5
43,21,0,20,9,2,5
43,20,0,20,10,2,5
43,29,0,21,0,2,5
43,24,0,21,5,2,5
43,23,0,21,6,2,5
43,22,0,21,7,2,5
43,21,0,21,8,2,5
43,20,0,21,9,2,5
43,28,0,22,0,2,5
43,23,0,22,5,2,5
43,22,0,22,6,2,5
43,21,0,22,7,2,5
43,20,0,22,8,2,5
43,27,0,23,0,2,5
43,22,0,23,5,2,5
43,21,0,23,6,2,5
43,20,0,23,7,2,5
43,26,0,24,0,2,5
43,21,0,24,5,2,5
43,20,0,24,6,2,5
43,25,0,25,0,2,5
43,20,0,25,5,2,5
43.2,22.8,0,16,11,2,5
43.2,21.8,0,16,12,2,5
43.2,20.8,0,16,13,2,5
43.2,23.8,0,17,9,2,5
43.2,22.8,0,17,10,2,5
43.2,21.8,0,17,11,2,5
43.2,20.8,0,17,12,2,5
43.2,23.8,0,18,8,2,5
43.2,22.8,0,18,9,2,5
43.2,21.8,0,18,10,2,5
43.2,20.8,0,18,11,2,5
43.2,24.8,0,19,6,2,5
43.2,23.8,0,19,7,2,5
43.2,22.8,0,19,8,2,5
43.2,21.8,0,19,9,2,5
43.2,20.8,0,19,10,2,5
43.2,24.8,0,20,5,2,5
43.2,23.8,0,20,6,2,5
43.2,22.8,0,20,7,2,5
43.2,21.8,0,20,8,2,5
43.2,20.8,0,20,9,2,5
43.2,23.8,0,21,5,2,5
43.2,22.8,0,21,6,2,5
43.2,21.8,0,21,7,2,5
43.2,20.8,0,21,8,2,5
43.2,27.8,0,22,0,2,5
43.2,22.8,0,22,5,2,5
43.2,21.8,0,22,6,2,5
43.2,20.8,0,22,7,2,5
43.2,26.8,0,23,0,2,5
43.2,21.8,0,23,5,2,5
43.2,20.8,0,23,6,2,5
43.2,25.8,0,24,0,2,5
43.2,20.8,0,24,5,2,5
43.2,24.8,0,25,0,2,5
43.4,24.6,0,19,6,2,5
42,20,0,13,17,3,5
42,21,0,14,15,3,5
42,20,0,14,16,3,5
42,22,0,15,13,3,5
42,21,0,15,14,3,5
42,20,0,15,15,3,5
42,22,0,16,12,3,5
42,21,0,16,13,3,5
42,20,0,16,14,3,5
42,22,0,17,11,3,5
42,21,0,17,12,3,5
42,20,0,17,13,3,5
42,23,0,18,9,3,5
42,22,0,18,10,3,5
42,21,0,18,11,3,5
42,20,0,18,12,3,5
42,23,0,19,8,3,5
42,22,0,19,9,3,5
42,21,0,19,10,3,5
42,20,0,19,11,3,5
42,25,0,20,5,3,5
42,24,0,20,6,3,5
42,23,0,20,7,3,5
42,22,0,20,8,3,5
42,21,0,20,9,3,5
42,20,0,20,10,3,5
42,24,0,21,5,3,5
42,23,0,21,6,3,5
42,22,0,21,7,3,5
42,21,0,21,8,3,5
42,20,0,21,9,3,5
42,28,0,22,0,3,5
42,23,0,22,5,3,5
42,22,0,22,6,3,5
42,21,0,22,7,3,5
42,20,0,22,8,3,5
42,27,0,23,0,3,5
42,22,0,23,5,3,5
42,21,0,23,6,3,5
42,20,0,23,7,3,5
42,26,0,24,0,3,5
42,21,0,24,5,3,5
42,20,0,24,6,3,5
42,25,0,25,0,3,5
42,20,0,25,5,3,5
42.2,20.8,0,17,12,3,5
42.2,21.8,0,18,10,3,5
42.2,20.8,0,18,11,3,5
42.2,22.8,0,19,8,3,5
42.2,21.8,0,19,9,3,5
42.2,20.8,0,19,10,3,5
42.2,23.8,0,20,6,3,5
42.2,22.8,0,20,7,3,5
42.2,21.8,0,20,8,3,5
42.2,20.8,0,20,9,3,5
42.2,23.8,0,21,5,3,5
42.2,22.8,0,21,6,3,5
42.2,21.8,0,21,7,3,5
42.2,20.8,0,21,8,3,5
42.2,22.8,0,22,5,3,5
42.2,21.8,0,22,6,3,5
42.2,20.8,0,22,7,3,5
42.2,26.8,0,23,0,3,5
42.2,21.8,0,23,5,3,5
42.2,20.8,0,23,6,3,5
42.2,25.8,0,24,0,3,5
42.2,20.8,0,24,5,3,5
42.2,24.8,0,25,0,3,5
41,20,0,15,15,4,5
41,20,0,16,14,4,5
41,21,0,17,12,4,5
41,20,0,17,13,4,5
41,20,0,18,12,4,5
41,22,0,19,9,4,5
41,21,0,19,10,4,5
41,20,0,19,11,4,5
41,23,0,20,7,4,5
41,22,0,20,8,4,5
41,21,0,20,9,4,5
41,20,0,20,10,4,5
41,24,0,21,5,4,5
41,23,0,21,6,4,5
41,22,0,21,7,4,5
41,21,0,21,8,4,5
41,20,0,21,9,4,5
41,23,0,22,5,4,5
41,22,0,22,6,4,5
41,21,0,22,7,4,5
41,20,0,22,8,4,5
41,27,0,23,0,4,5
41,22,0,23,5,4,5
41,21,0,23,6,4,5
41,20,0,23,7,4,5
41,26,0,24,0,4,5
41,21,0,24,5,4,5
41,20,0,24,6,4,5
41,25,0,25,0,4,5
41,20,0,25,5,4,5
41.2,20.8,0,18,11,4,5
41.2,21.8,0,19,9,4,5
41.2,20.8,0,19,10,4,5
41.2,22.8,0,20,7,4,5
41.2,21.8,0,20,8,4,5
41.2,20.8,0,20,9,4,5
41.2,23.8,0,21,5,4,5
41.2,22.8,0,21,6,4,5
41.2,21.8,0,21,7,4,5
41.2,20.8,0,21,8,4,5
41.2,22.8,0,22,5,4,5
41.2,21.8,0,22,6,4,5
41.2,20.8,0,22,7,4,5
41.2,26.8,0,23,0,4,5
41.2,21.8,0,23,5,4,5
41.2,20.8,0,23,6,4,5
41.2,25.8,0,24,0,4,5
41.2,20.8,0,24,5,4,5
41.2,24.8,0,25,0,4,5
40,20,0,19,11,5,5
40,22,0,20,8,5,5
40,21,0,20,9,5,5
40,20,0,20,10,5,5
40,23,0,21,6,5,5
40,22,0,21,7,5,5
40,21,0,21,8,5,5
40,20,0,21,9,5,5
40,23,0,22,5,5,5
40,22,0,22,6,5,5
40,21,0,22,7,5,5
40,20,0,22,8,5,5
40,22,0,23,5,5,5
40,21,0,23,6,5,5
40,20,0,23,7,5,5
40,26,0,24,0,5,5
40,21,0,24,5,5,5
40,20,0,24,6,5,5
40,25,0,25,0,5,5
40,20,0,25,5,5,5
40.2,20.8,0,20,9,5,5
40.2,22.8,0,21,6,5,5
40.2,21.8,0,21,7,5,5
40.2,20.8,0,21,8,5,5
40.2,22.8,0,22,5,5,5
40.2,21.8,0,22,6,5,5
40.2,20.8,0,22,7,5,5
40.2,21.8,0,23,5,5,5
40.2,20.8,0,23,6,5,5
40.2,20.8,0,24,5,5,5
40.2,24.8,0,25,0,5,5
39,20,0,20,10,6,5
39,21,0,21,8,6,5
39,20,0,21,9,6,5
39,22,0,22,6,6,5
39,21,0,22,7,6,5
39,20,0,22,8,6,5
39,22,0,23,5,6,5
39,21,0,23,6,6,5
39,20,0,23,7,6,5
39,21,0,24,5,6,5
39,20,0,24,6,6,5
39,20,0,25,5,6,5
39.2,20.8,0,22,7,6,5
39.2,21.8,0,23,5,6,5
39.2,20.8,0,23,6,6,5
39.2,20.8,0,24,5,6,5
38,20,0,21,9,7,5
38,20,0,22,8,7,5
38,20,0,23,7,7,5
38,20,0,24,6,7,5
38,20,0,25,5,7,5
40,23,5,15,12,0,5
40,22,5,15,13,0,5
40,21,5,15,14,0,5
40,20,5,15,15,0,5
40,24,5,16,10,0,5
40,23,5,16,11,0,5
40,22,5,16,12,0,5
40,21,5,16,13,0,5
40,20,5,16,14,0,5
40,25,5,17,8,0,5
40,24,5,17,9,0,5
40,23,5,17,10,0,5
40,22,5,17,11,0,5
40,21,5,17,12,0,5
40,20,5,17,13,0,5
40,25,5,18,7,0,5
40,24,5,18,8,0,5
40,23,5,18,9,0,5
40,22,5,18,10,0,5
40,21,5,18,11,0,5
40,20,5,18,12,0,5
40,25,5,19,6,0,5
40,24,5,19,7,0,5
40,23,5,19,8,0,5
40,22,5,19,9,0,5
40,21,5,19,10,0,5
40,20,5,19,11,0,5
40,25,5,20,5,0,5
40,24,5,20,6,0,5
40,23,5,20,7,0,5
40,22,5,20,8,0,5
40,21,5,20,9,0,5
40,20,5,20,10,0,5
40,24,5,21,5,0,5
40,23,5,21,6,0,5
40,22,5,21,7,0,5
40,21,5,21,8,0,5
40,20,5,21,9,0,5
40,23,5,22,5,0,5
40,22,5,22,6,0,5
40,21,5,22,7,0,5
40,20,5,22,8,0,5
40,27,5,23,0,0,5
40,22,5,23,5,0,5
40,21,5,23,6,0,5
40,20,5,23,7,0,5
40,26,5,24,0,0,5
40,21,5,24,5,0,5
40,20,5,24,6,0,5
40,25,5,25,0,0,5
40,20,5,25,5,0,5
40.2,25.8,5,24,0,0,5
40.2,24.8,5,25,0,0,5
40.4,25.6,5,24,0,0,5
40.4,24.6,5,25,0,0,5
40.6,24.4,5,25,0,0,5
40.8,24.2,5,25,0,0,5
39,23,5,17,10,1,5
39,22,5,17,11,1,5
39,21,5,17,12,1,5
39,20,5,17,13,1,5
39,23,5,18,9,1,5
39,22,5,18,10,1,5
39,21,5,18,11,1,5
39,20,5,18,12,1,5
39,23,5,19,8,1,5
39,22,5,19,9,1,5
39,21,5,19,10,1,5
39,20,5,19,11,1,5
39,23,5,20,7,1,5
39,22,5,20,8,1,5
39,21,5,20,9,1,5
39,20,5,20,10,1,5
39,24,5,21,5,1,5
39,23,5,21,6,1,5
39,22,5,21,7,1,5
39,21,5,21,8,1,5
39,20,5,21,9,1,5
39,23,5,22,5,1,5
39,22,5,22,6,1,5
39,21,5,22,7,1,5
39,20,5,22,8,1,5
39,22,5,23,5,1,5
39,21,5,23,6,1,5
39,20,5,23,7,1,5
39,26,5,24,0,1,5
39,21,5,24,5,1,5
39,20,5,24,6,1,5
39,25,5,25,0,1,5
39,20,5,25,5,1,5
39.2,24.8,5,25,0,1,5
39.4,24.6,5,25,0,1,5
39.6,24.4,5,25,0,1,5
38,22,5,18,10,2,5
38,21,5,18,11,2,5
38,22,5,19,9,2,5
38,21,5,19,10,2,5
38,20,5,19,11,2,5
38,22,5,20,8,2,5
38,21,5,20,9,2,5
38,20,5,20,10,2,5
38,23,5,21,6,2,5
38,22,5,21,7,2,5
38,21,5,21,8,2,5
38,20,5,21,9,2,5
38,23,5,22,5,2,5
38,22,5,22,6,2,5
38,21,5,22,7,2,5
38,20,5,22,8,2,5
38,22,5,23,5,2,5
38,21,5,23,6,2,5
38,20,5,23,7,2,5
38,26,5,24,0,2,5
38,21,5,24,5,2,5
38,20,5,24,6,2,5
38,25,5,25,0,2,5
38,20,5,25,5,2,5
38.2,25.8,5,24,0,2,5
38.2,24.8,5,25,0,2,5
38.4,24.6,5,25,0,2,5
37,21,5,19,10,3,5
37,20,5,19,11,3,5
37,21,5,20,9,3,5
37,20,5,20,10,3,5
37,21,5,21,8,3,5
37,20,5,21,9,3,5
37,22,5,22,6,3,5
37,21,5,22,7,3,5
37,20,5,22,8,3,5
37,22,5,23,5,3,5
37,21,5,23,6,3,5
37,20,5,23,7,3,5
37,26,5,24,0,3,5
37,21,5,24,5,3,5
37,20,5,24,6,3,5
37,25,5,25,0,3,5
37,20,5,25,5,3,5
37.2,24.8,5,25,0,3,5
37.4,24.6,5,25,0,3,5
36,21,5,22,7,4,5
36,20,5,22,8,4,5
36,21,5,23,6,4,5
36,20,5,23,7,4,5
36,21,5,24,5,4,5
36,20,5,24,6,4,5
36,25,5,25,0,4,5
36,20,5,25,5,4,5
36.2,24.8,5,25,0,4,5
36.4,24.6,5,25,0,4,5
39,21,6,16,13,0,5
39,20,6,16,14,0,5
39,24,6,17,9,0,5
39,23,6,17,10,0,5
39,22,6,17,11,0,5
39,21,6,17,12,0,5
39,20,6,17,13,0,5
39,24,6,18,8,0,5
39,23,6,18,9,0,5
39,22,6,18,10,0,5
39,21,6,18,11,0,5
39,20,6,18,12,0,5
39,24,6,19,7,0,5
39,23,6,19,8,0,5
39,22,6,19,9,0,5
39,21,6,19,10,0,5
39,20,6,19,11,0,5
39,24,6,20,6,0,5
39,23,6,20,7,0,5
39,22,6,20,8,0,5
39,21,6,20,9,0,5
39,20,6,20,10,0,5
39,24,6,21,5,0,5
39,23,6,21,6,0,5
39,22,6,21,7,0,5
39,21,6,21,8,0,5
39,20,6,21,9,0,5
39,23,6,22,5,0,5
39,22,6,22,6,0,5
39,21,6,22,7,0,5
39,20,6,22,8,0,5
39,22,6,23,5,0,5
39,21,6,23,6,0,5
39,20,6,23,7,0,5
39,26,6,24,0,0,5
39,21,6,24,5,0,5
39,20,6,24,6,0,5
39,25,6,25,0,0,5
39,20,6,25,5,0,5
39.2,25.8,6,24,0,0,5
39.2,24.8,6,25,0,0,5
39.4,24.6,6,25,0,0,5
38,23,6,18,9,1,5
38,22,6,18,10,1,5
38,21,6,18,11,1,5
38,23,6,19,8,1,5
38,22,6,19,9,1,5
38,21,6,19,10,1,5
38,20,6,19,11,1,5
38,23,6,20,7,1,5
38,22,6,20,8,1,5
38,21,6,20,9,1,5
38,20,6,20,10,1,5
38,23,6,21,6,1,5
38,22,6,21,7,1,5
38,21,6,21,8,1,5
38,20,6,21,9,1,5
38,23,6,22,5,1,5
38,22,6,22,6,1,5
38,21,6,22,7,1,5
38,20,6,22,8,1,5
38,22,6,23,5,1,5
38,21,6,23,6,1,5
38,20,6,23,7,1,5
38,26,6,24,0,1,5
38,21,6,24,5,1,5
38,20,6,24,6,1,5
38,25,6,25,0,1,5
38,20,6,25,5,1,5
38.2,24.8,6,25,0,1,5
37,21,6,19,10,2,5
37,22,6,20,8,2,5
37,21,6,20,9,2,5
37,20,6,20,10,2,5
37,22,6,21,7,2,5
37,21,6,21,8,2,5
37,20,6,21,9,2,5
37,23,6,22,5,2,5
37,22,6,22,6,2,5
37,21,6,22,7,2,5
37,20,6,22,8,2,5
37,22,6,23,5,2,5
37,21,6,23,6,2,5
37,20,6,23,7,2,5
37,26,6,24,0,2,5
37,21,6,24,5,2,5
37,20,6,24,6,2,5
37,25,6,25,0,2,5
37,20,6,25,5,2,5
37.2,24.8,6,25,0,2,5
36,25,6,25,0,3,5
36.2,24.8,6,25,0,3,5
35,25,6,25,0,4,5
38,23,7,18,9,0,5
38,22,7,18,10,0,5
38,21,7,18,11,0,5
38,20,7,18,12,0,5
38,23,7,19,8,0,5
38,22,7,19,9,0,5
38,21,7,19,10,0,5
38,20,7,19,11,0,5
38,24,7,20,6,0,5
38,23,7,20,7,0,5
38,22,7,20,8,0,5
38,21,7,20,9,0,5
38,20,7,20,10,0,5
38,24,7,21,5,0,5
38,23,7,21,6,0,5
38,22,7,21,7,0,5
38,21,7,21,8,0,5
38,20,7,21,9,0,5
38,23,7,22,5,0,5
38,22,7,22,6,0,5
38,21,7,22,7,0,5
38,20,7,22,8,0,5
38,22,7,23,5,0,5
38,21,7,23,6,0,5
38,20,7,23,7,0,5
38,21,7,24,5,0,5
38,20,7,24,6,0,5
38,25,7,25,0,0,5
38,20,7,25,5,0,5
38.2,24.8,7,25,0,0,5
37,22,7,19,9,1,5
37,21,7,19,10,1,5
37,22,7,20,8,1,5
37,21,7,20,9,1,5
37,20,7,20,10,1,5
37,22,7,21,7,1,5
37,21,7,21,8,1,5
37,20,7,21,9,1,5
37,23,7,22,5,1,5
37,22,7,22,6,1,5
37,21,7,22,7,1,5
37,20,7,22,8,1,5
37,22,7,23,5,1,5
37,21,7,23,6,1,5
37,20,7,23,7,1,5
37,21,7,24,5,1,5
37,20,7,24,6,1,5
37,25,7,25,0,1,5
37,20,7,25,5,1,5
37.2,24.8,7,25,0,1,5
36,20,7,20,10,2,5
36,25,7,25,0,2,5
37,20,8,18,12,0,5
37,21,8,19,10,0,5
37,20,8,19,11,0,5
37,21,8,20,9,0,5
37,20,8,20,10,0,5
37,24,8,21,5,0,5
37,23,8,21,6,0,5
37,22,8,21,7,0,5
37,21,8,21,8,0,5
37,20,8,21,9,0,5
37,23,8,22,5,0,5
37,22,8,22,6,0,5
37,21,8,22,7,0,5
37,20,8,22,8,0,5
37,22,8,23,5,0,5
37,21,8,23,6,0,5
37,20,8,23,7,0,5
37,21,8,24,5,0,5
37,20,8,24,6,0,5
37,25,8,25,0,0,5
37,20,8,25,5,0,5
36,22,8,21,7,1,5
36,20,8,21,9,1,5
36,22,8,22,6,1,5
36,21,8,22,7,1,5
36,20,8,22,8,1,5
36,22,8,23,5,1,5
36,21,8,23,6,1,5
36,20,8,23,7,1,5
36,21,8,24,5,1,5
36,20,8,24,6,1,5
36,25,8,25,0,1,5
36,20,8,25,5,1,5
35,25,8,25,0,2,5
36,20,9,20,10,0,5
36,23,9,21,6,0,5
36,22,9,21,7,0,5
36,21,9,21,8,0,5
36,20,9,21,9,0,5
36,23,9,22,5,0,5
36,22,9,22,6,0,5
36,21,9,22,7,0,5
36,20,9,22,8,0,5
36,22,9,23,5,0,5
36,21,9,23,6,0,5
36,20,9,23,7,0,5
36,21,9,24,5,0,5
36,20,9,24,6,0,5
36,25,9,25,0,0,5
36,20,9,25,5,0,5
35,20,9,22,8,1,5
35,25,9,25,0,1,5
35,20,10,21,9,0,5
35,23,10,22,5,0,5
35,22,10,22,6,0,5
35,21,10,22,7,0,5
35,20,10,22,8,0,5
35,22,10,23,5,0,5
35,21,10,23,6,0,5
35,20,10,23,7,0,5
35,21,10,24,5,0,5
35,20,10,24,6,0,5
35,20,10,25,5,0,5
34,21,11,22,7,0,5
34,20,11,22,8,0,5
34,22,11,23,5,0,5
34,21,11,23,6,0,5
34,20,11,23,7,0,5
34,21,11,24,5,0,5
34,20,11,24,6,0,5
34,20,11,25,5,0,5
33,22,12,23,5,0,5
33,21,12,24,5,0,5
33,20,12,25,5,0,5
