Ni,Ti,Cu,Hf,Zr,Pd,Co,Predicted Ms (C),Predicted Hysteresis (C),Predicted Enthalpy (J/g),predicted_transformation_strain
50,26,0,5,19,0,0,206.2762711,73.403735,28.19986,11.81101164
50,25,0,5,20,0,0,235.9177858,79.23659338,28.60692433,11.26495328
50,24,0,5,21,0,0,210.4496494,85.83090158,28.52097606,10.94587078
50,23,0,5,22,0,0,210.8771825,92.37923719,26.75531026,11.54928549
50,22,0,5,23,0,0,212.1710944,92.81184929,26.71840529,11.54928549
50,21,0,5,24,0,0,217.5743629,93.16577107,26.82829636,11.54928549
50,20,0,5,25,0,0,219.9101395,97.59184642,25.91717846,11.54928549
50,28,0,6,16,0,0,209.6794667,52.12269221,28.61481906,12.36509588
50,26,0,6,18,0,0,216.727682,73.97574959,28.42154306,11.81101164
50,25,0,6,19,0,0,210.2165258,79.44498384,28.66130224,11.26495328
50,24,0,6,20,0,0,216.9440694,85.33661441,29.14271543,10.94587078
50,23,0,6,21,0,0,207.8511545,91.94153049,28.24837307,11.54928549
50,22,0,6,22,0,0,216.029829,92.64233642,28.26061425,11.54928549
50,21,0,6,23,0,0,214.9567792,93.42269309,28.44257222,11.54928549
50,20,0,6,24,0,0,213.4616364,93.32400933,27.66599913,11.54928549
50,25,0,7,18,0,0,202.7518012,79.30366029,28.55325377,11.26495328
50,24,0,7,19,0,0,200.393483,84.97486935,29.68379823,10.94587078
50,21,0,7,22,0,0,211.6295689,92.90815026,28.48849767,11.54928549
50,20,0,7,23,0,0,208.7352174,93.36416612,28.00138927,11.54928549
50,28,0,8,14,0,0,202.4694153,52.76755358,28.27356989,11.35471999
50,26,0,8,16,0,0,209.5746523,66.04879558,27.46863351,11.81101164
50,25,0,8,17,0,0,200.1481008,80.07525856,28.77836578,11.26495328
50,24,0,8,18,0,0,212.8495482,79.95438743,30.0000903,10.94587078
50,23,0,8,19,0,0,207.9689031,84.3938666,29.53430571,11.54928549
50,22,0,8,20,0,0,220.1351361,92.01509318,29.58264282,11.54928549
50,21,0,8,21,0,0,218.3090321,91.97408353,29.85139891,11.54928549
50,20,0,8,22,0,0,222.792577,94.14536966,28.95146413,11.54928549
50,28,0,9,13,0,0,209.4769212,52.29203082,27.28576266,11.35471999
50,26,0,9,15,0,0,205.524562,64.13417366,28.26612788,11.68737853
50,25,0,9,16,0,0,210.9690362,76.0672887,28.03606961,11.26495328
50,24,0,9,17,0,0,207.7751982,80.61596723,27.86154098,10.94587078
50,23,0,9,18,0,0,209.466202,84.63867187,28.95791597,11.54928549
50,22,0,9,19,0,0,218.7019951,87.28554465,28.40375393,11.54928549
50,21,0,9,20,0,0,225.7691071,92.41654123,29.68379823,11.54928549
50,20,0,9,21,0,0,231.0083193,96.63270808,29.90229258,11.54928549
50,30,0,10,10,0,0,202.1322725,44.45988659,29.04486205,12.03031036
50,28,0,10,12,0,0,221.18208,50.00666106,27.03574791,11.35471999
50,27,0,10,13,0,0,224.5163207,59.22641315,27.51374636,12.42415444
50,26,0,10,14,0,0,241.2399527,63.09299236,28.24475126,11.68737853
50,25,0,10,15,0,0,252.152834,71.95862417,28.8640392,11.70590656
50,24,0,10,16,0,0,242.140611,81.23393915,28.95020902,10.94587078
50,23,0,10,17,0,0,249.632569,85.75012947,26.84423449,11.54928549
50,22,0,10,18,0,0,256.530441,87.6330662,26.52732019,11.54928549
50,21,0,10,19,0,0,251.5228278,93.69761568,28.92996534,11.54928549
50,20,0,10,20,0,0,277.1642117,94.87908775,28.18976657,11.54928549
50,28,0,11,11,0,0,208.7375578,50.46642746,27.66577651,11.35471999
50,27,0,11,12,0,0,227.6401765,58.09510886,29.00849775,12.42415444
50,26,0,11,13,0,0,230.6278092,65.89315811,27.8507357,11.68737853
50,25,0,11,14,0,0,238.0886729,70.97927244,28.10477177,11.70590656
50,24,0,11,15,0,0,233.9193519,79.73018394,29.01553345,10.94587078
50,23,0,11,16,0,0,264.1903724,81.68215302,28.6628322,11.54928549
50,22,0,11,17,0,0,267.5210307,88.7763707,27.87159748,11.54928549
50,21,0,11,18,0,0,276.7589328,96.76232892,26.52032399,11.54928549
50,20,0,11,19,0,0,274.6541699,97.08658868,26.59574326,11.54928549
50,28,0,12,10,0,0,211.350175,52.15035812,27.09863224,11.35471999
50,27,0,12,11,0,0,228.1976717,56.91393939,28.23670799,12.42415444
50,26,0,12,12,0,0,257.248445,63.95794294,28.62373965,11.68737853
50,25,0,12,13,0,0,250.1116458,74.06823864,27.67464145,11.70590656
50,24,0,12,14,0,0,274.3325775,75.88366099,28.72272718,10.94587078
50,23,0,12,15,0,0,285.9216629,84.22400476,28.83353292,11.54928549
50,22,0,12,16,0,0,305.3325036,89.5663269,29.04834608,11.54928549
50,21,0,12,17,0,0,302.8085086,88.23502091,28.40393604,11.54928549
50,20,0,12,18,0,0,309.808434,94.92936972,26.73741753,11.54928549
50,29,0,13,8,0,0,201.5457269,43.87897014,26.53262092,11.91676098
50,28,0,13,9,0,0,207.4212628,48.69841305,27.00374342,11.35471999
50,27,0,13,10,0,0,237.5876744,54.70858226,27.42509408,12.42415444
50,26,0,13,11,0,0,254.1125838,62.83757047,28.42918484,11.68737853
50,25,0,13,12,0,0,265.1619474,74.5476214,27.12598167,11.70590656
50,24,0,13,13,0,0,280.2661669,81.10833984,27.62769338,10.94587078
50,23,0,13,14,0,0,293.8745966,82.47437112,28.69605058,11.54928549
50,22,0,13,15,0,0,296.1388495,84.21354377,28.72892692,11.54928549
50,21,0,13,16,0,0,303.2045442,88.46293782,29.28035034,11.54928549
50,20,0,13,17,0,0,315.8674435,91.40591332,28.98695273,11.54928549
50,30,0,14,6,0,0,201.4515462,40.85298963,28.58569051,11.6088616
50,29,0,14,7,0,0,206.2904107,42.46216238,28.05920253,11.91676098
50,28,0,14,8,0,0,221.5991551,46.58176273,26.87382734,11.35471999
50,27,0,14,9,0,0,261.7657404,54.69930035,26.56512285,12.42415444
50,26,0,14,10,0,0,287.9360277,61.3930759,28.26484219,11.68737853
50,25,0,14,11,0,0,295.5067288,72.98342316,27.31172531,11.70590656
50,24,0,14,12,0,0,308.2373902,80.75279736,26.75679965,10.94587078
50,23,0,14,13,0,0,317.2806563,82.59815392,27.6600382,11.54928549
50,22,0,14,14,0,0,321.5595404,83.17573452,27.87347396,11.54928549
50,21,0,14,15,0,0,335.0649275,81.85507397,29.55937891,11.54928549
50,20,0,14,16,0,0,343.179465,86.49059016,28.89664312,11.54928549
50,30,0,15,5,0,0,212.0815671,41.08067372,28.25909928,11.6088616
50,29,0,15,6,0,0,207.0751089,42.88510939,29.37640654,11.91676098
50,28,0,15,7,0,0,213.5119289,45.55542751,28.4714378,11.35471999
50,27,0,15,8,0,0,259.5873389,51.89672869,27.4075596,12.36509588
50,26,0,15,9,0,0,290.0221183,56.81186194,27.15618896,11.46030734
50,25,0,15,10,0,0,309.5362612,64.58530581,27.16570434,11.70590656
50,24,0,15,11,0,0,306.5387756,79.42689591,26.39756086,10.94587078
50,23,0,15,12,0,0,318.3494195,78.86953442,27.43008118,11.54928549
50,22,0,15,13,0,0,324.4714667,77.38393939,28.26385261,11.54928549
50,21,0,15,14,0,0,333.0292074,82.69999686,27.6922745,11.54928549
50,20,0,15,15,0,0,357.5281107,85.01446535,27.62513143,11.54928549
50,29,0,16,5,0,0,201.5342141,40.56955376,30.12678272,11.91676098
50,28,0,16,6,0,0,216.651083,40.78163155,28.66234443,11.35471999
50,27,0,16,7,0,0,245.7439845,47.26674517,28.92815158,12.36509588
50,26,0,16,8,0,0,294.528746,52.48029462,29.23606054,11.46030734
50,25,0,16,9,0,0,304.6084354,60.82673467,28.11024152,11.81101164
50,24,0,16,10,0,0,323.236836,72.00209952,25.84468523,10.94587078
50,23,0,16,11,0,0,332.4818092,77.30712775,25.55392008,11.54928549
50,22,0,16,12,0,0,334.1693276,79.63649726,27.17408912,11.54928549
50,21,0,16,13,0,0,335.9056791,80.95510074,27.62579311,11.54928549
50,20,0,16,14,0,0,361.5616789,82.12418082,27.94954943,11.54928549
50,28,0,17,5,0,0,228.8359375,39.6833027,29.74576004,11.35471999
50,27,0,17,6,0,0,246.7751409,45.89484826,29.83486853,12.36509588
50,26,0,17,7,0,0,306.0736148,49.06058645,30.02295218,11.46030734
50,25,0,17,8,0,0,306.3808937,54.28466403,30.84736101,11.81101164
50,24,0,17,9,0,0,317.326781,69.40377771,27.71163529,11.26495328
50,23,0,17,10,0,0,330.687477,69.79027956,26.37372128,11.54928549
50,22,0,17,11,0,0,339.327985,70.94523482,26.31169623,11.54928549
50,21,0,17,12,0,0,359.3879429,79.66062381,26.33566688,11.54928549
50,20,0,17,13,0,0,360.0626088,83.19834191,27.07898121,11.54928549
50,27,0,18,5,0,0,277.9093448,46.19385572,30.55038567,12.36509588
50,26,0,18,6,0,0,314.2826916,49.21241345,30.31845356,11.46030734
50,25,0,18,7,0,0,316.4721498,50.50860981,31.02907089,11.81101164
50,24,0,18,8,0,0,338.0806386,63.53799293,28.19365584,11.26495328
50,23,0,18,9,0,0,342.9007084,68.92736465,28.56513936,10.94587078
50,22,0,18,10,0,0,350.1443856,70.24164414,28.92712734,11.54928549
50,21,0,18,11,0,0,365.0405433,76.42314357,26.70461629,11.54928549
50,20,0,18,12,0,0,371.117307,84.45902306,26.39323624,11.54928549
50,26,0,19,5,0,0,317.8236227,48.34047037,30.99214275,11.46030734
50,25,0,19,6,0,0,348.7354675,48.48647999,31.557164,11.81101164
50,24,0,19,7,0,0,354.2949307,59.9862634,29.66920151,11.26495328
50,23,0,19,8,0,0,367.6941824,66.82615292,28.27339675,10.94587078
50,22,0,19,9,0,0,377.9676488,70.35513324,29.49990996,11.54928549
50,21,0,19,10,0,0,391.3770649,76.68071562,29.19707125,11.54928549
50,20,0,19,11,0,0,390.6920339,82.38582175,28.89929845,11.54928549
50,25,0,20,5,0,0,393.627202,48.50610268,31.58647737,11.81101164
50,24,0,20,6,0,0,389.9247906,61.10721692,31.81717546,11.26495328
50,23,0,20,7,0,0,392.2488381,63.44602586,29.4848065,10.94587078
50,22,0,20,8,0,0,380.4421012,71.243464,29.21774251,11.54928549
50,21,0,20,9,0,0,392.2250072,74.90518798,29.00508137,11.54928549
50,20,0,20,10,0,0,398.7752472,80.84365603,28.93779697,11.54928549
50,24,0,21,5,0,0,392.7938518,67.84278841,32.20708875,11.26495328
50,23,0,21,6,0,0,401.2960943,68.05600496,30.54809684,10.94587078
50,22,0,21,7,0,0,402.3996409,70.80192149,29.15449202,11.54928549
50,21,0,21,8,0,0,411.4931668,75.45141962,29.32022449,11.54928549
50,20,0,21,9,0,0,402.2600492,79.04107806,29.21063437,11.54928549
50,23,0,22,5,0,0,433.8190572,70.01098981,30.17376872,10.94587078
50,22,0,22,6,0,0,452.286096,70.58344227,29.82140075,11.54928549
50,21,0,22,7,0,0,453.6371653,74.21053142,31.01846244,11.54928549
50,20,0,22,8,0,0,437.7149888,77.69221244,29.64164079,11.54928549
50,22,0,23,5,0,0,445.8575485,73.13093185,30.50980847,11.54928549
50,21,0,23,6,0,0,452.8141258,74.56273226,30.67728931,11.54928549
50,20,0,23,7,0,0,452.0614401,80.17804266,30.52418633,11.54928549
50,21,0,24,5,0,0,465.4514773,78.02595185,31.87092987,11.54928549
50,20,0,24,6,0,0,469.4152922,81.71334389,30.94894514,11.54928549
50,20,0,25,5,0,0,469.1961301,82.14341064,32.23708603,11.54928549
50.2,26.8,0,18,5,0,0,221.8338553,45.39607789,25.65551748,12.36509588
49,21,0,9,20,1,0,203.6937968,92.00778977,20.59546115,11.54928549
49,20,0,9,21,1,0,221.2179104,99.31906261,21.16158031,11.54928549
49,23,0,10,17,1,0,200.1016635,86.13737385,20.83857614,11.54928549
49,22,0,10,18,1,0,213.805745,86.73191063,20.74606739,11.54928549
49,21,0,10,19,1,0,212.7258591,94.82409384,20.0290124,11.54928549
49,20,0,10,20,1,0,213.8590788,94.8596063,20.40306403,11.54928549
49,24,0,11,15,1,0,207.2543028,85.89959957,23.57734918,10.94587078
49,23,0,11,16,1,0,216.8028192,88.03893732,22.62671272,11.54928549
49,22,0,11,17,1,0,232.1679843,88.45881102,20.58407509,11.54928549
49,21,0,11,18,1,0,247.2840346,88.72414545,21.07151069,11.54928549
49,20,0,11,19,1,0,258.6146515,97.19833288,20.76990926,11.54928549
49,25,0,12,13,1,0,208.9458884,73.88199043,23.84550649,11.70590656
49,24,0,12,14,1,0,220.8604525,80.70422674,23.88666464,10.94587078
49,23,0,12,15,1,0,233.6718609,87.25466053,23.86821186,11.54928549
49,22,0,12,16,1,0,251.2517696,88.59890679,22.88037172,11.54928549
49,21,0,12,17,1,0,261.1864185,88.70463504,21.41849797,11.54928549
49,20,0,12,18,1,0,265.9215727,92.8528594,20.58557235,11.54928549
49,26,0,13,11,1,0,201.7411152,72.58739848,24.3463227,11.46030734
49,25,0,13,12,1,0,220.127799,75.88010843,22.97714466,11.81101164
49,24,0,13,13,1,0,228.4970885,82.2675809,22.84232034,11.26495328
49,23,0,13,14,1,0,258.7706282,89.07386346,23.40806052,11.54928549
49,22,0,13,15,1,0,268.4900257,87.05338113,23.88257163,11.54928549
49,21,0,13,16,1,0,275.9930841,87.77310581,23.68851196,11.54928549
49,20,0,13,17,1,0,274.6004162,92.26414621,22.23676494,11.54928549
49,26,0,14,10,1,0,216.1161586,69.37732462,23.03483012,11.46030734
49,25,0,14,11,1,0,234.7489184,74.52291737,22.80758435,11.81101164
49,24,0,14,12,1,0,257.7468162,82.20943891,22.72377375,11.26495328
49,23,0,14,13,1,0,274.3426744,78.96732282,23.96422687,10.94587078
49,22,0,14,14,1,0,280.2949112,87.084468,23.77351066,11.54928549
49,21,0,14,15,1,0,278.9266131,85.1960965,23.4018499,11.54928549
49,20,0,14,16,1,0,281.6255081,85.65156837,23.98239789,11.54928549
49,26,0,15,9,1,0,219.5937865,64.59789647,23.26511128,11.46030734
49,25,0,15,10,1,0,254.4685031,70.80258433,21.9483393,11.81101164
49,24,0,15,11,1,0,269.1529669,81.32716419,21.20714154,11.26495328
49,23,0,15,12,1,0,273.4530744,79.2297022,23.38702295,10.94587078
49,22,0,15,13,1,0,278.6242058,81.70828822,23.64405488,11.54928549
49,21,0,15,14,1,0,282.2840578,86.73907678,23.79714401,11.54928549
49,20,0,15,15,1,0,284.681188,88.71949903,23.36287219,11.54928549
49,26,0,16,8,1,0,223.382352,58.69870914,25.39288962,11.46030734
49,25,0,16,9,1,0,260.3653104,68.8410494,24.13434661,11.81101164
49,24,0,16,10,1,0,277.8655646,73.59275175,21.5403109,11.26495328
49,23,0,16,11,1,0,276.1278156,74.79865267,22.08202458,10.94587078
49,22,0,16,12,1,0,285.6871037,81.19751442,22.39964245,11.54928549
49,21,0,16,13,1,0,291.2915822,85.14762784,23.11295713,11.54928549
49,20,0,16,14,1,0,300.6703925,86.71647616,23.82985093,11.54928549
49,27,0,17,6,1,0,204.0091277,50.27162113,26.04464943,11.35471999
49,26,0,17,7,1,0,231.7223687,53.72842223,25.8255555,11.46030734
49,25,0,17,8,1,0,271.7941705,61.74377661,25.47969468,11.81101164
49,24,0,17,9,1,0,280.8251144,69.28716971,23.91870319,11.26495328
49,23,0,17,10,1,0,289.1808773,73.93470508,24.08260205,10.94587078
49,22,0,17,11,1,0,286.9920072,73.90369326,22.61966468,11.54928549
49,21,0,17,12,1,0,294.7166308,82.50868877,21.95002989,11.54928549
49,20,0,17,13,1,0,310.4656168,88.04084974,22.6958088,11.54928549
49,27,0,18,5,1,0,214.8947063,48.79925927,27.21172283,11.35471999
49,26,0,18,6,1,0,244.1051507,53.36127787,26.82580487,12.42415444
49,25,0,18,7,1,0,275.4391752,54.91101922,26.42568976,11.81101164
49,24,0,18,8,1,0,291.0773439,63.68563755,24.12595484,11.26495328
49,23,0,18,9,1,0,302.0084634,72.90926368,24.55206711,10.94587078
49,22,0,18,10,1,0,294.1570969,74.15156681,24.13656117,11.54928549
49,21,0,18,11,1,0,304.68161,78.3422137,24.01787767,11.54928549
49,20,0,18,12,1,0,332.1029435,85.66507764,22.54644522,11.54928549
49,26,0,19,5,1,0,250.9661167,51.21377461,28.29510624,12.42415444
49,25,0,19,6,1,0,286.6908047,54.5207039,27.41713925,11.68737853
49,24,0,19,7,1,0,314.2105768,58.18984304,25.39610074,11.70590656
49,23,0,19,8,1,0,307.9676934,66.97587974,24.20458489,10.94587078
49,22,0,19,9,1,0,311.1982952,78.09478487,24.5609855,11.54928549
49,21,0,19,10,1,0,313.3371593,81.45511427,25.13318616,11.54928549
49,20,0,19,11,1,0,335.4253043,84.42610515,24.4789798,11.54928549
49,25,0,20,5,1,0,326.6115382,55.3367423,29.93013397,11.68737853
49,24,0,20,6,1,0,348.2812868,57.72321081,27.26049906,11.70590656
49,23,0,20,7,1,0,346.113619,69.09686623,24.95518647,10.94587078
49,22,0,20,8,1,0,349.1670625,72.18587053,25.11221862,11.54928549
49,21,0,20,9,1,0,347.9137098,76.3803447,25.03885128,11.54928549
49,20,0,20,10,1,0,361.0043353,82.57429381,24.89646803,11.54928549
49,29,0,21,0,1,0,211.4327092,44.98667486,27.39384657,12.03031036
49,24,0,21,5,1,0,367.0342996,62.90474622,27.75195415,11.70590656
49,23,0,21,6,1,0,370.5626453,67.79673145,26.92446875,10.94587078
49,22,0,21,7,1,0,368.1236687,72.96683957,26.77624826,11.54928549
49,21,0,21,8,1,0,360.6421261,73.142299,25.48406504,11.54928549
49,20,0,21,9,1,0,374.1927868,84.23082358,24.85550582,11.54928549
49,28,0,22,0,1,0,243.6832852,45.24980535,30.57964599,11.91676098
49,23,0,22,5,1,0,377.0815095,69.74104463,25.12293066,10.94587078
49,22,0,22,6,1,0,382.9818087,72.57009443,27.84281854,11.54928549
49,21,0,22,7,1,0,387.9948795,74.2655145,27.18598263,11.54928549
49,20,0,22,8,1,0,390.0058637,76.45130863,26.09450433,11.54928549
49,27,0,23,0,1,0,313.0801487,61.13967199,31.06108119,11.35471999
49,22,0,23,5,1,0,393.7363671,72.11088818,25.35209354,11.54928549
49,21,0,23,6,1,0,396.1922388,80.35028819,27.57710159,11.54928549
49,20,0,23,7,1,0,400.9778861,80.5070383,27.74135134,11.54928549
49,26,0,24,0,1,0,330.1850834,67.18068942,30.08269828,12.36509588
49,21,0,24,5,1,0,422.3618871,80.04977271,26.30977238,11.54928549
49,20,0,24,6,1,0,434.4245333,79.09297092,25.96395624,11.54928549
49,25,0,25,0,1,0,350.0524504,72.6955201,29.70264674,11.46030734
49,20,0,25,5,1,0,439.4057625,83.00911482,27.19269131,11.54928549
48,20,0,8,22,2,0,201.3463609,98.62362708,18.81599857,11.54928549
48,24,0,10,16,2,0,204.8658938,89.78381777,19.74454221,11.26495328
48,22,0,10,18,2,0,206.5319684,93.05307035,19.75224925,11.54928549
48,20,0,10,20,2,0,238.2395545,100.9789023,18.94825969,11.54928549
48,22,0,11,17,2,0,211.7798652,93.40128391,20.06779083,11.54928549
48,21,0,11,18,2,0,234.6580779,93.17748099,20.19979524,11.54928549
48,20,0,11,19,2,0,247.8375832,103.4586308,19.04003738,11.54928549
48,24,0,12,14,2,0,222.0656043,84.31201837,22.40196239,11.26495328
48,23,0,12,15,2,0,214.3259695,89.60821365,22.08133288,10.94587078
48,22,0,12,16,2,0,230.3993352,89.20115913,21.37066919,11.54928549
48,21,0,12,17,2,0,239.253431,94.88574528,19.54005434,11.54928549
48,20,0,12,18,2,0,268.1194326,99.15396949,20.09597878,11.54928549
48,25,0,13,12,2,0,212.6055324,80.56651539,21.1834499,11.81101164
48,24,0,13,13,2,0,220.7054296,81.90963299,21.36029319,11.26495328
48,23,0,13,14,2,0,229.1001093,90.37007171,21.74798527,10.94587078
48,22,0,13,15,2,0,248.0049878,89.55508971,21.96700645,11.54928549
48,21,0,13,16,2,0,261.171391,88.57959528,21.61367006,11.54928549
48,20,0,13,17,2,0,270.0294624,97.12414221,19.56562853,11.54928549
48,24,0,14,12,2,0,229.6216521,81.68609718,21.76305928,11.26495328
48,23,0,14,13,2,0,237.3369155,86.72996179,21.85537814,10.94587078
48,22,0,14,14,2,0,257.3467411,88.83475929,21.67432596,11.54928549
48,21,0,14,15,2,0,258.7759695,88.22978738,22.2312228,11.54928549
48,20,0,14,16,2,0,272.2840387,87.1341292,22.13222316,11.54928549
48,24,0,15,11,2,0,229.3416955,75.093042,20.28153788,11.26495328
48,23,0,15,12,2,0,251.1996176,83.63191243,21.25094825,10.94587078
48,22,0,15,13,2,0,264.0943523,87.06991439,21.82093898,11.54928549
48,21,0,15,14,2,0,263.1472092,89.33313841,21.65751169,11.54928549
48,20,0,15,15,2,0,278.1907694,89.14056883,21.83772348,11.54928549
48,24,0,16,10,2,0,250.0723945,74.09519693,21.71911568,11.70590656
48,23,0,16,11,2,0,256.8393956,76.81085426,20.85554852,10.94587078
48,22,0,16,12,2,0,257.2361873,89.31147975,20.78278581,11.54928549
48,21,0,16,13,2,0,271.6685519,88.98742952,21.64455207,11.54928549
48,20,0,16,14,2,0,282.8986029,89.31126634,21.54589768,11.54928549
48,25,0,17,8,2,0,220.9072227,68.7532531,22.97615153,11.68737853
48,24,0,17,9,2,0,253.2174472,69.11366846,22.79657831,11.70590656
48,23,0,17,10,2,0,259.8528122,78.03449667,22.57621922,10.94587078
48,22,0,17,11,2,0,271.2901074,77.36748998,21.27307737,11.54928549
48,21,0,17,12,2,0,274.4739035,86.89687157,21.17684773,11.54928549
48,20,0,17,13,2,0,286.0781492,91.62878786,20.58799486,11.54928549
48,26,0,18,6,2,0,205.3804356,62.36613162,23.88262991,12.42415444
48,25,0,18,7,2,0,229.3550492,63.1772386,22.77844995,11.68737853
48,24,0,18,8,2,0,255.0088675,65.56449788,21.22799669,11.70590656
48,23,0,18,9,2,0,278.1916256,76.82504351,23.34911372,10.94587078
48,22,0,18,10,2,0,280.3021769,76.74434192,23.47220185,11.54928549
48,21,0,18,11,2,0,275.6041598,86.7722529,23.08867912,11.54928549
48,20,0,18,12,2,0,303.0096512,88.51382226,21.15335047,11.54928549
48,26,0,19,5,2,0,218.5675463,61.47943175,24.9950089,12.42415444
48,25,0,19,6,2,0,237.639204,57.91136828,24.42446116,11.68737853
48,24,0,19,7,2,0,251.3725474,65.33904842,21.66956098,11.70590656
48,23,0,19,8,2,0,296.2433798,74.73831674,22.17582194,10.94587078
48,22,0,19,9,2,0,302.2163421,80.61398689,23.45196755,11.54928549
48,21,0,19,10,2,0,292.1528965,81.97273821,23.37884484,11.54928549
48,20,0,19,11,2,0,305.9496711,89.15096278,23.48888509,11.54928549
48,25,0,20,5,2,0,256.6432507,58.03650843,25.1376167,11.68737853
48,24,0,20,6,2,0,284.3653549,62.6455774,22.46838897,11.70590656
48,23,0,20,7,2,0,295.3562052,77.12812015,21.76280848,10.94587078
48,22,0,20,8,2,0,306.4407837,78.38387522,22.11270196,11.54928549
48,21,0,20,9,2,0,310.3123355,79.85349185,21.77487025,11.54928549
48,20,0,20,10,2,0,323.4344204,83.87857668,23.45918866,11.54928549
48,29,0,21,0,2,0,200.3558419,44.39826212,28.79292884,11.6088616
48,24,0,21,5,2,0,302.5813923,64.41272083,23.47733478,11.70590656
48,23,0,21,6,2,0,321.5599296,74.20353188,22.62887449,10.94587078
48,22,0,21,7,2,0,326.5605938,78.57288232,22.75731649,11.54928549
48,21,0,21,8,2,0,336.60021,80.34642707,22.17041662,11.54928549
48,20,0,21,9,2,0,344.6655168,83.96351362,22.30261214,11.54928549
48,28,0,22,0,2,0,226.3803351,49.83415387,31.03896306,11.91676098
48,23,0,22,5,2,0,325.411577,70.54202923,23.60521698,10.94587078
48,22,0,22,6,2,0,344.1629192,76.52203273,24.0063129,11.54928549
48,21,0,22,7,2,0,356.5961202,80.99503394,23.46908692,11.54928549
48,20,0,22,8,2,0,370.7288227,82.7194765,22.69348251,11.54928549
48,27,0,23,0,2,0,253.512632,62.42747374,29.51839706,11.35471999
48,22,0,23,5,2,0,333.9507988,77.90256002,24.16768971,10.94587078
48,21,0,23,6,2,0,356.4688585,82.40631255,24.45351873,11.54928549
48,20,0,23,7,2,0,379.7282191,83.43558401,23.90942069,11.54928549
48,26,0,24,0,2,0,289.3651407,71.15209856,29.96539962,12.36509588
48,21,0,24,5,2,0,375.0337362,83.62276742,25.23514479,11.54928549
48,20,0,24,6,2,0,398.0683146,83.00412602,24.4633795,11.54928549
48,25,0,25,0,2,0,309.5059551,73.09735057,30.03762186,11.46030734
48,20,0,25,5,2,0,403.0812397,83.61168084,25.65422295,11.54928549
47,20,0,12,18,3,0,220.5361709,101.3608311,19.28574662,11.54928549
47,21,0,13,16,3,0,210.5455396,95.91909207,19.75267813,11.54928549
47,20,0,13,17,3,0,226.6186767,93.63319625,18.71267556,11.54928549
47,22,0,14,14,3,0,202.8509464,94.50661466,21.36534561,11.54928549
47,21,0,14,15,3,0,222.8085817,94.51097478,20.88963773,11.54928549
47,20,0,14,16,3,0,229.0668922,96.2289067,20.01024304,11.54928549
47,23,0,15,12,3,0,217.8595177,83.30599812,19.95874659,10.94587078
47,22,0,15,13,3,0,230.6097248,93.45280242,20.82564484,11.54928549
47,21,0,15,14,3,0,238.3316334,96.04000594,20.37573567,11.54928549
47,20,0,15,15,3,0,236.1729202,96.67087108,20.73744414,11.54928549
47,23,0,16,11,3,0,226.9078373,76.73333923,19.97597765,10.94587078
47,22,0,16,12,3,0,233.882312,90.2238214,19.94715047,11.54928549
47,21,0,16,13,3,0,241.5508967,95.58212307,20.6370468,11.54928549
47,20,0,16,14,3,0,252.219821,96.70726166,20.20978135,11.54928549
47,24,0,17,9,3,0,201.8306409,71.23791799,21.34867145,11.70590656
47,23,0,17,10,3,0,236.6173967,74.28605242,21.80720506,10.94587078
47,22,0,17,11,3,0,245.0286418,82.0316315,21.79767956,11.54928549
47,21,0,17,12,3,0,249.1124217,95.6318584,19.74401742,11.54928549
47,20,0,17,13,3,0,257.118357,97.23177268,20.34719582,11.54928549
47,24,0,18,8,3,0,209.6124229,68.82509172,21.09742177,11.81101164
47,23,0,18,9,3,0,227.4960521,71.70668746,21.75180406,10.94587078
47,22,0,18,10,3,0,250.4515016,85.8369925,21.91388325,11.54928549
47,21,0,18,11,3,0,251.7572576,90.64932711,22.04225106,11.54928549
47,20,0,18,12,3,0,250.1900261,93.42280346,21.62555284,11.54928549
47,25,0,19,6,3,0,209.8201838,67.55694486,21.81326094,11.46030734
47,24,0,19,7,3,0,233.4941576,68.0292449,20.96250043,11.81101164
47,23,0,19,8,3,0,242.4872406,71.25114349,21.62734159,11.26495328
47,22,0,19,9,3,0,264.3495199,80.63509761,21.58196645,11.54928549
47,21,0,19,10,3,0,264.2023324,86.07927987,21.39654493,11.54928549
47,20,0,19,11,3,0,251.037963,91.57239405,22.0583061,11.54928549
47,25,0,20,5,3,0,239.294227,65.85900706,23.92170938,11.46030734
47,24,0,20,6,3,0,250.8482095,71.6188118,21.33179351,11.81101164
47,23,0,20,7,3,0,268.4488375,72.49436981,22.11211793,11.26495328
47,22,0,20,8,3,0,294.0042127,79.8044654,21.35618166,10.94587078
47,21,0,20,9,3,0,280.8229662,81.56947777,21.75427201,11.54928549
47,20,0,20,10,3,0,273.2922267,89.8387511,21.17900982,11.54928549
47,24,0,21,5,3,0,279.1474143,70.58628396,22.47563647,11.81101164
47,23,0,21,6,3,0,274.9017042,70.94448363,22.33129287,11.26495328
47,22,0,21,7,3,0,295.4531162,80.32934647,22.10688628,10.94587078
47,21,0,21,8,3,0,305.7809919,79.8563974,22.06469939,11.54928549
47,20,0,21,9,3,0,297.5472688,81.95596761,21.47613742,11.54928549
47,28,0,22,0,3,0,210.9031464,52.09389201,30.03269022,12.03031036
47,23,0,22,5,3,0,281.1216543,71.11123358,23.16295324,11.26495328
47,22,0,22,6,3,0,307.7776526,81.80326598,23.4923499,10.94587078
47,21,0,22,7,3,0,307.8671023,83.96540459,22.39002751,11.54928549
47,20,0,22,8,3,0,310.2557675,86.34633511,22.20064076,11.54928549
47,27,0,23,0,3,0,224.9625779,65.42394188,29.06754182,11.91676098
47,22,0,23,5,3,0,302.0763581,84.03613049,24.51654324,10.94587078
47,21,0,23,6,3,0,324.8761339,85.6027046,23.26915179,11.54928549
47,20,0,23,7,3,0,337.5550803,85.32150575,22.79466622,11.54928549
47,26,0,24,0,3,0,263.2293425,69.22508884,28.57896756,11.35471999
47,21,0,24,5,3,0,341.3123011,84.98322433,24.59674507,11.54928549
47,20,0,24,6,3,0,337.618772,87.33233762,24.51481414,11.54928549
47,25,0,25,0,3,0,282.6701937,70.61342177,28.74843495,12.42415444
47,20,0,25,5,3,0,355.0623446,86.77687736,24.96559913,11.54928549
46,20,0,14,16,4,0,204.3580692,97.17638498,16.07139729,11.54928549
46,21,0,15,14,4,0,201.9670976,100.0711837,17.48893057,11.54928549
46,20,0,15,15,4,0,210.5381221,97.8268681,17.00194205,11.54928549
46,21,0,16,13,4,0,210.5984283,100.527853,17.34441862,11.54928549
46,20,0,16,14,4,0,211.4496536,99.33068494,17.66744993,11.54928549
46,21,0,17,12,4,0,217.8071271,99.36154674,20.66388043,11.54928549
46,20,0,17,13,4,0,230.0966012,96.99445235,18.27489261,11.54928549
46,22,0,18,10,4,0,209.924036,88.78499329,21.62414907,10.94587078
46,21,0,18,11,4,0,238.9966209,94.11509505,21.55230459,11.54928549
46,20,0,18,12,4,0,229.9885055,97.4854299,21.12750701,11.54928549
46,24,0,19,7,4,0,214.0611136,75.05476998,19.88903414,11.81101164
46,23,0,19,8,4,0,222.0903389,80.51031096,20.76841598,11.26495328
46,22,0,19,9,4,0,240.8164019,87.07335645,20.73909937,10.94587078
46,21,0,19,10,4,0,250.6243329,92.57791716,21.13720879,11.54928549
46,20,0,19,11,4,0,248.2473047,97.77144082,20.8273492,11.54928549
46,25,0,20,5,4,0,209.2027503,70.95128345,19.98743146,12.42415444
46,24,0,20,6,4,0,225.0994925,71.07638947,19.46598276,11.81101164
46,23,0,20,7,4,0,238.9105578,78.25816029,20.67107601,11.26495328
46,22,0,20,8,4,0,242.1109867,83.10767977,20.84366433,10.94587078
46,21,0,20,9,4,0,263.6952549,90.04460508,20.89409404,11.54928549
46,20,0,20,10,4,0,248.1508063,95.58498638,21.0625307,11.54928549
46,24,0,21,5,4,0,248.3927034,73.25956162,20.15677677,11.68737853
46,23,0,21,6,4,0,258.006436,72.76283245,20.63999265,11.70590656
46,22,0,21,7,4,0,266.8248264,81.79521314,20.84349035,10.94587078
46,21,0,21,8,4,0,285.36053,89.89856647,20.79774497,11.54928549
46,20,0,21,9,4,0,262.0916491,90.62974743,21.22920708,11.54928549
46,28,0,22,0,4,0,206.6980284,56.17485429,26.51073202,12.03031036
46,23,0,22,5,4,0,263.4239517,72.2333225,22.49048679,11.70590656
46,22,0,22,6,4,0,267.9271807,81.20271776,20.78398794,10.94587078
46,21,0,22,7,4,0,280.6705945,89.12779357,20.55994186,11.54928549
46,20,0,22,8,4,0,288.0206197,94.36795707,20.96360397,11.54928549
46,27,0,23,0,4,0,213.7614854,64.99966585,26.73721619,11.91676098
46,22,0,23,5,4,0,277.9543838,82.29370533,23.19863044,10.94587078
46,21,0,23,6,4,0,274.9048581,89.81492107,22.09903897,11.54928549
46,20,0,23,7,4,0,289.4559322,90.12103813,20.86844962,11.54928549
46,26,0,24,0,4,0,240.2615154,67.49091678,26.37822868,11.35471999
46,21,0,24,5,4,0,282.6279641,91.19446244,23.52558421,11.54928549
46,20,0,24,6,4,0,302.3954991,87.85937145,22.90689209,11.54928549
46,25,0,25,0,4,0,262.1360817,66.16944121,25.14308176,12.42415444
46,20,0,25,5,4,0,324.3646699,86.67815274,24.88896751,11.54928549
45,20,0,17,13,5,0,203.4308503,99.35060031,19.19885873,11.54928549
45,20,0,18,12,5,0,217.5163142,98.99676505,21.84833146,11.54928549
45,22,0,19,9,5,0,203.242007,84.07048527,19.76493358,10.94587078
45,21,0,19,10,5,0,208.037227,88.03372501,19.54669896,11.54928549
45,20,0,19,11,5,0,227.6678564,98.47473373,19.74991088,11.54928549
45,24,0,20,6,5,0,200.0232283,83.09248202,18.84863857,11.68737853
45,23,0,20,7,5,0,211.7262348,82.14825197,20.02477323,11.70590656
45,22,0,20,8,5,0,224.934785,84.49000028,20.06360222,10.94587078
45,21,0,20,9,5,0,228.4165752,87.18673901,19.87891709,11.54928549
45,20,0,20,10,5,0,241.5458809,98.49388013,19.90035753,11.54928549
45,24,0,21,5,5,0,212.4690621,81.63198529,19.44513512,11.68737853
45,23,0,21,6,5,0,232.016582,81.09738846,19.88297518,11.70590656
45,22,0,21,7,5,0,240.3756083,82.32928958,19.88202213,10.94587078
45,21,0,21,8,5,0,241.1872173,86.3476083,20.12449608,11.54928549
45,20,0,21,9,5,0,248.0279543,93.33246729,20.07235588,11.54928549
45,23,0,22,5,5,0,241.8712489,80.72018242,21.04455099,11.70590656
45,22,0,22,6,5,0,237.0897955,82.18303081,20.2302717,10.94587078
45,21,0,22,7,5,0,250.2548515,91.34706812,20.12698474,11.54928549
45,20,0,22,8,5,0,254.8207632,95.37679623,20.26423951,11.54928549
45,27,0,23,0,5,0,201.790067,65.95483193,23.03357553,11.91676098
45,22,0,23,5,5,0,258.9007644,83.70312174,21.61004314,10.94587078
45,21,0,23,6,5,0,257.9681182,90.41927536,21.04011967,11.54928549
45,20,0,23,7,5,0,262.2458271,94.65521941,20.62980262,11.54928549
45,21,0,24,5,5,0,261.7986203,89.08029683,22.80197174,11.54928549
45,20,0,24,6,5,0,264.5635396,94.59025532,21.1242132,11.54928549
45,25,0,25,0,5,0,243.0410182,61.89043819,22.38152967,12.36509588
45,20,0,25,5,5,0,282.4955591,97.66309904,24.01730769,11.54928549
44,21,0,20,9,6,0,205.2639341,86.17648171,18.53719508,11.54928549
44,20,0,20,10,6,0,213.8039705,90.9455068,17.27389746,11.54928549
44,22,0,21,7,6,0,215.0197902,86.92934712,17.21798028,11.26495328
44,21,0,21,8,6,0,217.4572127,86.00116512,18.66268333,11.54928549
44,20,0,21,9,6,0,224.8797674,90.99105274,18.61902438,11.54928549
44,23,0,22,5,6,0,212.9971359,81.11542416,17.3498045,11.81101164
44,22,0,22,6,6,0,228.3127569,87.92676563,17.98571024,11.26495328
44,21,0,22,7,6,0,230.7769172,90.26764069,17.02495481,10.94587078
44,20,0,22,8,6,0,234.4403358,92.19224912,17.57158608,11.54928549
44,22,0,23,5,6,0,228.1199144,83.34044721,17.83878964,11.26495328
44,21,0,23,6,6,0,231.2466734,94.61142915,17.70032768,10.94587078
44,20,0,23,7,6,0,254.5037874,92.08402178,17.60920122,11.54928549
44,21,0,24,5,6,0,248.618034,92.90154524,19.81157923,10.94587078
44,20,0,24,6,6,0,249.5207374,96.11388169,18.22931046,11.54928549
44,25,0,25,0,6,0,214.8708495,66.8335764,19.17144827,11.35471999
44,20,0,25,5,6,0,251.8607657,98.44112714,20.03342687,11.54928549
43,20,0,20,10,7,0,207.2852598,90.68599693,12.25088781,11.54928549
43,20,0,21,9,7,0,201.8675369,92.09616968,13.88949686,11.54928549
43,21,0,22,7,7,0,201.2974274,95.36630699,14.74001816,10.94587078
43,20,0,22,8,7,0,212.9784143,92.15267748,14.0431688,11.54928549
43,21,0,23,6,7,0,221.5101314,95.4638432,15.11830251,10.94587078
43,20,0,23,7,7,0,226.344514,98.5068195,15.00486857,11.54928549
43,21,0,24,5,7,0,232.2160237,94.60063801,17.06756116,10.94587078
43,20,0,24,6,7,0,235.8631498,97.77534401,16.6942996,11.54928549
43,20,0,25,5,7,0,235.4580038,96.02183245,17.88551328,11.54928549
42,20,0,23,7,8,0,206.9054571,97.60294193,13.48478373,11.54928549
42,21,0,24,5,8,0,212.1143726,92.34597256,15.81786892,10.94587078
42,20,0,24,6,8,0,227.8662629,95.60452442,16.04176767,11.54928549
42,20,0,25,5,8,0,217.9439033,95.25603144,16.72499578,11.54928549
41,21,0,24,5,9,0,202.3312474,87.70102256,16.2967119,11.26495328
41,20,0,25,5,9,0,209.0236662,89.41670678,16.94403073,10.94587078
41.2,21.8,0,22,6,9,0,208.6881054,87.55218064,9.79514828,11.70590656
41.2,20.8,0,23,6,9,0,225.1583281,88.41801087,13.64473842,10.94587078
40,20,0,25,5,10,0,207.4413985,91.58933204,16.33817951,10.94587078
35,32,0,18,0,15,0,202.8121535,58.75019614,17.43513182,9.610361387
34,33,0,17,0,16,0,224.6064345,61.60975432,19.7010473,11.84487948
34,32,0,18,0,16,0,222.5098253,61.86972603,18.09248851,9.610361387
34,31,0,19,0,16,0,207.2769275,62.41890205,18.03328056,8.929707055
34,30,0,20,0,16,0,218.3950393,67.67101168,17.89110116,9.970194159
34,29,0,21,0,16,0,202.4936061,72.56425635,16.22424236,11.3880895
33,34,0,16,0,17,0,215.6070325,54.02264484,19.95601899,10.62899558
33,33,0,17,0,17,0,234.9285157,57.03123825,18.02048903,11.76951886
33,32,0,18,0,17,0,220.7143199,61.76359324,18.7907779,11.84487948
33,31,0,19,0,17,0,221.5092115,65.2586408,17.9869066,10.06172281
33,30,0,20,0,17,0,217.0288171,71.30595865,17.03935006,11.10254813
33.2,28.8,0,16,5,17,0,210.3169052,70.98545678,10.88273324,11.3880895
33.2,27.8,0,16,6,17,0,202.5865757,73.83640472,11.66056982,11.33249189
33.2,27.8,0,17,5,17,0,206.3992079,74.2844926,13.74368149,11.33249189
33.2,26.8,0,18,5,17,0,203.5253264,76.66062793,17.66055261,11.50440959
33.4,27.6,0,17,5,17,0,203.6234572,74.31403225,11.05351156,11.33249189
33.4,26.6,0,18,5,17,0,210.8046915,78.11602223,15.19490307,11.50440959
32,34,0,16,0,18,0,226.2881933,54.09090557,19.08390895,10.62899558
32,33,0,17,0,18,0,231.1528686,55.52481952,17.7172545,11.76951886
32,32,0,18,0,18,0,221.9971228,57.76975532,18.4497323,11.84487948
32,31,0,19,0,18,0,226.5039446,68.81262169,18.02463424,9.610361387
32,30,0,20,0,18,0,218.5484995,74.14005817,16.70588176,8.929707055
32.2,28.8,0,16,5,18,0,215.2969889,70.40586637,12.47833182,9.970194159
32.2,27.8,0,16,6,18,0,214.1773941,74.49700487,11.38622115,11.33249189
32.2,27.8,0,17,5,18,0,209.3259017,73.55956136,15.97176852,11.62946701
32.2,26.8,0,18,5,18,0,208.9322672,77.662635,18.21803079,11.58753493
32.4,28.6,0,15,6,18,0,203.0498316,68.7519326,9.924820904,11.3880895
32.4,28.6,0,16,5,18,0,215.5865256,69.94757256,10.84155021,11.3880895
32.4,27.6,0,17,5,18,0,211.8207035,73.98820179,14.26617002,11.33249189
31,35,0,15,0,19,0,207.8281372,52.78310155,20.69670863,9.909534571
31,34,0,16,0,19,0,224.0200929,53.39681592,18.54000194,10.62899558
31,33,0,17,0,19,0,232.8757033,58.16053348,18.51966869,11.76951886
31,32,0,18,0,19,0,219.7851394,61.82402811,17.91597723,11.84487948
31,31,0,19,0,19,0,226.627613,67.53114084,16.11342834,9.610361387
31,30,0,20,0,19,0,207.4325979,73.62448147,16.16505319,8.929707055
31.2,29.8,0,15,5,19,0,200.8968964,68.91318824,11.38811478,11.10254813
31.2,28.8,0,15,6,19,0,202.4079367,72.68354877,11.09399549,9.970194159
31.2,28.8,0,16,5,19,0,223.1245459,72.96076223,14.18717211,9.970194159
31.2,27.8,0,17,5,19,0,209.1874403,74.03803301,17.77459338,11.62946701
31.4,29.6,0,15,5,19,0,210.3917779,70.32325087,11.0576831,11.10254813
31.4,28.6,0,16,5,19,0,224.4983789,68.32532211,12.43675878,9.970194159
30,36,0,14,0,20,0,214.0589302,46.0235515,22.06441999,9.097369729
30,35,0,15,0,20,0,213.3849126,50.27801651,19.63467657,9.097369729
30,34,0,16,0,20,0,225.6485808,56.25629906,19.08509852,9.909534571
30,33,0,17,0,20,0,232.876902,59.07198103,18.86036128,10.62899558
30,32,0,18,0,20,0,225.0634013,61.56672866,17.80212504,11.76951886
30.2,30.8,0,14,5,20,0,202.3429926,60.94835005,11.25353322,9.610361387
30.2,29.8,0,15,5,20,0,207.2900004,69.51010377,12.82973649,8.929707055
30.2,28.8,0,16,5,20,0,222.2952982,71.38800698,16.24956136,9.970194159
30.4,30.6,0,14,5,20,0,210.5895656,61.61931366,10.65688651,10.06172281
30.4,29.6,0,15,5,20,0,215.3792566,70.87441835,11.48911298,8.929707055
29,36,0,14,0,21,0,213.5879021,46.18560958,20.66845908,9.097369729
29,35,0,15,0,21,0,211.3619637,51.75771455,19.09914715,9.097369729
29,34,0,16,0,21,0,224.2560835,51.90013462,19.11397363,9.909534571
29,29,0,16,5,21,0,203.2688133,67.70174633,17.31403764,11.10254813
29,33,0,17,0,21,0,236.5462285,55.20745152,18.59757448,10.62899558
29.2,31.8,0,13,5,21,0,201.6781342,61.4982955,11.27948142,11.84487948
29.2,30.8,0,13,6,21,0,200.4371246,61.78165484,10.62367772,9.610361387
29.2,30.8,0,14,5,21,0,213.2399079,61.21654405,11.80336702,9.610361387
29.2,29.8,0,15,5,21,0,210.6882227,61.95894544,14.49170355,8.929707055
29.4,31.6,0,13,5,21,0,209.7371012,61.78659896,11.5652767,11.84487948
29.4,30.6,0,14,5,21,0,222.1054353,61.10030078,11.1759673,9.610361387
29.4,29.6,0,15,5,21,0,220.5463773,62.77642163,12.29501353,8.929707055
28,37,0,13,0,22,0,211.715813,44.01576503,21.19692357,8.451159347
28,36,0,14,0,22,0,215.3861287,50.35260999,19.32298987,9.097369729
28,35,0,15,0,22,0,209.8820574,51.74224788,18.9749733,9.097369729
28,34,0,16,0,22,0,225.2831932,51.58518876,19.06896532,9.909534571
28.2,30.8,0,14,5,22,0,210.0726384,60.30782134,13.8907596,11.84487948
28.4,30.6,0,14,5,22,0,211.9237117,61.4680388,11.76054161,11.84487948
27,38,0,12,0,23,0,207.8839543,44.20136348,21.27367605,9.022604127
27,37,0,13,0,23,0,214.3985851,45.61944942,19.70700618,8.451159347
27,36,0,14,0,23,0,213.055142,49.76373214,18.98447588,9.097369729
27,35,0,15,0,23,0,207.1354063,51.79147038,18.66502131,9.097369729
27.4,31.6,0,13,5,23,0,200.4056897,55.68902698,11.37553801,11.76951886
27.6,32.4,0,12,5,23,0,211.1112902,53.81109674,11.73694291,10.62899558
26,38,0,12,0,24,0,213.9525668,44.7870355,21.02674725,9.022604127
26,37,0,13,0,24,0,215.3781626,45.84918439,18.95503749,8.451159347
26,36,0,14,0,24,0,218.2714432,47.34597317,19.34475455,8.451159347
26.2,26.8,0,23,0,24,0,215.7309409,63.80589592,19.17213643,9.970194159
26.4,33.6,0,11,5,24,0,200.5219319,51.82493861,12.07867719,9.909534571
26.6,33.4,0,11,5,24,0,209.2840359,52.03607426,11.78221963,9.909534571
25,39,0,11,0,25,0,237.9706304,42.93897123,22.47943067,7.61503467
25,38,0,12,0,25,0,218.5061612,43.54800838,20.35817693,7.443516331
25.2,27.8,0,22,0,25,0,219.2576014,62.87206348,18.98416011,8.929707055
25.2,26.8,0,23,0,25,0,214.76457,63.6491103,18.48580684,9.970194159
25.4,26.6,0,23,0,25,0,225.3236016,63.40678819,18.86546607,9.970194159
25.4,25.6,0,24,0,25,0,205.3496311,65.29131194,18.2036193,11.62946701
25.6,26.4,0,23,0,25,0,215.6512854,62.95797693,18.57491517,9.970194159
25.6,24.4,0,25,0,25,0,200.0937919,68.82761693,18.23416055,11.58753493
45,21,5,14,15,0,0,202.221278,65.26787281,19.40882819,11.54928549
45,22,5,15,13,0,0,216.6465871,64.07145202,20.38017789,11.54928549
45,21,5,15,14,0,0,220.9304591,66.1752365,20.33671651,11.54928549
45,20,5,15,15,0,0,226.216533,72.66710955,18.80291084,11.54928549
45,23,5,16,11,0,0,204.9713197,55.38201672,21.5575915,10.94587078
45,22,5,16,12,0,0,214.9686312,64.08261951,20.71339248,11.54928549
45,21,5,16,13,0,0,221.8494779,65.50857408,20.27380079,11.54928549
45,20,5,16,14,0,0,229.7775932,66.17778068,20.5253778,11.54928549
45,25,5,17,8,0,0,200.0183921,48.44367071,22.72089547,11.81101164
45,24,5,17,9,0,0,201.5735686,51.26526074,20.78695802,11.26495328
45,23,5,17,10,0,0,207.7131958,56.23587319,21.98164448,10.94587078
45,22,5,17,11,0,0,219.3003951,59.95844974,19.84714186,11.54928549
45,21,5,17,12,0,0,231.6947439,64.49288405,19.90052743,11.54928549
45,20,5,17,13,0,0,246.4834629,65.76194075,21.05396057,11.54928549
45,24,5,18,8,0,0,212.8552011,53.19066875,22.87293378,11.26495328
45,23,5,18,9,0,0,215.7249016,57.14649812,23.90190331,10.94587078
45,22,5,18,10,0,0,221.7348919,57.94579687,21.02329812,11.54928549
45,21,5,18,11,0,0,241.9279949,64.05099479,19.94778874,11.54928549
45,20,5,18,12,0,0,254.9386955,65.62902186,20.01870535,11.54928549
45,25,5,19,6,0,0,211.0386886,49.06001247,23.1122509,11.81101164
45,24,5,19,7,0,0,221.3623745,53.26602181,22.77802186,11.26495328
45,23,5,19,8,0,0,224.1371671,57.78674688,23.68950475,10.94587078
45,22,5,19,9,0,0,237.8487207,59.64109532,23.77949569,11.54928549
45,21,5,19,10,0,0,247.918908,58.89075942,22.13247083,11.54928549
45,20,5,19,11,0,0,262.2814615,68.47915948,21.53188894,11.54928549
45,25,5,20,5,0,0,221.2037207,49.0218402,22.35734657,11.68737853
45,24,5,20,6,0,0,232.7647476,52.44917178,23.67348593,11.26495328
45,23,5,20,7,0,0,234.1971988,62.61574634,24.30379894,10.94587078
45,22,5,20,8,0,0,244.5871876,62.72726701,23.72869746,11.54928549
45,21,5,20,9,0,0,259.6103801,60.46553624,21.97516039,11.54928549
45,20,5,20,10,0,0,260.175749,66.27990487,22.76857028,11.54928549
45,24,5,21,5,0,0,235.4062747,51.59512413,22.9788132,11.70590656
45,23,5,21,6,0,0,258.884619,62.25183717,23.0239395,10.94587078
45,22,5,21,7,0,0,263.5942652,64.65065369,24.74437973,11.54928549
45,21,5,21,8,0,0,277.5291342,66.64192295,22.05558596,11.54928549
45,20,5,21,9,0,0,275.3940498,66.05796711,21.76070238,11.54928549
45,23,5,22,5,0,0,262.8555836,64.78914064,23.53220817,10.94587078
45,22,5,22,6,0,0,289.1185534,66.11417506,24.15003168,11.54928549
45,21,5,22,7,0,0,310.0518207,74.41746723,21.68117345,11.54928549
45,20,5,22,8,0,0,301.6527509,70.40531349,22.20860524,11.54928549
45,27,5,23,0,0,0,215.0130006,43.32333125,20.7859041,11.35471999
45,22,5,23,5,0,0,304.2583387,69.88695114,24.37300991,11.54928549
45,21,5,23,6,0,0,314.9394894,76.49134551,22.43311673,11.54928549
45,20,5,23,7,0,0,324.9868887,84.35192001,21.29889608,11.54928549
45,26,5,24,0,0,0,270.6596939,43.70381461,27.19252485,12.42415444
45,21,5,24,5,0,0,322.3691629,86.4227733,24.34849433,11.54928549
45,20,5,24,6,0,0,328.8052159,96.06199752,21.72930953,11.54928549
45,25,5,25,0,0,0,301.8824199,48.64734104,30.53318262,11.68737853
45,20,5,25,5,0,0,336.521023,107.2141382,23.24659334,11.54928549
45.2,23.8,5,19,7,0,0,207.4070245,52.76977027,22.50827475,11.26495328
45.2,24.8,5,20,5,0,0,207.118443,48.66279596,22.20465726,11.81101164
45.2,23.8,5,20,6,0,0,213.217466,51.31196469,22.35427456,11.26495328
45.2,23.8,5,21,5,0,0,226.2367224,51.63963128,22.17299123,11.26495328
45.2,22.8,5,21,6,0,0,233.098845,62.47835218,22.18363555,10.94587078
45.2,22.8,5,22,5,0,0,236.9151376,65.9792209,22.15465656,10.94587078
45.2,21.8,5,22,6,0,0,259.3228855,66.7441873,22.86536168,11.54928549
45.2,21.8,5,23,5,0,0,283.6258176,68.90424376,23.29865428,11.54928549
45.2,25.8,5,24,0,0,0,245.9418489,46.91866516,21.5333026,12.42415444
45.2,20.8,5,24,5,0,0,299.4227093,84.93215352,23.31833777,11.54928549
45.2,24.8,5,25,0,0,0,296.3765556,48.10403806,27.19646514,11.68737853
44,21,5,15,14,1,0,206.9237633,70.11843545,18.10399998,11.54928549
44,20,5,15,15,1,0,203.0327531,72.9410819,18.49749937,11.54928549
44,22,5,16,12,1,0,203.4296147,65.98935679,18.83308016,11.54928549
44,21,5,16,13,1,0,213.4795489,68.79131971,19.24481667,11.54928549
44,20,5,16,14,1,0,203.0674825,69.01281586,18.58252501,11.54928549
44,23,5,17,10,1,0,205.991256,63.93905979,21.901067,10.94587078
44,22,5,17,11,1,0,219.4618937,66.99799194,18.58676189,11.54928549
44,21,5,17,12,1,0,218.6736397,65.47598649,19.62812196,11.54928549
44,20,5,17,13,1,0,221.0318587,70.11182794,19.71167234,11.54928549
44,24,5,18,8,1,0,203.2818786,53.91826981,22.84555205,11.70590656
44,23,5,18,9,1,0,215.7543236,64.96099982,22.74125961,10.94587078
44,22,5,18,10,1,0,223.4877402,65.9984379,21.20959238,11.54928549
44,21,5,18,11,1,0,223.0119042,69.69956503,19.55460492,11.54928549
44,20,5,18,12,1,0,233.5312791,64.62323135,19.50181538,11.54928549
44,24,5,19,7,1,0,201.05198,53.59809623,21.91439315,11.70590656
44,23,5,19,8,1,0,224.3032466,62.10200133,22.18307173,10.94587078
44,22,5,19,9,1,0,228.0889931,70.09351474,21.13780036,11.54928549
44,21,5,19,10,1,0,232.4638842,71.68852933,20.94268373,11.54928549
44,20,5,19,11,1,0,237.4593344,71.07613275,22.36176544,11.54928549
44,24,5,20,6,1,0,206.7728216,54.19525445,22.38538363,11.70590656
44,23,5,20,7,1,0,223.8317316,58.8201159,22.42747597,10.94587078
44,22,5,20,8,1,0,230.1130984,66.97617961,20.67174904,11.54928549
44,21,5,20,9,1,0,233.39738,70.86219503,20.32599607,11.54928549
44,20,5,20,10,1,0,243.9278802,72.7965754,21.38757123,11.54928549
44,24,5,21,5,1,0,224.9985856,51.24414967,22.45502897,11.70590656
44,23,5,21,6,1,0,230.1500355,56.0992324,23.04438135,10.94587078
44,22,5,21,7,1,0,232.6227344,67.41711317,22.21443032,11.54928549
44,21,5,21,8,1,0,241.388957,74.69982378,20.12102083,11.54928549
44,20,5,21,9,1,0,250.446224,78.46513835,20.5937802,11.54928549
44,23,5,22,5,1,0,258.4635745,56.83351067,23.22378083,10.94587078
44,22,5,22,6,1,0,263.1967508,70.00582148,23.1240044,11.54928549
44,21,5,22,7,1,0,275.9574141,75.11774393,20.984328,11.54928549
44,20,5,22,8,1,0,281.8574596,80.76528047,20.2182892,11.54928549
44,22,5,23,5,1,0,286.4533246,73.04854296,23.3582176,11.54928549
44,21,5,23,6,1,0,299.337427,82.90821775,20.99147974,11.54928549
44,20,5,23,7,1,0,303.0124713,89.11097031,20.7529727,11.54928549
44,26,5,24,0,1,0,245.9348909,43.85400361,29.17717414,12.36509588
44,21,5,24,5,1,0,311.8310536,88.05771964,21.42536977,11.54928549
44,20,5,24,6,1,0,312.7978853,95.56172554,21.12702957,11.54928549
44,25,5,25,0,1,0,287.1103254,52.77808527,29.73507554,11.46030734
44,20,5,25,5,1,0,325.2930728,104.7093516,21.62297764,11.54928549
44.2,23.8,5,21,5,1,0,211.4834905,53.26105818,21.6776577,11.70590656
44.2,22.8,5,22,5,1,0,233.6776532,57.66303675,21.48132206,10.94587078
44.2,25.8,5,24,0,1,0,216.0661813,44.84242656,23.69251106,12.36509588
44.2,24.8,5,25,0,1,0,268.6140876,48.31481049,26.4701749,11.46030734
43,23,5,18,9,2,0,208.8912407,69.80078318,24.90832486,10.94587078
43,22,5,18,10,2,0,209.1092668,74.47665366,21.37060298,11.54928549
43,21,5,18,11,2,0,202.1519434,76.63071117,19.92321547,11.54928549
43,23,5,19,8,2,0,208.1673756,62.97024277,23.48502198,10.94587078
43,22,5,19,9,2,0,219.8231995,70.27450369,21.57511079,11.54928549
43,21,5,19,10,2,0,208.9547884,79.44259508,21.88663176,11.54928549
43,20,5,19,11,2,0,215.5216711,78.87839975,22.0691896,11.54928549
43,23,5,20,7,2,0,202.2573912,62.0438969,23.34870027,11.26495328
43,22,5,20,8,2,0,217.138825,70.542002,20.85474435,11.54928549
43,21,5,20,9,2,0,213.8994917,78.35697052,20.89957791,11.54928549
43,20,5,20,10,2,0,214.4850201,82.5982169,21.95146224,11.54928549
43,23,5,21,6,2,0,218.5930196,57.67832865,23.23032436,11.26495328
43,22,5,21,7,2,0,228.8091778,66.24633509,21.49112341,10.94587078
43,21,5,21,8,2,0,227.7200638,77.15542721,21.04016532,11.54928549
43,20,5,21,9,2,0,236.6576628,87.41737128,21.52783628,11.54928549
43,23,5,22,5,2,0,225.3573087,58.03881238,22.83438568,11.26495328
43,22,5,22,6,2,0,236.3981263,65.51948583,22.18825626,10.94587078
43,21,5,22,7,2,0,244.4762083,80.01230497,20.87522549,11.54928549
43,20,5,22,8,2,0,254.259474,89.99035933,22.16923621,11.54928549
43,22,5,23,5,2,0,263.1575196,65.5240554,23.00503985,10.94587078
43,21,5,23,6,2,0,259.7713301,83.82742824,21.37014245,11.54928549
43,20,5,23,7,2,0,277.088336,94.88858869,21.86710473,11.54928549
43,26,5,24,0,2,0,228.9929426,44.72519079,26.31462593,11.35471999
43,21,5,24,5,2,0,290.330726,92.73366702,21.55008048,11.54928549
43,20,5,24,6,2,0,288.6604479,99.31628082,21.31724214,11.54928549
43,25,5,25,0,2,0,256.6564866,51.33396421,26.83686861,12.42415444
43,20,5,25,5,2,0,304.5746447,100.4625458,21.19337667,11.54928549
43.2,25.8,5,24,0,2,0,202.400785,44.83835574,23.7496961,12.36509588
43.2,24.8,5,25,0,2,0,236.5607937,51.50942348,24.74393296,11.46030734
42,22,5,19,9,3,0,204.1652859,76.28238007,19.59723637,10.94587078
42,21,5,19,10,3,0,202.0797714,82.15506853,20.78770129,11.54928549
42,22,5,20,8,3,0,203.1553665,70.39067069,18.65544434,10.94587078
42,21,5,20,9,3,0,207.6163619,83.6829485,19.46702799,11.54928549
42,20,5,20,10,3,0,205.8054864,89.91433933,20.26078093,11.54928549
42,21,5,21,8,3,0,236.1631288,82.06142074,18.00487422,11.54928549
42,20,5,21,9,3,0,225.0544585,91.34770799,19.06093196,11.54928549
42,22,5,22,6,3,0,205.3347276,64.86963381,19.73167301,10.94587078
42,21,5,22,7,3,0,239.8472144,81.2111318,18.95036443,11.54928549
42,20,5,22,8,3,0,249.5907491,93.15704857,19.38590554,11.54928549
42,22,5,23,5,3,0,235.2465145,68.98229172,20.34609628,10.94587078
42,21,5,23,6,3,0,236.1405665,83.63038642,19.86368423,11.54928549
42,20,5,23,7,3,0,255.7451853,98.39401173,20.45352987,11.54928549
42,26,5,24,0,3,0,204.302865,46.84853484,25.19860868,11.35471999
42,21,5,24,5,3,0,259.2701563,85.83423509,19.50925407,11.54928549
42,20,5,24,6,3,0,254.8942113,102.746643,20.73186769,11.54928549
42,25,5,25,0,3,0,228.9230296,52.20131679,24.15340549,12.42415444
42,20,5,25,5,3,0,284.3574518,105.4378601,20.70420647,11.54928549
42.2,24.8,5,25,0,3,0,212.3156918,53.68127249,23.02928454,12.42415444
41,20,5,21,9,4,0,220.4269378,93.35104568,16.82200023,11.54928549
41,21,5,22,7,4,0,207.3071777,84.77038581,18.51908856,11.54928549
41,20,5,22,8,4,0,237.8967886,99.43082555,16.75082959,11.54928549
41,22,5,23,5,4,0,206.5543093,64.52813035,17.15928714,10.94587078
41,21,5,23,6,4,0,204.9387628,84.391098,17.88142241,11.54928549
41,20,5,23,7,4,0,230.6463017,100.2643089,19.16810809,11.54928549
41,21,5,24,5,4,0,221.4309115,83.48302083,17.00471052,11.54928549
41,20,5,24,6,4,0,231.7686852,102.4434148,18.76764581,11.54928549
41,20,5,25,5,4,0,255.1712666,103.3786338,18.25883525,11.54928549
41.2,24.8,5,25,0,4,0,200.4743627,57.83010536,18.69495428,12.36509588
40,20,5,25,5,5,0,205.2061766,89.606404,15.83386911,11.54928549
39,20,5,25,5,6,0,201.6490823,96.46795476,15.15152523,11.54928549
35.2,27.8,5,22,0,10,0,200.5579579,57.70734974,18.87821345,11.50440959
34.2,28.8,5,21,0,11,0,231.669536,56.35974442,20.23667816,11.33249189
34.2,27.8,5,22,0,11,0,218.580929,58.73959291,17.60499759,11.50440959
34.4,28.6,5,21,0,11,0,239.0972742,55.17560024,21.67525285,11.58753493
33,29,5,21,0,12,0,202.7068096,58.0361399,18.86890487,11.33249189
33,28,5,22,0,12,0,205.1519385,57.81133637,17.47640904,11.50440959
33.2,29.8,5,20,0,12,0,232.9016403,55.79418182,23.16257876,11.3880895
33.2,28.8,5,21,0,12,0,247.4635909,56.6512616,22.07348656,11.33249189
33.2,27.8,5,22,0,12,0,266.0746267,57.79478268,18.46243332,11.50440959
33.2,26.8,5,23,0,12,0,215.8994836,59.30640527,17.60277085,11.49467614
33.4,29.6,5,20,0,12,0,225.8575133,55.68519827,22.79571816,11.3880895
33.4,28.6,5,21,0,12,0,246.6890008,56.78225888,23.3546476,11.33249189
32,30,5,20,0,13,0,207.4832711,56.14824015,20.66673789,9.970194159
32,29,5,21,0,13,0,228.3429936,57.93364552,18.59175515,11.62946701
32,28,5,22,0,13,0,238.3489504,58.06146507,18.93370211,11.58753493
32.2,29.8,5,20,0,13,0,245.8177462,54.72871254,24.31496389,9.970194159
32.2,28.8,5,21,0,13,0,273.7716686,58.01351674,21.01847816,11.62946701
32.2,27.8,5,22,0,13,0,280.8755709,58.02708508,18.99074571,11.58753493
32.2,26.8,5,23,0,13,0,244.3767223,60.0978982,17.97001423,11.50440959
32.4,29.6,5,20,0,13,0,250.6827558,54.8198358,22.8616689,9.970194159
32.4,28.6,5,21,0,13,0,270.2160044,57.83226547,22.3043125,11.62946701
32.4,27.6,5,22,0,13,0,275.6803985,58.2879304,20.73348299,11.58753493
31,31,5,19,0,14,0,208.3642592,50.81639227,22.40905756,8.929707055
31,30,5,20,0,14,0,246.2964772,56.3885813,18.89596176,9.970194159
31,29,5,21,0,14,0,234.8112899,56.75010204,18.33759817,11.3880895
31,28,5,22,0,14,0,229.0670242,60.88269084,18.08104472,11.33249189
31,27,5,23,0,14,0,204.9067929,65.71779517,17.66645535,11.50440959
31.2,30.8,5,19,0,14,0,235.3321208,55.79280526,23.90624061,11.10254813
31.2,29.8,5,20,0,14,0,288.7216473,54.56878437,23.71406773,9.970194159
31.2,28.8,5,21,0,14,0,290.5296998,56.5941134,20.57760375,11.62946701
31.2,27.8,5,22,0,14,0,271.2551122,60.75345839,19.1744965,11.58753493
31.2,26.8,5,23,0,14,0,247.2112195,65.77106989,18.89564993,11.50440959
31.2,25.8,5,24,0,14,0,212.9953289,68.45727538,18.27031978,11.49467614
31.2,24.8,5,25,0,14,0,203.1616752,73.19878933,16.83805926,11.6088616
31.4,30.6,5,19,0,14,0,230.0267667,56.03465015,21.3665149,11.10254813
31.4,29.6,5,20,0,14,0,286.1401724,54.962619,22.69498634,9.970194159
31.4,28.6,5,21,0,14,0,286.9621804,57.95724088,21.04755833,11.62946701
31.4,27.6,5,22,0,14,0,276.3004711,60.03498279,20.18346166,11.58753493
31.4,26.6,5,23,0,14,0,237.9044337,65.88580531,19.84314033,11.50440959
30,31,5,19,0,15,0,243.0005056,49.75910577,21.84538387,8.929707055
30,30,5,20,0,15,0,248.9561793,53.25340837,19.27175794,9.970194159
30,29,5,21,0,15,0,246.2026209,60.0120875,17.668408,11.3880895
30,28,5,22,0,15,0,236.5099293,61.6692889,18.09452331,11.33249189
30,27,5,23,0,15,0,214.0199618,65.91815962,17.42730154,11.50440959
30.2,31.8,5,18,0,15,0,219.8596263,50.8781817,22.96801175,9.610361387
30.2,26.8,5,18,5,15,0,209.5708365,61.94766869,12.09453283,11.50440959
30.2,30.8,5,19,0,15,0,279.5899031,49.25341549,23.62828298,8.929707055
30.2,25.8,5,19,5,15,0,207.9798416,63.90589728,12.34549801,11.54411899
30.2,29.8,5,20,0,15,0,290.3276582,55.44622016,21.24346781,9.970194159
30.2,24.8,5,20,5,15,0,200.855349,67.5182358,14.55236703,12.03031036
30.2,28.8,5,21,0,15,0,292.7390912,60.3275316,19.626755,11.3880895
30.2,27.8,5,22,0,15,0,283.5040107,61.84157058,19.27592345,11.33249189
30.2,26.8,5,23,0,15,0,244.1798124,65.91104912,19.14257301,11.50440959
30.2,25.8,5,24,0,15,0,232.2878553,68.44976316,18.64164392,11.49467614
30.2,24.8,5,25,0,15,0,206.9353217,74.7231339,16.35204995,11.6088616
30.4,31.6,5,18,0,15,0,213.8471602,50.90523609,20.96872513,9.610361387
30.4,26.6,5,18,5,15,0,213.8553268,62.0416743,11.41791506,11.50440959
30.4,30.6,5,19,0,15,0,276.9990011,49.31573621,21.48024262,8.929707055
30.4,25.6,5,19,5,15,0,220.6717564,64.00317163,11.22759542,11.54411899
30.4,29.6,5,20,0,15,0,284.4950784,55.57194684,20.7019725,9.970194159
30.4,24.6,5,20,5,15,0,207.2335593,66.33922111,13.56572754,12.03031036
30.4,28.6,5,21,0,15,0,287.8223878,60.29539221,20.13724241,11.3880895
30.4,23.6,5,21,5,15,0,203.009332,71.79174174,16.92356787,11.91676098
30.4,27.6,5,22,0,15,0,277.1010246,63.22324104,19.54924021,11.33249189
30.4,26.6,5,23,0,15,0,255.455843,66.6974005,19.49818025,11.50440959
29,32,5,18,0,16,0,218.7069429,50.49550706,23.14249858,11.84487948
29,31,5,19,0,16,0,241.8395282,51.68067454,20.07930424,10.06172281
29,30,5,20,0,16,0,251.0588361,54.73277351,19.00726158,11.10254813
29,29,5,21,0,16,0,249.0411096,56.91585214,18.17765307,9.970194159
29,28,5,22,0,16,0,242.0324684,62.80235921,17.62702924,11.62946701
29,27,5,23,0,16,0,218.9677713,66.36062937,16.01167127,11.58753493
29.2,31.8,5,18,0,16,0,241.3428314,51.26945406,23.00544837,9.610361387
29.2,26.8,5,18,5,16,0,209.3528858,60.49306326,11.76403005,11.50440959
29.2,30.8,5,19,0,16,0,278.2569025,51.68409277,21.87981685,10.06172281
29.2,25.8,5,19,5,16,0,213.6014238,64.61330703,13.75170626,11.49467614
29.2,24.8,5,19,6,16,0,204.4604562,66.20170191,12.04378334,11.6088616
29.2,29.8,5,20,0,16,0,288.9048034,52.81990044,19.58937597,11.10254813
29.2,24.8,5,20,5,16,0,206.9247067,66.87686604,16.74762519,11.6088616
29.2,28.8,5,21,0,16,0,292.9715134,61.50493732,19.37260448,9.970194159
29.2,27.8,5,22,0,16,0,268.1218551,63.03566492,19.58597498,11.62946701
29.2,26.8,5,23,0,16,0,247.7210468,67.24285049,19.20040636,11.58753493
29.2,25.8,5,24,0,16,0,238.0942781,67.96364142,17.66171617,11.50440959
29.2,24.8,5,25,0,16,0,237.6116544,76.38569126,17.13286187,11.54411899
29.4,31.6,5,18,0,16,0,235.8124348,50.94190493,21.36292389,9.610361387
29.4,26.6,5,18,5,16,0,227.898593,62.03526113,11.52238087,11.50440959
29.4,25.6,5,18,6,16,0,207.8949095,64.56196739,10.13743895,11.54411899
29.4,30.6,5,19,0,16,0,273.2559805,51.30759852,20.78254616,8.929707055
29.4,25.6,5,19,5,16,0,238.2253091,65.21107984,12.62455457,11.49467614
29.4,24.6,5,19,6,16,0,205.9648936,67.18594426,10.30912811,11.6088616
29.4,29.6,5,20,0,16,0,283.1505313,52.78830383,20.09215026,9.970194159
29.4,24.6,5,20,5,16,0,213.5775384,69.20881156,15.79964535,11.6088616
29.4,28.6,5,21,0,16,0,289.0288956,61.06487217,18.77495856,11.3880895
29.4,23.6,5,21,5,16,0,203.4582917,71.92188277,17.1425244,11.91676098
29.4,27.6,5,22,0,16,0,266.293659,62.89987374,18.85747957,11.33249189
28,33,5,17,0,17,0,218.839698,51.08516273,22.86221611,11.76951886
28,32,5,18,0,17,0,218.3393643,53.23368143,21.97945171,11.84487948
28,31,5,19,0,17,0,243.7369614,54.26292858,19.1798159,10.06172281
28,30,5,20,0,17,0,253.2733594,52.90741213,19.08290176,11.10254813
28,29,5,21,0,17,0,252.3524362,54.14786651,19.2344296,9.970194159
28,28,5,22,0,17,0,236.5555829,56.78130554,17.59266782,11.62946701
28,27,5,23,0,17,0,217.8520263,68.08290218,15.80244184,11.33249189
28,26,5,24,0,17,0,204.6724011,68.74318856,14.93938065,11.50440959
28.2,32.8,5,17,0,17,0,236.4804031,51.14066989,22.01327679,11.76951886
28.2,27.8,5,17,5,17,0,210.5406118,61.64097144,13.0323076,11.33249189
28.2,31.8,5,18,0,17,0,252.5038359,53.92460678,22.05497562,11.84487948
28.2,26.8,5,18,5,17,0,223.0462771,63.82935696,12.3858455,11.50440959
28.2,25.8,5,18,6,17,0,201.4026947,64.23061664,11.70637456,11.49467614
28.2,30.8,5,19,0,17,0,280.696295,53.80843716,19.54757282,10.06172281
28.2,25.8,5,19,5,17,0,228.8686978,64.85262841,15.22955179,11.49467614
28.2,29.8,5,20,0,17,0,289.5794284,52.62874586,19.12439656,11.10254813
28.2,24.8,5,20,5,17,0,206.6133633,69.89020718,17.54072612,11.54411899
28.2,28.8,5,21,0,17,0,292.953922,54.20132896,18.88686391,9.970194159
28.2,27.8,5,22,0,17,0,258.1315753,62.00809149,19.59813492,11.62946701
28.2,26.8,5,23,0,17,0,247.4000519,67.88752744,18.81206095,11.58753493
28.2,25.8,5,24,0,17,0,230.3015724,68.62824837,17.85910638,11.50440959
28.2,24.8,5,25,0,17,0,244.1940204,77.75789789,17.06582955,11.54411899
28.4,32.6,5,17,0,17,0,230.5907529,51.02028778,20.56466851,11.76951886
28.4,27.6,5,17,5,17,0,223.1399121,61.85685317,11.9339316,11.33249189
28.4,26.6,5,17,6,17,0,204.8385461,63.19093246,10.43809494,11.50440959
28.4,31.6,5,18,0,17,0,251.6368938,53.91705364,20.61447774,11.84487948
28.4,26.6,5,18,5,17,0,232.8938374,63.74545253,12.5464151,11.50440959
28.4,25.6,5,18,6,17,0,224.9519542,64.56290213,10.1587264,11.49467614
28.4,30.6,5,19,0,17,0,278.2036785,53.36415944,20.1823651,10.06172281
28.4,25.6,5,19,5,17,0,238.9882825,64.79089585,14.33259419,11.49467614
28.4,29.6,5,20,0,17,0,285.4257237,52.91962881,19.53928159,11.10254813
28.4,24.6,5,20,5,17,0,225.4094365,71.18382477,16.54141501,11.6088616
28.4,28.6,5,21,0,17,0,285.5810852,54.25276629,18.56902555,9.970194159
27,34,5,16,0,18,0,218.5178732,46.95993114,22.43633167,10.62899558
27,33,5,17,0,18,0,211.4368075,54.97232916,22.40027035,11.76951886
27,32,5,18,0,18,0,221.3311474,54.59016279,19.31724497,11.84487948
27,31,5,19,0,18,0,243.6544531,54.93823516,19.28015285,9.610361387
27,30,5,20,0,18,0,247.482749,52.79828575,19.09550634,8.929707055
27,29,5,21,0,18,0,236.4600382,54.59684759,18.30152212,9.970194159
27,28,5,22,0,18,0,225.4589768,59.55770575,17.88117728,11.3880895
27,27,5,23,0,18,0,223.635566,62.97005945,16.66076458,11.33249189
27,26,5,24,0,18,0,205.6194739,71.78610487,15.592617,11.50440959
27.2,33.8,5,16,0,18,0,232.2933163,46.35651093,21.40508474,10.62899558
27.2,28.8,5,16,5,18,0,203.6420745,55.40765867,12.51839762,9.970194159
27.2,32.8,5,17,0,18,0,236.3364047,53.69667155,21.68593986,11.76951886
27.2,27.8,5,17,5,18,0,218.1702519,54.74137452,12.29864948,11.62946701
27.2,26.8,5,17,6,18,0,207.0829163,62.98151432,11.13267247,11.58753493
27.2,31.8,5,18,0,18,0,251.3009607,55.52872493,19.93401487,11.84487948
27.2,26.8,5,18,5,18,0,223.5246751,64.02248728,14.06872281,11.58753493
27.2,30.8,5,19,0,18,0,279.8363987,54.87685374,18.15683757,9.610361387
27.2,25.8,5,19,5,18,0,234.4432891,64.76558661,16.73916479,11.50440959
27.2,29.8,5,20,0,18,0,289.9715589,52.82268856,17.95032069,8.929707055
27.2,28.8,5,21,0,18,0,271.5253685,54.93661794,18.78320448,9.970194159
27.2,27.8,5,22,0,18,0,265.2817684,59.1567974,18.16504136,11.3880895
27.2,26.8,5,23,0,18,0,249.6210301,69.03000413,17.68870948,11.33249189
27.2,25.8,5,24,0,18,0,229.4136392,69.2192199,17.45303532,11.50440959
27.2,24.8,5,25,0,18,0,225.4030239,75.22713916,16.99357077,11.49467614
27.4,33.6,5,16,0,18,0,227.1495597,47.77481294,19.48943739,10.62899558
27.4,28.6,5,16,5,18,0,218.8629665,55.19005597,11.73993594,9.970194159
27.4,32.6,5,17,0,18,0,230.0531954,53.45832012,20.51197425,11.76951886
27.4,27.6,5,17,5,18,0,230.8936732,54.77325087,13.17061206,11.62946701
27.4,26.6,5,17,6,18,0,211.4698254,62.50971762,10.04459083,11.58753493
27.4,31.6,5,18,0,18,0,250.8016269,54.99125372,20.19010418,11.84487948
27.4,26.6,5,18,5,18,0,242.7435253,62.94898071,13.79608284,11.58753493
27.4,30.6,5,19,0,18,0,280.1017718,54.79214751,20.01195052,10.06172281
27.4,25.6,5,19,5,18,0,236.9982369,68.49113696,16.06779186,11.50440959
27.4,29.6,5,20,0,18,0,287.4748089,52.90510765,18.14294013,8.929707055
26,34,5,16,0,19,0,220.7216945,52.43858933,21.49153644,10.62899558
26,33,5,17,0,19,0,213.1219767,53.48388679,19.94589945,10.62899558
26,32,5,18,0,19,0,219.0363759,58.01888894,18.799161,11.76951886
26,31,5,19,0,19,0,230.9065276,56.11184444,18.6809756,11.84487948
26,30,5,20,0,19,0,241.2050712,55.38120158,18.97883451,10.06172281
26,29,5,21,0,19,0,227.2830851,55.70870275,17.87483588,11.10254813
26,28,5,22,0,19,0,218.5338807,60.72504294,16.71930857,9.970194159
26,27,5,23,0,19,0,221.9874893,62.4638901,16.1665111,11.62946701
26,26,5,24,0,19,0,204.9517736,68.54437706,16.26454636,11.58753493
26.2,33.8,5,16,0,19,0,238.5263592,52.76135906,21.02435975,10.62899558
26.2,28.8,5,16,5,19,0,210.8530381,55.86346375,13.00583623,9.970194159
26.2,27.8,5,16,6,19,0,213.1305596,54.54339797,11.43240825,11.62946701
26.2,32.8,5,17,0,19,0,242.3463194,53.51229465,19.75258789,11.76951886
26.2,27.8,5,17,5,19,0,220.8776255,54.86566504,12.73703632,11.3880895
26.2,31.8,5,18,0,19,0,251.3886468,57.20275881,19.0256672,11.84487948
26.2,26.8,5,18,5,19,0,236.620799,55.69119938,15.18650607,11.33249189
26.2,30.8,5,19,0,19,0,264.7373272,54.37123186,17.93195049,9.610361387
26.2,29.8,5,20,0,19,0,281.0988431,53.11548145,17.38723869,8.929707055
26.2,28.8,5,21,0,19,0,271.5420945,55.61227341,17.54578536,9.970194159
26.2,27.8,5,22,0,19,0,260.4844849,60.45569514,17.91403328,11.3880895
26.2,26.8,5,23,0,19,0,246.218129,62.36959034,17.35341341,11.33249189
26.2,25.8,5,24,0,19,0,230.0438707,73.65825556,16.62767064,11.58753493
26.2,24.8,5,25,0,19,0,222.7240235,75.37009604,17.00718386,11.50440959
26.4,33.6,5,16,0,19,0,232.6996927,52.72649922,20.12064012,10.62899558
26.4,28.6,5,16,5,19,0,229.8470892,56.3311631,12.25118356,9.970194159
26.4,27.6,5,16,6,19,0,214.647874,56.37597765,10.57959066,11.62946701
26.4,32.6,5,17,0,19,0,240.9738962,54.87013292,20.06315577,11.76951886
26.4,27.6,5,17,5,19,0,229.2307118,56.55247308,13.34556178,11.62946701
26.4,31.6,5,18,0,19,0,255.780427,54.74515278,19.69775162,11.84487948
26.4,26.6,5,18,5,19,0,245.2134998,56.04986209,15.30538146,11.58753493
26.4,30.6,5,19,0,19,0,272.7489576,53.4485677,18.49326225,9.610361387
25,35,5,15,0,20,0,217.0849668,47.06682171,21.2190471,9.097369729
25,34,5,16,0,20,0,213.3923774,48.56617932,21.10666385,9.909534571
25,33,5,17,0,20,0,216.4593996,49.56286976,18.44245207,10.62899558
25,32,5,18,0,20,0,226.8721078,57.56836127,17.79909061,11.76951886
25,27,5,18,5,20,0,205.6420146,55.87746061,16.40292811,11.62946701
25,31,5,19,0,20,0,230.6455833,55.75171541,18.18819948,11.84487948
25,30,5,20,0,20,0,238.2963742,55.19986474,17.9293595,10.06172281
25,29,5,21,0,20,0,227.2116381,58.21985261,18.18614191,11.10254813
25,28,5,22,0,20,0,208.4816556,63.14325149,16.8852294,9.970194159
25,27,5,23,0,20,0,216.8563154,64.18834247,16.31174344,11.62946701
25.2,34.8,5,15,0,20,0,232.4038801,47.77962528,20.69602158,9.097369729
25.2,28.8,5,15,6,20,0,200.963114,56.37905524,11.57315354,9.970194159
25.2,33.8,5,16,0,20,0,238.9687353,48.44430084,20.21753467,9.909534571
25.2,28.8,5,16,5,20,0,219.5027353,56.68624356,13.03523407,9.970194159
25.2,32.8,5,17,0,20,0,245.6038519,51.09089912,19.33597814,10.62899558
25.2,27.8,5,17,5,20,0,228.555186,56.61963767,14.92241034,11.3880895
25.2,31.8,5,18,0,20,0,262.8670847,57.05201009,17.42698928,11.76951886
25.2,30.8,5,19,0,20,0,266.5163566,55.82549107,17.60713063,11.84487948
25.2,29.8,5,20,0,20,0,267.9469744,54.87793747,17.72533203,10.06172281
25.2,28.8,5,21,0,20,0,268.1615708,58.05479309,18.03883394,11.10254813
25.2,27.8,5,22,0,20,0,255.9917242,62.92464981,17.69408918,9.970194159
25.2,26.8,5,23,0,20,0,246.7702925,64.5994157,16.4041073,11.62946701
25.2,25.8,5,24,0,20,0,224.1444675,69.32770876,17.09462887,11.58753493
25.2,24.8,5,25,0,20,0,223.8929605,79.59122965,17.23559771,11.50440959
25.4,34.6,5,15,0,20,0,229.4050694,48.01348028,19.72892359,9.097369729
25.4,29.6,5,15,5,20,0,214.4038074,57.16897033,12.09074542,8.929707055
25.4,28.6,5,15,6,20,0,211.108998,56.80590566,11.54713189,9.970194159
25.4,33.6,5,16,0,20,0,240.3245643,47.75023399,20.30363281,9.909534571
25.4,28.6,5,16,5,20,0,238.6236089,56.67907365,13.30552344,9.970194159
25.4,32.6,5,17,0,20,0,243.1978715,52.33919452,19.81869687,10.62899558
25.4,27.6,5,17,5,20,0,239.6497276,56.57945145,14.11583158,11.3880895
25.4,31.6,5,18,0,20,0,262.8394912,56.24907295,19.64391906,11.76951886
25.6,34.4,5,15,0,20,0,224.3016926,48.47060508,19.2245293,9.909534571
25.6,33.4,5,16,0,20,0,236.3943769,49.45102424,19.19473949,10.62899558
24,36,5,14,0,21,0,218.4603738,44.57763388,21.18976718,9.097369729
24,35,5,15,0,21,0,210.4403629,47.10165993,21.70839386,9.097369729
24,34,5,16,0,21,0,214.7036183,48.87114004,19.89459898,9.909534571
24,33,5,17,0,21,0,215.3118231,47.97120116,17.94178278,10.62899558
24,32,5,18,0,21,0,224.7360405,53.44860761,17.60045867,11.76951886
24,31,5,19,0,21,0,230.4871186,52.65020022,17.38492049,11.84487948
24,30,5,20,0,21,0,239.5008306,54.3402686,17.38105803,9.610361387
24,29,5,21,0,21,0,224.7643395,58.58065674,17.03048145,8.929707055
24,28,5,22,0,21,0,210.2302336,61.63170822,16.23034915,9.970194159
24,27,5,23,0,21,0,218.1955952,63.84439439,16.87213611,11.3880895
24.2,35.8,5,14,0,21,0,224.1876827,44.13636313,20.33400461,9.097369729
24.2,34.8,5,15,0,21,0,233.8684796,47.59662194,21.10386784,9.097369729
24.2,29.8,5,15,5,21,0,208.4238966,57.18029473,13.45854778,10.06172281
24.2,33.8,5,16,0,21,0,241.0337452,48.96281809,19.61476806,9.909534571
24.2,28.8,5,16,5,21,0,220.8718127,56.06394703,14.32291899,11.10254813
24.2,32.8,5,17,0,21,0,247.5884794,48.50477551,18.78433353,10.62899558
24.2,31.8,5,18,0,21,0,258.8368263,53.71590067,17.77317884,11.76951886
24.2,30.8,5,19,0,21,0,267.1287229,53.90388325,17.67913328,11.84487948
24.2,29.8,5,20,0,21,0,274.2779426,56.08998096,17.86379136,9.610361387
24.2,28.8,5,21,0,21,0,262.0554162,59.66370502,18.47571432,8.929707055
24.2,26.8,5,23,0,21,0,247.4662623,64.01445237,16.61005383,11.3880895
24.2,25.8,5,24,0,21,0,230.6203668,72.5024978,17.21425133,11.33249189
24.2,24.8,5,25,0,21,0,218.0485545,73.30980869,17.50728696,11.50440959
24.4,35.6,5,14,0,21,0,225.5030171,45.857363,19.52449166,9.097369729
24.4,30.6,5,14,5,21,0,207.0357299,56.04229083,11.74914512,9.610361387
24.4,29.6,5,14,6,21,0,200.6395036,56.59059815,11.84356447,8.929707055
24.4,34.6,5,15,0,21,0,228.9376187,47.33890721,20.36892565,9.097369729
24.4,29.6,5,15,5,21,0,220.1416825,56.78487446,12.96297521,8.929707055
24.4,33.6,5,16,0,21,0,236.9540385,48.70842068,19.86373319,9.909534571
24.4,28.6,5,16,5,21,0,240.6076867,56.20068657,14.69849506,11.10254813
24.4,32.6,5,17,0,21,0,242.8315343,50.68445028,20.03647047,10.62899558
24.4,31.6,5,18,0,21,0,260.0607913,53.05051739,18.45941791,11.76951886
24.4,24.6,5,25,0,21,0,218.4794703,75.90178083,17.67888215,11.50440959
24.6,35.4,5,14,0,21,0,219.7220107,46.71768113,18.88848064,9.097369729
24.6,34.4,5,15,0,21,0,223.6556282,47.23265326,19.07587424,9.097369729
23,36,5,14,0,22,0,211.2373221,43.13515216,21.63687575,9.097369729
23,35,5,15,0,22,0,209.1185668,46.43444146,21.60066805,9.097369729
23,34,5,16,0,22,0,213.9312292,47.9152723,18.47638718,9.909534571
23,33,5,17,0,22,0,209.3441325,48.73619448,18.43156825,10.62899558
23,32,5,18,0,22,0,221.2277897,50.51958677,17.55778043,11.76951886
23,31,5,19,0,22,0,222.9175281,52.87773522,17.70130559,11.84487948
23,30,5,20,0,22,0,234.6244447,53.68496157,18.3238857,9.610361387
23,29,5,21,0,22,0,216.5971601,58.36361994,17.45794862,8.929707055
23,28,5,22,0,22,0,204.6993798,59.62933585,17.88069792,11.10254813
23,27,5,23,0,22,0,214.8352783,61.36327017,18.48705745,9.970194159
23,26,5,24,0,22,0,203.3554271,73.10750664,18.39078917,11.62946701
23.2,35.8,5,14,0,22,0,223.7464374,45.46512156,20.91321912,9.097369729
23.2,30.8,5,14,5,22,0,205.4729274,54.72391764,13.36805397,11.84487948
23.2,34.8,5,15,0,22,0,226.4634239,46.61687289,20.30893793,9.097369729
23.2,29.8,5,15,5,22,0,204.8685937,52.87772821,13.62537435,10.06172281
23.2,33.8,5,16,0,22,0,240.4279632,47.90095072,19.58958828,9.909534571
23.2,32.8,5,17,0,22,0,244.9081436,49.14430261,18.12107566,10.62899558
23.2,31.8,5,18,0,22,0,253.2018059,53.2810908,17.78128319,11.76951886
23.2,30.8,5,19,0,22,0,253.7604486,53.45507278,17.95760564,11.84487948
23.2,26.8,5,23,0,22,0,245.5150511,63.15135569,18.40780278,11.3880895
23.2,25.8,5,24,0,22,0,233.1303268,73.15069666,18.39991558,11.33249189
23.2,24.8,5,25,0,22,0,217.6515505,74.03120194,17.94322786,11.50440959
23.4,31.6,5,13,5,22,0,200.1359422,53.12550213,11.83939071,11.76951886
23.4,35.6,5,14,0,22,0,225.3257728,45.52180974,20.46195008,9.097369729
23.4,30.6,5,14,5,22,0,214.0710771,53.28390348,13.02858124,11.84487948
23.4,34.6,5,15,0,22,0,236.3322985,46.79162241,20.85428077,9.097369729
23.4,29.6,5,15,5,22,0,218.3799995,53.08869115,13.73949064,10.06172281
23.4,33.6,5,16,0,22,0,236.8633158,47.81471781,20.21245174,9.909534571
23.4,32.6,5,17,0,22,0,237.3596122,48.425049,19.68241818,10.62899558
23.4,25.6,5,24,0,22,0,236.4028092,73.22491035,18.75664051,11.33249189
23.4,24.6,5,25,0,22,0,225.3368703,73.15942488,18.56499175,11.50440959
23.6,36.4,5,13,0,22,0,211.2185883,42.75461737,18.98963802,8.451159347
23.6,35.4,5,14,0,22,0,221.9911224,45.39149803,19.56293311,9.097369729
23.6,34.4,5,15,0,22,0,229.9756637,46.53457447,19.8193936,9.097369729
23.6,24.4,5,25,0,22,0,225.5373539,75.75452769,18.30894641,11.50440959
22,37,5,13,0,23,0,212.8534153,40.4068761,22.72532106,8.451159347
22,36,5,14,0,23,0,210.2966828,42.21827051,22.64295886,8.451159347
22,35,5,15,0,23,0,211.3645506,45.78788905,21.59098324,9.097369729
22,34,5,16,0,23,0,211.8285852,47.09484454,19.77809438,9.097369729
22,33,5,17,0,23,0,219.1847183,50.54010219,18.72546019,9.909534571
22,32,5,18,0,23,0,222.0627008,50.38443026,18.65506999,10.62899558
22,31,5,19,0,23,0,224.1991739,53.45744849,19.11726623,11.76951886
22,30,5,20,0,23,0,220.7644132,54.79805576,17.74731143,11.84487948
22,29,5,21,0,23,0,213.344354,56.71819034,17.4399338,10.06172281
22,28,5,22,0,23,0,204.2754747,58.79187032,17.94244432,11.10254813
22.2,36.8,5,13,0,23,0,222.8077854,40.61519915,22.07304334,8.451159347
22.2,31.8,5,13,5,23,0,201.7038892,51.82631848,13.49810988,11.76951886
22.2,35.8,5,14,0,23,0,228.0103657,43.19877247,22.07809364,8.451159347
22.2,30.8,5,14,5,23,0,217.0808058,54.04119136,14.40757716,11.84487948
22.2,34.8,5,15,0,23,0,235.3817092,45.32294426,21.30435378,9.097369729
22.2,33.8,5,16,0,23,0,241.5409884,46.16126972,20.10275736,9.097369729
22.2,32.8,5,17,0,23,0,244.0957172,50.88025985,19.30221547,9.909534571
22.2,31.8,5,18,0,23,0,252.5615022,50.83692903,18.80294388,10.62899558
22.2,27.8,5,22,0,23,0,250.2970601,57.8067536,17.54728458,11.10254813
22.2,26.8,5,23,0,23,0,243.3658925,65.14595735,17.94366649,9.970194159
22.2,25.8,5,24,0,23,0,233.369621,69.38829953,17.8721902,11.62946701
22.2,24.8,5,25,0,23,0,223.4303958,72.30376758,17.80064534,11.58753493
22.4,36.6,5,13,0,23,0,220.2578998,40.32908017,21.45241573,8.451159347
22.4,31.6,5,13,5,23,0,206.7475853,52.10637344,12.799599,11.76951886
22.4,35.6,5,14,0,23,0,222.9372116,42.88687633,21.89680111,9.097369729
22.4,30.6,5,14,5,23,0,217.450649,54.14580536,13.9406341,11.84487948
22.4,34.6,5,15,0,23,0,232.4150837,46.10072699,22.05926504,9.097369729
22.4,33.6,5,16,0,23,0,238.1188817,46.18038212,21.74738256,9.909534571
22.4,26.6,5,23,0,23,0,249.0431314,61.79949433,17.90388735,9.970194159
22.4,25.6,5,24,0,23,0,233.9513282,70.91837483,18.14860216,11.62946701
22.4,24.6,5,25,0,23,0,231.625175,71.87364955,18.27743003,11.58753493
22.6,36.4,5,13,0,23,0,220.8593744,41.60515564,19.84266905,8.451159347
22.6,35.4,5,14,0,23,0,219.6065687,42.86698565,21.05223552,9.097369729
22.6,25.4,5,24,0,23,0,231.5117952,73.84133909,17.23317585,11.33249189
22.6,24.4,5,25,0,23,0,228.1888114,74.4495535,17.94123078,11.50440959
22.8,24.2,5,25,0,23,0,224.5394426,71.35828527,17.76192359,11.50440959
21,38,5,12,0,24,0,202.3584283,38.66327932,22.09416711,9.022604127
21,37,5,13,0,24,0,202.0076245,39.15215606,22.85193287,8.451159347
21,36,5,14,0,24,0,208.150341,42.27025641,21.97003523,8.451159347
21,35,5,15,0,24,0,206.7640871,43.19051893,20.22835857,9.097369729
21,34,5,16,0,24,0,206.4385787,45.90162198,18.91597882,9.097369729
21,33,5,17,0,24,0,213.5613616,50.02875373,18.67538658,9.909534571
21,32,5,18,0,24,0,219.5177656,49.75743998,18.81308082,10.62899558
21,31,5,19,0,24,0,213.9447937,54.08564576,18.18314426,11.76951886
21,30,5,20,0,24,0,221.5946706,57.18383244,17.71585266,11.84487948
21,29,5,21,0,24,0,211.7342586,56.72903486,17.36994158,9.610361387
21,26,5,24,0,24,0,203.4617368,67.64985777,17.29975026,11.3880895
21.2,37.8,5,12,0,24,0,204.6601089,39.24866056,21.79145604,9.022604127
21.2,36.8,5,13,0,24,0,221.754227,39.28656527,22.08194686,8.451159347
21.2,31.8,5,13,5,24,0,206.8737313,50.0727928,15.19239829,11.76951886
21.2,35.8,5,14,0,24,0,222.7864929,43.2304853,21.15656065,8.451159347
21.2,34.8,5,15,0,24,0,235.8983672,43.16621958,20.9991383,9.097369729
21.2,33.8,5,16,0,24,0,237.3513415,45.49400984,19.47464427,9.097369729
21.2,32.8,5,17,0,24,0,242.6602884,51.25820156,18.88025569,9.909534571
21.2,27.8,5,22,0,24,0,249.0762835,58.83850803,17.82173037,11.10254813
21.2,26.8,5,23,0,24,0,237.0082749,64.98649512,17.59271549,9.970194159
21.2,25.8,5,24,0,24,0,236.4586249,67.46143862,17.40961629,11.3880895
21.2,24.8,5,25,0,24,0,226.6306739,69.42881463,17.8721902,11.33249189
21.4,37.6,5,12,0,24,0,212.5975111,40.49124541,21.40976588,9.022604127
21.4,36.6,5,13,0,24,0,221.6654384,39.40419911,21.70546087,8.451159347
21.4,31.6,5,13,5,24,0,209.2792469,50.94539845,15.05696461,11.76951886
21.4,35.6,5,14,0,24,0,226.5361472,42.91591441,21.44600124,8.451159347
21.4,34.6,5,15,0,24,0,229.6771733,43.62724286,21.31868339,9.097369729
21.4,26.6,5,23,0,24,0,247.1016235,65.02546493,17.85117478,9.970194159
21.4,25.6,5,24,0,24,0,245.0578168,67.18006019,17.75592161,11.62946701
21.4,24.6,5,25,0,24,0,232.5369415,68.66324095,17.75084977,11.58753493
21.6,37.4,5,12,0,24,0,209.0319911,40.13568141,20.44039543,9.022604127
21.6,36.4,5,13,0,24,0,215.1077689,41.49615634,21.18613714,8.451159347
21.6,26.4,5,23,0,24,0,243.544493,64.92635728,17.8181367,9.970194159
21.6,25.4,5,24,0,24,0,234.0541429,68.37349416,18.2887685,11.62946701
21.6,24.4,5,25,0,24,0,229.3466985,68.33208764,18.18763046,11.58753493
21.8,25.2,5,24,0,24,0,230.8316718,66.22784263,17.56383747,11.62946701
21.8,24.2,5,25,0,24,0,224.0439836,71.64052001,18.11185002,11.58753493
22.2,23.8,5,25,0,24,0,209.0320661,70.60768891,18.39816453,11.50440959
22.4,23.6,5,25,0,24,0,212.2821794,72.58748846,18.04616436,11.50440959
20,38,5,12,0,25,0,205.1485432,38.23661578,22.61305302,7.443516331
20,37,5,13,0,25,0,208.7113144,39.61822406,22.40722225,9.022604127
20,36,5,14,0,25,0,210.4741961,42.61251875,21.15732735,8.451159347
20,35,5,15,0,25,0,213.7614611,43.36606381,18.77693827,9.097369729
20,34,5,16,0,25,0,211.701655,45.16660455,18.2676434,9.097369729
20,33,5,17,0,25,0,217.7520002,49.08508987,18.207081,9.909534571
20,32,5,18,0,25,0,218.7790618,49.15080397,17.86500047,10.62899558
20,31,5,19,0,25,0,216.0834863,54.26497182,17.38289712,11.76951886
20,30,5,20,0,25,0,221.3155766,55.60867672,17.13309083,11.84487948
20,29,5,21,0,25,0,211.5228829,56.2380955,17.20351759,9.610361387
20,28,5,22,0,25,0,207.7720565,61.00172196,17.51165819,8.929707055
20,27,5,23,0,25,0,204.7428316,66.31818816,17.44009869,9.970194159
20,26,5,24,0,25,0,213.3292599,67.17384249,17.48393233,11.3880895
20.2,37.8,5,12,0,25,0,215.0151581,39.4242778,21.75511434,7.443516331
20.2,36.8,5,13,0,25,0,222.7071907,39.08795378,22.17310914,9.022604127
20.2,35.8,5,14,0,25,0,235.8708181,42.53871136,21.36735546,8.451159347
20.2,34.8,5,15,0,25,0,236.2573007,43.55713467,20.74203746,9.097369729
20.2,28.8,5,21,0,25,0,249.3976961,56.24868518,17.26405896,9.610361387
20.2,27.8,5,22,0,25,0,246.6254932,61.40199337,17.17239476,8.929707055
20.2,26.8,5,23,0,25,0,243.9898422,66.33523096,17.56140998,9.970194159
20.2,25.8,5,24,0,25,0,238.0608687,67.04925525,17.542941,11.3880895
20.2,24.8,5,25,0,25,0,226.2694064,69.71026774,16.80413516,11.33249189
20.4,37.6,5,12,0,25,0,214.3898597,39.18554448,21.58744674,9.022604127
20.4,32.6,5,12,5,25,0,203.7013412,50.16554327,14.66562471,9.909534571
20.4,36.6,5,13,0,25,0,218.3187115,40.22279447,21.70324127,8.451159347
20.4,35.6,5,14,0,25,0,231.197374,42.86897593,21.46689682,8.451159347
20.4,27.6,5,22,0,25,0,247.9542381,62.33860448,17.55159644,8.929707055
20.4,26.6,5,23,0,25,0,243.8236674,66.9646837,17.83831096,9.970194159
20.4,25.6,5,24,0,25,0,240.8787582,65.75893526,18.01600509,11.3880895
20.4,24.6,5,25,0,25,0,230.5846523,68.73395764,17.70432841,11.33249189
20.6,37.4,5,12,0,25,0,214.0350428,39.04230045,21.27097865,9.022604127
20.6,27.4,5,22,0,25,0,247.8370663,62.25819708,18.185423,8.929707055
20.6,26.4,5,23,0,25,0,242.3013625,67.31245369,17.84518616,9.970194159
20.6,25.4,5,24,0,25,0,241.410613,65.81564498,18.51274672,11.3880895
20.6,24.4,5,25,0,25,0,228.1628603,69.25481588,18.61275234,11.33249189
20.8,26.2,5,23,0,25,0,232.5875717,64.38797439,17.93758482,9.970194159
20.8,25.2,5,24,0,25,0,229.9595434,68.38302066,18.05784233,11.62946701
20.8,24.2,5,25,0,25,0,226.30615,73.07326652,18.2075936,11.58753493
21.2,24.8,5,24,0,25,0,223.2041468,73.32081597,18.51752349,11.62946701
21.2,23.8,5,25,0,25,0,218.6650128,72.1285722,18.22149789,11.58753493
21.4,24.6,5,24,0,25,0,223.0999242,72.55121572,17.9654093,11.62946701
21.4,23.6,5,25,0,25,0,217.5127565,72.42720244,17.57710479,11.58753493
44,22,6,15,13,0,0,204.2620001,65.82564652,18.64393811,11.54928549
44,21,6,15,14,0,0,212.4439471,65.01566915,17.73660067,11.54928549
44,20,6,15,15,0,0,210.1867944,69.94079384,19.14171786,11.54928549
44,24,6,16,10,0,0,202.5006291,54.36046676,19.67172244,11.26495328
44,23,6,16,11,0,0,203.5181874,60.98027552,21.81127795,10.94587078
44,22,6,16,12,0,0,216.4761591,68.48709554,20.54914966,11.54928549
44,21,6,16,13,0,0,213.1294106,66.58401637,19.44831261,11.54928549
44,20,6,16,14,0,0,223.0614083,66.50610763,18.70611944,11.54928549
44,24,6,17,9,0,0,204.0272178,53.46700997,21.22606022,11.26495328
44,23,6,17,10,0,0,216.1716287,63.58794524,20.64023717,10.94587078
44,22,6,17,11,0,0,219.655109,61.25671909,20.45488092,11.54928549
44,21,6,17,12,0,0,228.3131636,70.0955437,20.03633962,11.54928549
44,20,6,17,13,0,0,242.9034492,65.78345742,20.18480639,11.54928549
44,24,6,18,8,0,0,204.7363402,53.49414189,22.94800486,11.26495328
44,23,6,18,9,0,0,216.8827126,61.05965271,23.29255195,10.94587078
44,22,6,18,10,0,0,223.3314733,64.19603142,21.8293866,11.54928549
44,21,6,18,11,0,0,234.4154712,70.19953243,18.92021831,11.54928549
44,20,6,18,12,0,0,254.1420662,68.25568224,19.39081217,11.54928549
44,25,6,19,6,0,0,203.1655867,50.18175078,21.76393335,11.81101164
44,24,6,19,7,0,0,217.2836042,52.99895288,22.62220672,11.26495328
44,23,6,19,8,0,0,213.946168,62.44535551,24.57062264,10.94587078
44,22,6,19,9,0,0,230.2895234,64.67423911,23.66489991,11.54928549
44,21,6,19,10,0,0,246.7838599,67.40902918,22.18740773,11.54928549
44,20,6,19,11,0,0,260.7205126,70.04838927,20.34332413,11.54928549
44,25,6,20,5,0,0,220.3701916,47.20658148,23.20788165,11.68737853
44,24,6,20,6,0,0,221.3711421,52.51604205,21.87587419,11.70590656
44,23,6,20,7,0,0,215.4180306,61.6350658,22.17366724,10.94587078
44,22,6,20,8,0,0,239.6871391,61.79249299,24.11100186,11.54928549
44,21,6,20,9,0,0,259.2795957,69.27148227,22.83667426,11.54928549
44,20,6,20,10,0,0,263.990287,71.80778089,22.18373677,11.54928549
44,24,6,21,5,0,0,228.6058864,53.45247573,22.37481228,11.70590656
44,23,6,21,6,0,0,232.0148321,56.4242658,22.44966623,10.94587078
44,22,6,21,7,0,0,243.3428305,65.64329799,23.04974959,11.54928549
44,21,6,21,8,0,0,262.6826584,71.12122751,22.9563699,11.54928549
44,20,6,21,9,0,0,264.0674101,71.09806196,22.71187817,11.54928549
44,23,6,22,5,0,0,263.7831929,54.93947624,23.23289743,10.94587078
44,22,6,22,6,0,0,265.3848039,68.39828765,23.67241509,11.54928549
44,21,6,22,7,0,0,280.7853964,71.99338974,23.23646771,11.54928549
44,20,6,22,8,0,0,292.583858,76.00073923,20.41389198,11.54928549
44,27,6,23,0,0,0,203.7413838,44.14084643,19.41968254,11.35471999
44,22,6,23,5,0,0,299.2458659,71.22681746,23.84191867,11.54928549
44,21,6,23,6,0,0,304.3291979,73.36239263,23.72380086,11.54928549
44,20,6,23,7,0,0,299.3454611,80.6036004,21.51859029,11.54928549
44,26,6,24,0,0,0,250.4854896,43.52766276,23.16434471,12.42415444
44,21,6,24,5,0,0,318.0766242,82.03234257,24.07068655,11.54928549
44,20,6,24,6,0,0,316.1720939,87.31473776,21.99902512,11.54928549
44,25,6,25,0,0,0,293.0403807,45.47995775,30.18749728,11.68737853
44,20,6,25,5,0,0,329.5619942,101.0004083,22.15624219,11.54928549
44.2,24.8,6,20,5,0,0,204.4173564,48.27734197,21.6907981,11.81101164
44.2,23.8,6,21,5,0,0,214.3141552,53.38789739,21.81715415,11.26495328
44.2,25.8,6,24,0,0,0,226.7640682,42.90698507,19.79856767,12.42415444
44.2,24.8,6,25,0,0,0,268.4815998,44.82847609,25.15617632,11.68737853
43,20,6,17,13,1,0,200.5597385,72.49046032,18.27938857,11.54928549
43,23,6,18,9,1,0,209.727833,66.07498089,22.35758284,10.94587078
43,22,6,18,10,1,0,214.4389927,74.09184757,19.36398935,11.54928549
43,21,6,18,11,1,0,216.02738,78.7414473,17.79075256,11.54928549
43,20,6,18,12,1,0,219.7718501,74.09531815,18.99906203,11.54928549
43,23,6,19,8,1,0,213.8101221,57.09779812,21.67964307,10.94587078
43,22,6,19,9,1,0,223.4806223,71.35081842,22.4586641,11.54928549
43,21,6,19,10,1,0,219.7787811,77.58160915,20.57834978,11.54928549
43,20,6,19,11,1,0,232.2803419,78.75131791,18.92863318,11.54928549
43,24,6,20,6,1,0,209.1094734,51.72972469,21.2678944,11.70590656
43,23,6,20,7,1,0,213.7384836,57.45646794,22.09547842,10.94587078
43,22,6,20,8,1,0,217.5530421,68.98636369,22.10157334,11.54928549
43,21,6,20,9,1,0,230.0456038,72.56233442,20.28159717,11.54928549
43,20,6,20,10,1,0,243.5896768,81.14722948,21.06535156,11.54928549
43,24,6,21,5,1,0,212.0565442,52.37860253,21.94213341,11.70590656
43,23,6,21,6,1,0,219.5916676,57.26300371,21.95803034,10.94587078
43,22,6,21,7,1,0,218.9802803,68.54916778,22.38852316,11.54928549
43,21,6,21,8,1,0,229.934928,72.70835355,20.18171256,11.54928549
43,20,6,21,9,1,0,248.2507793,83.16470614,19.97985867,11.54928549
43,23,6,22,5,1,0,242.4535551,55.374205,22.45824309,10.94587078
43,22,6,22,6,1,0,244.193571,67.87441998,22.64915056,11.54928549
43,21,6,22,7,1,0,248.8092635,74.95871258,20.66904307,11.54928549
43,20,6,22,8,1,0,268.7505529,80.23551584,20.15421544,11.54928549
43,22,6,23,5,1,0,279.1588413,69.46483844,23.02551066,11.54928549
43,21,6,23,6,1,0,279.9692822,73.65946012,22.02253512,11.54928549
43,20,6,23,7,1,0,281.6194759,88.01118496,20.16188357,11.54928549
43,26,6,24,0,1,0,224.1318535,42.44496221,24.82635704,12.36509588
43,21,6,24,5,1,0,299.5140535,81.69427518,23.11699695,11.54928549
43,20,6,24,6,1,0,299.6145252,94.05611871,21.50463401,11.54928549
43,25,6,25,0,1,0,273.0002721,44.87047272,27.46322325,11.46030734
43,20,6,25,5,1,0,318.2421285,100.9911334,21.52912505,11.54928549
43.2,25.8,6,24,0,1,0,211.7722838,42.82204296,21.91312905,12.36509588
43.2,24.8,6,25,0,1,0,248.7055418,45.47153104,25.08233987,11.46030734
43.4,25.6,6,24,0,1,0,205.6467336,43.07743188,18.97555067,12.36509588
42,22,6,19,9,2,0,208.5504201,71.95983217,21.64044477,11.54928549
42,21,6,19,10,2,0,209.1805432,78.00033327,20.84442383,11.54928549
42,22,6,20,8,2,0,208.1249135,69.99545589,21.5781005,11.54928549
42,21,6,20,9,2,0,206.2895009,77.42632652,21.26489297,11.54928549
42,20,6,20,10,2,0,216.2581205,85.23032142,21.65854143,11.54928549
42,22,6,21,7,2,0,208.9974695,67.65983332,22.69908588,10.94587078
42,21,6,21,8,2,0,214.9912141,78.74835239,20.11257554,11.54928549
42,20,6,21,9,2,0,229.2118629,85.28770829,21.21202015,11.54928549
42,23,6,22,5,2,0,212.356058,50.28203815,21.99894549,11.26495328
42,22,6,22,6,2,0,236.6379697,61.66565584,22.15929242,10.94587078
42,21,6,22,7,2,0,233.90546,78.63784864,20.46961334,11.54928549
42,20,6,22,8,2,0,249.437008,88.54339036,19.80755721,11.54928549
42,22,6,23,5,2,0,250.1700926,61.4929178,22.06955151,10.94587078
42,21,6,23,6,2,0,247.7401113,79.66111536,20.46651881,11.54928549
42,20,6,23,7,2,0,260.1052788,91.16231705,19.90345126,11.54928549
42,26,6,24,0,2,0,217.8146427,43.12052247,25.43088571,11.35471999
42,21,6,24,5,2,0,275.9817606,82.40184522,20.94300454,11.54928549
42,20,6,24,6,2,0,274.7900419,96.31091499,20.25910232,11.54928549
42,25,6,25,0,2,0,237.3711955,44.23689532,25.96456206,12.42415444
42,20,6,25,5,2,0,306.8627747,98.43542928,20.57156379,11.54928549
42.2,25.8,6,24,0,2,0,203.6792135,43.09537331,22.78207918,12.36509588
42.2,24.8,6,25,0,2,0,212.3944271,44.30275312,23.52992044,11.46030734
42.4,24.6,6,25,0,2,0,214.7938561,45.00091505,20.80359167,11.46030734
41,21,6,20,9,3,0,201.671425,78.5868166,17.17410952,11.54928549
41,21,6,21,8,3,0,216.9259941,76.79545523,16.58350142,11.54928549
41,20,6,21,9,3,0,221.0319211,90.234319,17.97143137,11.54928549
41,21,6,22,7,3,0,220.290651,76.36599795,17.82462724,11.54928549
41,20,6,22,8,3,0,229.8130139,89.69707808,17.43263332,11.54928549
41,22,6,23,5,3,0,221.2200741,58.34707751,20.67219764,10.94587078
41,21,6,23,6,3,0,236.7242659,75.74289811,19.03478671,11.54928549
41,20,6,23,7,3,0,249.2107165,93.14260028,19.80510117,11.54928549
41,21,6,24,5,3,0,250.9982724,77.88970859,19.48444289,11.54928549
41,20,6,24,6,3,0,258.0956734,98.60959914,18.72942536,11.54928549
41,25,6,25,0,3,0,227.7042495,47.36271243,23.17505503,12.42415444
41,20,6,25,5,3,0,280.9054922,98.23524853,18.98325327,11.54928549
41.2,24.8,6,25,0,3,0,202.8073744,45.79377788,21.73941702,12.42415444
41.4,24.6,6,25,0,3,0,200.6994603,46.02931977,20.19070724,12.42415444
40,20,6,21,9,4,0,202.8052676,87.86223442,15.56463099,11.54928549
40,20,6,22,8,4,0,211.800354,86.07815515,15.65932209,11.54928549
40,21,6,23,6,4,0,203.2035525,74.58780792,15.50094218,11.54928549
40,20,6,23,7,4,0,222.2740686,85.95969223,16.8999561,11.54928549
40,21,6,24,5,4,0,210.1258712,80.03201766,15.54803263,11.54928549
40,20,6,24,6,4,0,223.650893,89.21846232,15.82769165,11.54928549
40,25,6,25,0,4,0,209.4089239,51.92415353,19.56185452,12.36509588
40,20,6,25,5,4,0,227.8866225,85.26149184,16.66221052,11.54928549
39,20,6,25,5,5,0,201.7233917,88.53353615,14.28033469,11.54928549
38,20,6,25,5,6,0,209.0479583,89.4972197,13.75697583,11.54928549
33.2,28.8,6,21,0,11,0,233.9358576,56.75836475,21.79248506,11.33249189
33.2,27.8,6,22,0,11,0,219.4340436,54.39311134,20.78884909,11.50440959
33.4,28.6,6,21,0,11,0,237.1103081,56.5552738,22.42362116,11.58753493
32,29,6,21,0,12,0,208.3235894,55.19313281,20.34802874,11.62946701
32,28,6,22,0,12,0,208.4974734,55.33817126,18.00087246,11.58753493
32.2,28.8,6,21,0,12,0,257.0534207,54.93117247,24.31517785,11.33249189
32.2,27.8,6,22,0,12,0,258.0029006,55.66918408,20.69134181,11.50440959
32.2,26.8,6,23,0,12,0,210.2079406,56.71509388,18.60877834,11.49467614
32.4,29.6,6,20,0,12,0,209.9607764,55.89443048,22.151202,11.3880895
31,30,6,20,0,13,0,208.8465997,55.7695699,22.25444557,9.970194159
31,29,6,21,0,13,0,232.9785623,54.4327373,18.76947031,11.62946701
31,28,6,22,0,13,0,231.292514,55.88488974,18.53543961,11.58753493
31,27,6,23,0,13,0,201.428022,59.99478898,18.38497804,11.50440959
31.2,29.8,6,20,0,13,0,234.3327448,55.52285734,24.00716778,9.970194159
31.2,28.8,6,21,0,13,0,280.2463567,54.90803123,22.70553006,11.62946701
31.2,27.8,6,22,0,13,0,279.014936,56.64993448,20.07838871,11.58753493
31.2,26.8,6,23,0,13,0,242.60946,59.76116176,18.99927457,11.50440959
31.4,29.6,6,20,0,13,0,242.4819261,54.80235053,21.56716984,9.970194159
30,30,6,20,0,14,0,247.664409,50.26436803,21.84581256,9.970194159
30,29,6,21,0,14,0,238.1215895,55.60248617,18.90645205,11.3880895
30,28,6,22,0,14,0,224.9982854,60.43355051,17.77678545,11.33249189
30,27,6,23,0,14,0,207.21074,60.28058006,18.04578119,11.50440959
30.2,30.8,6,19,0,14,0,219.4097181,49.85785006,23.39816152,11.10254813
30.2,29.8,6,20,0,14,0,285.1079351,54.76716165,23.90269687,9.970194159
30.2,28.8,6,21,0,14,0,289.9355331,55.16057964,21.07252112,11.62946701
30.2,27.8,6,22,0,14,0,268.5788266,59.77736935,19.7959816,11.33249189
30.4,30.6,6,19,0,14,0,211.6676169,50.00286776,21.1529879,11.10254813
29,31,6,19,0,15,0,228.7597301,49.08987182,23.41728668,8.929707055
29,30,6,20,0,15,0,249.1261652,51.59165659,20.46255099,9.970194159
29,29,6,21,0,15,0,247.8049186,56.61192007,18.45229743,11.3880895
29,28,6,22,0,15,0,232.6893268,60.51842424,17.91540596,11.33249189
29,27,6,23,0,15,0,217.1498755,63.68286156,17.10943042,11.50440959
29.2,30.8,6,19,0,15,0,255.3200525,48.73550048,22.91589687,8.929707055
29.2,29.8,6,20,0,15,0,285.6801295,51.66560829,21.80818515,9.970194159
29.2,28.8,6,21,0,15,0,287.788963,60.19159094,19.8092488,11.3880895
29.4,31.6,6,18,0,15,0,203.8573005,51.81689848,19.90866367,9.610361387
28,32,6,18,0,16,0,209.7203274,50.6013524,23.19771861,11.84487948
28,31,6,19,0,16,0,222.4584844,51.58478242,21.33046679,10.06172281
28,30,6,20,0,16,0,242.7420169,52.16690203,19.23967173,11.10254813
28,29,6,21,0,16,0,240.8889568,52.95299727,19.11450039,9.970194159
28,28,6,22,0,16,0,231.6110069,55.62422527,18.97606555,11.62946701
28.2,31.8,6,18,0,16,0,230.5823265,51.58371171,22.05120134,11.84487948
28.2,30.8,6,19,0,16,0,258.3239464,52.44022475,22.02379487,10.06172281
28.2,29.8,6,20,0,16,0,283.3409568,52.35478446,20.10369925,11.10254813
27,33,6,17,0,17,0,207.4872424,53.52137623,22.47365626,11.76951886
27,32,6,18,0,17,0,208.6390645,57.32467344,22.36060609,11.84487948
27,31,6,19,0,17,0,226.3658036,53.52076802,19.69307719,10.06172281
27,30,6,20,0,17,0,239.2794563,53.21189082,19.24055808,11.10254813
27,29,6,21,0,17,0,235.5915248,52.65301652,18.91049063,9.970194159
27.2,32.8,6,17,0,17,0,227.8008863,51.53765627,21.47132126,11.76951886
27.2,31.8,6,18,0,17,0,233.8185237,55.68781006,21.60932405,11.84487948
26,33,6,17,0,18,0,202.4253508,53.98057614,21.6944678,11.76951886
26,32,6,18,0,18,0,205.306499,57.43060099,19.87682419,11.84487948
26,31,6,19,0,18,0,222.4223108,54.26527007,18.93174357,9.610361387
26,30,6,20,0,18,0,235.896932,54.50621344,18.90981381,8.929707055
26.2,33.8,6,16,0,18,0,223.1414662,49.27889662,20.23622493,10.62899558
26.2,32.8,6,17,0,18,0,229.9318607,56.26608195,20.94536559,11.76951886
25,34,6,16,0,19,0,205.162461,49.74972038,21.14423927,9.909534571
25,33,6,17,0,19,0,202.451243,53.90248145,20.58512209,10.62899558
25,32,6,18,0,19,0,207.1431416,57.35610748,18.43951133,11.76951886
25.2,33.8,6,16,0,19,0,226.0721497,51.53540211,20.89625864,10.62899558
24,35,6,15,0,20,0,207.3844462,46.95795442,20.83360626,9.097369729
24,34,6,16,0,20,0,200.7285433,48.75940303,21.15040359,9.909534571
24,33,6,17,0,20,0,203.6626818,48.84136837,19.99859132,10.62899558
24.2,34.8,6,15,0,20,0,218.4894001,47.0417753,19.8032484,9.097369729
23,35,6,15,0,21,0,206.3783079,46.30029372,21.56616694,9.097369729
23,34,6,16,0,21,0,206.526031,48.05398271,20.39773017,9.909534571
23.2,35.8,6,14,0,21,0,210.4754035,44.95305725,19.85006882,9.097369729
22,36,6,14,0,22,0,209.4968326,42.63042106,21.46656946,9.097369729
22,35,6,15,0,22,0,203.9321086,45.54173636,21.39643506,9.097369729
21,37,6,13,0,23,0,200.8431231,39.9270697,22.58857265,8.451159347
20,25,6,25,0,24,0,202.5630468,69.62585517,17.61017022,11.33249189
20.2,24.8,6,25,0,24,0,226.6155566,69.60892316,17.46353685,11.33249189
43,22,7,16,12,0,0,203.1569919,72.51883625,20.39643122,11.54928549
43,21,7,16,13,0,0,201.5915881,75.9373522,17.72869647,11.54928549
43,20,7,16,14,0,0,203.9497761,72.48612592,18.14857144,11.54928549
43,23,7,17,10,0,0,201.1606321,62.58311262,19.84730093,10.94587078
43,22,7,17,11,0,0,213.9852389,71.67251363,21.10787645,11.54928549
43,21,7,17,12,0,0,212.0411653,77.36335187,18.92718481,11.54928549
43,20,7,17,13,0,0,209.5057422,75.25698165,19.43091609,11.54928549
43,23,7,18,9,0,0,206.4735516,58.72148984,22.576017,10.94587078
43,22,7,18,10,0,0,220.5700451,66.12279484,20.81527975,11.54928549
43,21,7,18,11,0,0,219.0818552,76.80028708,19.66952596,11.54928549
43,20,7,18,12,0,0,249.9121661,75.58352098,18.76506231,11.54928549
43,24,7,19,7,0,0,203.7197687,51.70370675,21.47884627,11.26495328
43,23,7,19,8,0,0,204.2174949,57.04206775,21.93915272,10.94587078
43,22,7,19,9,0,0,215.745272,66.35907629,23.95089447,11.54928549
43,21,7,19,10,0,0,238.7967642,72.43821059,21.4191402,11.54928549
43,20,7,19,11,0,0,258.605885,76.47135287,19.22397627,11.54928549
43,25,7,20,5,0,0,204.3609636,43.05143386,22.32488595,11.68737853
43,24,7,20,6,0,0,206.1954096,51.98575869,21.39313001,11.70590656
43,23,7,20,7,0,0,213.3945624,55.89256803,21.74243513,10.94587078
43,22,7,20,8,0,0,218.8622788,63.73560475,22.26132088,11.54928549
43,21,7,20,9,0,0,250.1437661,69.4467281,24.09794269,11.54928549
43,20,7,20,10,0,0,259.143918,75.89927712,22.07549829,11.54928549
43,24,7,21,5,0,0,219.3795928,50.73895958,22.27167021,11.70590656
43,23,7,21,6,0,0,221.558934,55.09322864,21.54734938,10.94587078
43,22,7,21,7,0,0,239.2876973,63.67905065,22.53246575,11.54928549
43,21,7,21,8,0,0,255.2844588,66.49832962,22.85436716,11.54928549
43,20,7,21,9,0,0,255.3228932,69.27451268,21.06279045,11.54928549
43,23,7,22,5,0,0,253.8945837,55.12902909,22.67903347,10.94587078
43,22,7,22,6,0,0,266.4452388,67.37735329,22.8564161,11.54928549
43,21,7,22,7,0,0,265.3297144,68.40997984,22.36670882,11.54928549
43,20,7,22,8,0,0,265.9078927,71.84658876,20.47134863,11.54928549
43,27,7,23,0,0,0,201.8729436,43.25721005,20.2794746,11.35471999
43,22,7,23,5,0,0,287.8265637,64.62851844,22.71549872,11.54928549
43,21,7,23,6,0,0,297.5756706,68.11745346,23.23065808,11.54928549
43,20,7,23,7,0,0,295.8933664,75.202092,20.66911613,11.54928549
43,26,7,24,0,0,0,222.4243795,42.68640965,20.60165631,12.36509588
43,21,7,24,5,0,0,308.8263805,73.03357577,23.46424033,11.54928549
43,20,7,24,6,0,0,305.2141307,78.99577126,22.50226804,11.54928549
43,25,7,25,0,0,0,279.8190919,42.79768892,26.548599,11.46030734
43,20,7,25,5,0,0,321.9474533,84.26035212,23.26171488,11.54928549
43.2,25.8,7,24,0,0,0,212.1037495,42.41194529,18.51852445,12.42415444
43.2,24.8,7,25,0,0,0,261.4564289,42.55571876,22.21826409,11.68737853
42,20,7,18,12,1,0,201.8838684,77.17558141,17.54530888,11.54928549
42,22,7,19,9,1,0,200.4753007,70.20026615,23.70216751,11.54928549
42,21,7,19,10,1,0,201.106359,77.64377869,21.12230651,11.54928549
42,20,7,19,11,1,0,224.8976887,79.38404942,19.26197667,11.54928549
42,23,7,20,7,1,0,204.3838206,56.6052691,22.18805744,10.94587078
42,22,7,20,8,1,0,205.525711,69.50238142,23.62667584,11.54928549
42,21,7,20,9,1,0,215.2845383,78.27538204,22.04044728,11.54928549
42,20,7,20,10,1,0,229.8655244,79.36027668,20.65445318,11.54928549
42,24,7,21,5,1,0,211.9536093,47.02537227,22.39940817,11.70590656
42,23,7,21,6,1,0,216.8580228,56.21984584,22.25892264,10.94587078
42,22,7,21,7,1,0,210.0018328,63.85557053,22.78955671,11.54928549
42,21,7,21,8,1,0,222.5249829,70.59899291,21.91316548,11.54928549
42,20,7,21,9,1,0,245.828714,79.25844592,20.69446089,11.54928549
42,23,7,22,5,1,0,230.2065706,52.19038632,22.42508299,10.94587078
42,22,7,22,6,1,0,248.9746337,59.24587743,23.11120888,11.54928549
42,21,7,22,7,1,0,241.5064399,73.56695323,23.24077079,11.54928549
42,20,7,22,8,1,0,254.5353654,79.97497513,20.839202,11.54928549
42,22,7,23,5,1,0,253.8698006,58.65685677,23.51755327,11.54928549
42,21,7,23,6,1,0,265.805657,70.36702822,23.37611603,11.54928549
42,20,7,23,7,1,0,270.4249475,82.95566925,21.37311558,11.54928549
42,26,7,24,0,1,0,201.3047263,42.07268961,23.71256503,12.36509588
42,21,7,24,5,1,0,282.1136767,74.48971304,23.49477224,11.54928549
42,20,7,24,6,1,0,292.7018256,84.65579348,21.72085464,11.54928549
42,25,7,25,0,1,0,238.6443329,42.20124818,26.79213443,11.46030734
42,20,7,25,5,1,0,309.4077648,89.90955636,21.93911579,11.54928549
42.2,24.8,7,25,0,1,0,233.8802405,42.26764659,23.66896063,11.46030734
42.4,24.6,7,25,0,1,0,225.8548183,42.49295373,20.26949849,11.46030734
41,20,7,20,10,2,0,203.0216168,83.39857588,20.51638902,11.54928549
41,21,7,21,8,2,0,201.1390961,76.82879976,19.29368939,11.54928549
41,20,7,21,9,2,0,206.7632366,82.28675117,19.6637086,11.54928549
41,22,7,22,6,2,0,209.3768712,53.18913326,21.45791193,10.94587078
41,21,7,22,7,2,0,227.1503618,73.96372718,18.86678846,11.54928549
41,20,7,22,8,2,0,228.1108513,85.67534543,18.49057846,11.54928549
41,22,7,23,5,2,0,238.9964011,54.41989091,21.85454049,10.94587078
41,21,7,23,6,2,0,240.52185,74.25771409,20.75300036,11.54928549
41,20,7,23,7,2,0,257.6124143,83.41752998,19.18596322,11.54928549
41,21,7,24,5,2,0,255.9097158,73.77311974,21.85302881,11.54928549
41,20,7,24,6,2,0,276.343147,87.92462812,20.17269485,11.54928549
41,20,7,25,5,2,0,289.2613701,93.78696623,20.59153349,11.54928549
40,20,7,21,9,3,0,209.6764502,85.41803685,17.34834115,11.54928549
40,21,7,22,7,3,0,214.7867182,63.54896514,16.45103657,11.54928549
40,20,7,22,8,3,0,224.2258854,85.77941014,15.90077887,11.54928549
40,21,7,23,6,3,0,228.4315381,64.78013427,18.63767319,11.54928549
40,20,7,23,7,3,0,230.5855626,82.22200107,16.85156443,11.54928549
40,21,7,24,5,3,0,248.8342272,69.43604508,18.72862248,11.54928549
40,20,7,24,6,3,0,247.7876384,86.56048763,17.71581587,11.54928549
40,25,7,25,0,3,0,209.0451939,43.29990205,22.2199834,12.42415444
40,20,7,25,5,3,0,264.9247187,83.52855871,18.40184259,11.54928549
40.2,24.8,7,25,0,3,0,203.7951647,43.67468809,20.78447711,12.42415444
39,20,7,23,7,4,0,210.0630197,78.10289653,13.45011123,11.54928549
39,21,7,24,5,4,0,200.513746,73.05749962,14.33079852,11.54928549
39,20,7,24,6,4,0,217.3088308,84.40312223,14.19759657,11.54928549
39,20,7,25,5,4,0,213.329837,87.50706035,13.86751924,11.54928549
38,20,7,25,5,5,0,201.4829994,87.4954781,12.28336569,11.54928549
31,29,7,21,0,12,0,214.5841161,53.71214916,22.0056042,11.62946701
31,28,7,22,0,12,0,208.3773249,53.36715155,18.73411188,11.58753493
30,30,7,20,0,13,0,210.389481,50.41121242,23.52924071,9.970194159
30,29,7,21,0,13,0,228.2639688,53.24063965,21.46325759,11.62946701
29,30,7,20,0,14,0,247.0113807,47.97801634,23.29605648,9.970194159
42,20,8,18,12,0,0,216.608457,75.26454661,17.54591494,11.54928549
42,22,8,19,9,0,0,200.097252,65.95551274,22.47227481,11.54928549
42,21,8,19,10,0,0,202.5416859,70.16376142,21.14215955,11.54928549
42,20,8,19,11,0,0,234.101824,74.87424153,18.87925699,11.54928549
42,23,8,20,7,0,0,200.4182246,52.40905062,21.1608269,10.94587078
42,22,8,20,8,0,0,209.9134146,65.45503352,21.85399608,11.54928549
42,21,8,20,9,0,0,220.1910953,64.79416408,22.63339547,11.54928549
42,20,8,20,10,0,0,235.5931739,74.06916121,20.14779817,11.54928549
42,24,8,21,5,0,0,216.8564089,42.40752189,21.92428442,11.70590656
42,23,8,21,6,0,0,211.8628459,50.38965755,21.05138124,10.94587078
42,22,8,21,7,0,0,218.5857938,58.99531274,21.11019728,11.54928549
42,21,8,21,8,0,0,244.8118186,66.82994945,21.55439801,11.54928549
42,20,8,21,9,0,0,240.0636549,72.72666997,20.71283435,11.54928549
42,23,8,22,5,0,0,223.0805442,49.65303052,21.48643621,10.94587078
42,22,8,22,6,0,0,237.0854824,61.67378538,21.19065084,11.54928549
42,21,8,22,7,0,0,250.6426108,66.93387642,22.23043731,11.54928549
42,20,8,22,8,0,0,253.8519737,65.01472279,20.97929346,11.54928549
42,22,8,23,5,0,0,265.2820298,62.25857249,21.82419536,11.54928549
42,21,8,23,6,0,0,273.6754366,64.02747088,22.14905923,11.54928549
42,20,8,23,7,0,0,277.4194452,72.13448893,22.1093617,11.54928549
42,26,8,24,0,0,0,209.3424341,43.02757075,20.43080055,12.36509588
42,21,8,24,5,0,0,290.83785,69.35672024,22.77764725,11.54928549
42,20,8,24,6,0,0,293.2121423,73.69076049,22.60618596,11.54928549
42,25,8,25,0,0,0,251.4256702,41.93944663,23.64747281,11.46030734
42,20,8,25,5,0,0,311.7265356,75.831283,22.66460172,11.54928549
42.2,25.8,8,24,0,0,0,209.3680181,42.93137324,18.45815809,12.42415444
42.2,24.8,8,25,0,0,0,243.6610321,42.14079052,20.06704545,11.68737853
41,20,8,20,10,1,0,214.0231356,76.57843875,20.78571336,11.54928549
41,23,8,21,6,1,0,201.3158323,48.33579046,21.14113399,10.94587078
41,21,8,21,8,1,0,206.7737584,67.86441838,22.5951068,11.54928549
41,20,8,21,9,1,0,225.1016147,76.07288364,20.69868088,11.54928549
41,23,8,22,5,1,0,210.3691978,46.60147572,21.95373121,10.94587078
41,22,8,22,6,1,0,214.7611267,54.12203038,22.20270504,11.54928549
41,21,8,22,7,1,0,228.8154849,68.80331055,22.48245124,11.54928549
41,20,8,22,8,1,0,240.528876,73.5168098,20.1822938,11.54928549
41,22,8,23,5,1,0,244.7694316,53.14747772,22.30798421,10.94587078
41,21,8,23,6,1,0,246.8958882,66.83994965,23.0167147,11.54928549
41,20,8,23,7,1,0,261.1819621,75.26990295,21.28175832,11.54928549
41,21,8,24,5,1,0,266.9058664,68.411305,22.58147855,11.54928549
41,20,8,24,6,1,0,278.8142277,77.86191791,22.50127708,11.54928549
41,20,8,25,5,1,0,298.2919919,85.96503162,22.68586089,11.54928549
40,20,8,21,9,2,0,208.6593159,79.90254551,17.62087978,11.54928549
40,22,8,22,6,2,0,201.6170778,52.75842782,19.58665023,10.94587078
40,21,8,22,7,2,0,207.8691294,60.3764616,18.83813839,11.54928549
40,20,8,22,8,2,0,221.5471957,80.09794367,17.80302679,11.54928549
40,22,8,23,5,2,0,222.0765957,52.54931973,21.2589024,10.94587078
40,21,8,23,6,2,0,223.0097063,60.17249156,21.31151872,11.54928549
40,20,8,23,7,2,0,232.5130302,76.02344329,17.78390783,11.54928549
40,21,8,24,5,2,0,244.6275074,58.73380015,20.85220186,11.54928549
40,20,8,24,6,2,0,256.5506644,71.37640919,19.87825462,11.54928549
40,25,8,25,0,2,0,213.8096504,40.14024021,23.9331084,12.42415444
40,20,8,25,5,2,0,277.8303705,79.5107805,19.90304287,11.54928549
39,20,8,22,8,3,0,217.9437339,73.84840189,14.58836768,11.54928549
39,21,8,23,6,3,0,215.0250848,65.83457574,18.13825091,11.54928549
39,21,8,24,5,3,0,230.5764202,62.28956569,18.6544699,11.54928549
41,20,9,19,11,0,0,209.163663,73.89694455,19.15050769,11.54928549
41,21,9,20,9,0,0,201.2003446,65.4090133,22.71830273,11.54928549
41,20,9,20,10,0,0,221.8169936,73.42048944,22.39853179,11.54928549
41,24,9,21,5,0,0,200.9114003,42.48006822,21.63161095,11.70590656
41,22,9,21,7,0,0,207.0625542,60.74479031,21.60581069,11.54928549
41,21,9,21,8,0,0,228.7267474,67.15377854,23.35877098,11.54928549
41,20,9,21,9,0,0,237.3788796,71.24160788,23.40247961,11.54928549
41,23,9,22,5,0,0,207.7473568,41.56604353,21.82786076,10.94587078
41,22,9,22,6,0,0,223.4214729,54.0335602,22.36620595,11.54928549
41,21,9,22,7,0,0,242.706616,66.06608867,22.59603327,11.54928549
41,20,9,22,8,0,0,247.0320084,66.29248879,22.61834202,11.54928549
41,22,9,23,5,0,0,252.7446191,50.97348903,22.48258705,11.54928549
41,21,9,23,6,0,0,258.3753159,62.55667382,22.76319469,11.54928549
41,20,9,23,7,0,0,264.7870408,68.41048748,22.6312371,11.54928549
41,26,9,24,0,0,0,203.6805224,43.55999945,19.71208408,12.36509588
41,21,9,24,5,0,0,277.906383,63.93341461,23.30201918,11.54928549
41,20,9,24,6,0,0,279.9912776,68.18071332,23.25828145,11.54928549
41,25,9,25,0,0,0,228.1537724,42.31192602,21.49092548,11.46030734
41,20,9,25,5,0,0,295.7114815,73.9968462,23.40503989,11.54928549
40,20,9,21,9,1,0,208.9974455,75.61456269,20.05566389,11.54928549
40,23,9,22,5,1,0,200.7000623,42.16804,20.88208409,11.26495328
40,21,9,22,7,1,0,214.6002109,59.2259514,21.4131967,11.54928549
40,20,9,22,8,1,0,231.5093144,76.13380618,22.39857993,11.54928549
40,22,9,23,5,1,0,221.4029785,45.29088211,21.17864964,10.94587078
40,21,9,23,6,1,0,228.8466878,61.20540081,21.44405532,11.54928549
40,20,9,23,7,1,0,245.9953705,71.44648348,21.46400528,11.54928549
40,21,9,24,5,1,0,254.907742,61.33501582,21.73309934,11.54928549
40,20,9,24,6,1,0,267.9998955,69.05579885,22.38176592,11.54928549
40,25,9,25,0,1,0,203.8709381,40.94259646,23.47053121,11.46030734
40,20,9,25,5,1,0,282.5274056,73.0702919,21.58162297,11.54928549
39,21,9,22,7,2,0,201.0412414,61.64486691,18.687995,11.54928549
39,20,9,22,8,2,0,219.1975847,72.86690517,16.60932089,11.54928549
39,22,9,23,5,2,0,201.3542927,48.62735119,19.60294492,10.94587078
39,21,9,23,6,2,0,208.6529472,57.99717454,19.17680111,11.54928549
39,20,9,23,7,2,0,223.4142977,70.00249825,17.25354315,11.54928549
39,21,9,24,5,2,0,223.5673631,59.43889567,19.87501673,11.54928549
39,20,9,24,6,2,0,242.395317,67.61337196,19.1548711,11.54928549
39,20,9,25,5,2,0,254.4098677,69.80962322,19.68906434,11.54928549
40,20,10,20,10,0,0,214.2541578,71.92741793,21.81084467,11.54928549
40,21,10,21,8,0,0,207.4897496,59.65474264,21.51564057,11.54928549
40,20,10,21,9,0,0,230.0968692,71.43360471,22.13872486,11.54928549
40,23,10,22,5,0,0,201.580355,41.04673531,21.84718471,10.94587078
40,22,10,22,6,0,0,201.2373601,45.91062023,21.20018522,11.54928549
40,21,10,22,7,0,0,236.0528316,57.46041097,21.53279383,11.54928549
40,20,10,22,8,0,0,229.2052731,69.94754673,22.54559164,11.54928549
40,22,10,23,5,0,0,219.5233934,43.86970747,22.40402236,11.54928549
40,21,10,23,6,0,0,235.2555978,52.96628492,21.15405492,11.54928549
40,20,10,23,7,0,0,240.3899896,65.96621282,21.73972356,11.54928549
40,21,10,24,5,0,0,256.6015327,49.06633719,22.14114836,11.54928549
40,20,10,24,6,0,0,261.8254915,64.85912519,23.18491481,11.54928549
40,25,10,25,0,0,0,218.9138326,41.94072608,20.4736917,11.46030734
40,20,10,25,5,0,0,286.3109481,59.92589115,22.95618707,11.54928549
39,20,10,22,8,1,0,216.6768812,68.07612082,21.05311937,11.54928549
39,21,10,23,6,1,0,216.0318361,56.58068198,19.43385572,11.54928549
39,20,10,23,7,1,0,235.5483696,65.05746052,20.05036065,11.54928549
39,21,10,24,5,1,0,228.8194541,52.77074344,20.79371759,11.54928549
39,20,10,24,6,1,0,247.2004083,61.51348221,20.6919808,11.54928549
39,20,10,25,5,1,0,263.3760607,63.04420134,21.15045386,11.54928549
39,20,11,21,9,0,0,219.4451138,65.6489182,22.09432855,11.54928549
39,21,11,22,7,0,0,211.5757317,51.41321808,20.99050354,11.54928549
39,20,11,22,8,0,0,231.6349848,63.86489857,21.84009672,11.54928549
39,22,11,23,5,0,0,206.8261425,42.28316554,20.39267475,11.54928549
39,21,11,23,6,0,0,230.9017759,49.98574008,20.97415299,11.54928549
39,20,11,23,7,0,0,239.1782766,53.9730085,22.30110096,11.54928549
39,21,11,24,5,0,0,246.4488793,46.43614669,22.16487334,11.54928549
39,20,11,24,6,0,0,254.9406456,51.24616181,20.95859665,11.54928549
39,25,11,25,0,0,0,204.7605626,40.12901429,19.28773466,11.46030734
39,20,11,25,5,0,0,270.9892314,51.52862791,22.06811707,11.54928549
38,20,11,23,7,1,0,229.61572,61.872542,18.90003226,11.54928549
38,21,11,24,5,1,0,217.786317,47.87463549,19.09857646,11.54928549
38,20,11,24,6,1,0,236.6399117,53.13289006,19.33124223,11.54928549
38,20,11,25,5,1,0,247.6374261,53.87021806,20.21653968,11.54928549
38,20,12,21,9,0,0,202.092042,56.97767993,20.35388922,11.54928549
38,20,12,22,8,0,0,220.377498,55.03664254,20.66352824,11.54928549
38,21,12,23,6,0,0,216.9671059,49.37981301,20.7069257,11.54928549
38,20,12,23,7,0,0,228.4362199,48.4781093,20.13664969,11.54928549
38,21,12,24,5,0,0,234.5345009,43.94812371,19.85522075,11.54928549
38,20,12,24,6,0,0,244.4349951,50.39185655,19.97894469,11.54928549
38,20,12,25,5,0,0,251.803678,50.01198463,20.20624547,11.54928549
37,20,12,23,7,1,0,211.8306406,56.47495852,18.21925478,11.54928549
37,21,12,24,5,1,0,200.1258972,45.72813479,17.65164847,11.54928549
37,20,13,23,7,0,0,218.7231792,51.42608026,18.66715613,11.54928549
37,21,13,24,5,0,0,219.3898403,45.30101758,18.80361229,11.54928549
37,20,13,24,6,0,0,234.0662064,48.68720086,18.76804899,11.54928549
37,20,13,25,5,0,0,239.1383016,45.72937942,18.86869216,11.54928549
36,20,14,23,7,0,0,202.6909596,47.72761435,17.97529774,11.54928549
36,20,14,24,6,0,0,227.8177094,45.91002061,17.62580992,11.54928549
36,20,14,25,5,0,0,227.6631456,47.15824724,18.88487715,11.54928549
35,20,15,24,6,0,0,206.7567684,49.02054517,16.9358581,11.54928549
35,20,15,25,5,0,0,219.9299585,47.45828028,18.33395651,11.54928549
34,20,16,25,5,0,0,205.7634508,46.35107705,17.58765379,11.54928549
49,26,0,0,24,0,1,204.0582138,77.80027036,23.9000116,11.70590656
49,25,0,0,25,0,1,206.148538,88.4458096,21.98149227,10.94587078
49,26,0,5,19,0,1,202.7870366,66.77238409,29.22887439,11.81101164
49,25,0,5,20,0,1,209.7581167,79.89653274,29.66898289,11.26495328
49,24,0,5,21,0,1,211.923535,87.68119033,30.05733397,10.94587078
49,23,0,5,22,0,1,204.1830029,93.69913968,30.40902027,11.54928549
49,22,0,5,23,0,1,203.1566263,95.85462001,28.68219385,11.54928549
49,21,0,5,24,0,1,208.3790904,95.41699237,28.94155329,11.54928549
49,26,0,6,18,0,1,208.4754915,61.09130964,30.42798916,11.81101164
49,25,0,6,19,0,1,214.2410455,76.25995623,29.5386192,11.26495328
49,24,0,6,20,0,1,211.4276139,87.1081836,30.10797691,10.94587078
49,23,0,6,21,0,1,204.1084935,87.4766708,30.15391565,11.54928549
49,21,0,6,23,0,1,202.6127483,94.86099483,29.43424203,11.54928549
49,25,0,7,18,0,1,204.213365,76.43976614,30.2282357,11.26495328
49,24,0,7,19,0,1,206.4647487,83.13165472,31.16535597,10.94587078
49,21,0,7,22,0,1,203.3101029,94.01338956,30.34922967,11.54928549
49,25,0,8,17,0,1,207.2761479,73.36595859,30.87118352,11.26495328
49,24,0,8,18,0,1,206.9062987,81.35040948,30.75031547,10.94587078
49,23,0,8,19,0,1,206.9337917,82.18985455,31.17463338,11.54928549
49,22,0,8,20,0,1,209.7139016,82.88950234,30.2942047,11.54928549
49,21,0,8,21,0,1,209.782926,92.9373264,30.8166604,11.54928549
49,20,0,8,22,0,1,201.8853886,94.86529319,30.20338161,11.54928549
49,27,0,9,14,0,1,200.5964869,56.02245704,29.64930542,12.42415444
49,26,0,9,15,0,1,205.2658748,59.61313698,30.29793274,11.68737853
49,25,0,9,16,0,1,209.1967503,66.17954749,30.51173745,11.70590656
49,24,0,9,17,0,1,211.3183896,77.25486943,32.25027683,10.94587078
49,23,0,9,18,0,1,202.8313138,82.18179294,30.85134152,11.54928549
49,22,0,9,19,0,1,213.5679151,84.23361411,29.99701892,11.54928549
49,21,0,9,20,0,1,221.872091,89.13570548,31.19097372,11.54928549
49,20,0,9,21,0,1,227.2502975,95.35043431,30.1082616,11.54928549
49,28,0,10,12,0,1,206.7108237,53.93957052,27.52489303,11.35471999
49,27,0,10,13,0,1,219.4289473,54.92823334,28.61075826,12.42415444
49,26,0,10,14,0,1,222.5886015,60.23307876,28.96537391,11.68737853
49,25,0,10,15,0,1,228.5809338,62.59826368,29.90462697,11.70590656
49,24,0,10,16,0,1,220.2837765,76.86140945,30.97775517,10.94587078
49,23,0,10,17,0,1,227.7823098,83.94559665,30.99192152,11.54928549
49,22,0,10,18,0,1,240.173957,83.0430635,29.45758374,11.54928549
49,21,0,10,19,0,1,250.1759714,89.19891584,29.75549104,11.54928549
49,20,0,10,20,0,1,261.4464733,92.10754225,30.20775957,11.54928549
49,28,0,11,11,0,1,201.624353,51.97449719,27.02055923,11.35471999
49,27,0,11,12,0,1,217.5624475,57.01146955,28.83276315,12.42415444
49,26,0,11,13,0,1,225.1053901,58.66856219,28.67355436,11.68737853
49,25,0,11,14,0,1,230.1441694,63.53934646,29.73271988,11.70590656
49,24,0,11,15,0,1,219.7673215,70.76648261,29.98513539,10.94587078
49,23,0,11,16,0,1,246.0007252,80.0657295,30.50287739,11.54928549
49,22,0,11,17,0,1,259.824907,85.17162143,30.44349504,11.54928549
49,21,0,11,18,0,1,268.8463594,85.29951978,30.22639729,11.54928549
49,20,0,11,19,0,1,267.9683049,93.06141844,28.73318894,11.54928549
49,27,0,12,11,0,1,220.1235336,52.44738214,28.8659312,12.42415444
49,26,0,12,12,0,1,233.9620894,59.80626895,28.41469603,11.68737853
49,25,0,12,13,0,1,239.697901,64.63372394,29.21991447,11.70590656
49,24,0,12,14,0,1,254.9975745,71.70970969,29.36478821,10.94587078
49,23,0,12,15,0,1,272.6841008,79.63362523,29.96222234,11.54928549
49,22,0,12,16,0,1,286.8403893,86.22926347,30.10361844,11.54928549
49,21,0,12,17,0,1,291.2359426,85.87455677,30.75024788,11.54928549
49,20,0,12,18,0,1,294.2053475,90.94515543,30.78201767,11.54928549
49,28,0,13,9,0,1,200.9839137,46.7215058,28.25916291,11.35471999
49,27,0,13,10,0,1,229.0312387,50.79098542,27.94148224,12.36509588
49,26,0,13,11,0,1,247.8253734,58.78744058,28.49795184,11.68737853
49,25,0,13,12,0,1,256.9901024,63.94447209,28.89443652,11.70590656
49,24,0,13,13,0,1,264.3809676,75.68457742,28.82699713,10.94587078
49,23,0,13,14,0,1,280.6443073,77.4639021,29.5536067,11.54928549
49,22,0,13,15,0,1,294.2887345,81.28303262,29.60644179,11.54928549
49,21,0,13,16,0,1,294.0489128,85.80707563,30.59181251,11.54928549
49,20,0,13,17,0,1,304.7574648,84.36286365,30.11422517,11.54928549
49,28,0,14,8,0,1,202.5797915,43.79491575,26.81048458,11.35471999
49,27,0,14,9,0,1,230.7625956,50.9620843,28.02668248,12.36509588
49,26,0,14,10,0,1,257.4229618,52.89798365,29.13425693,11.46030734
49,25,0,14,11,0,1,274.9810697,63.13211699,28.31836344,11.70590656
49,24,0,14,12,0,1,284.6282813,74.02992215,27.57966728,10.94587078
49,23,0,14,13,0,1,289.8130659,72.81891074,29.28529194,11.54928549
49,22,0,14,14,0,1,291.596058,79.4827891,29.4581423,11.54928549
49,21,0,14,15,0,1,300.067335,81.6656697,29.30806928,11.54928549
49,20,0,14,16,0,1,306.804722,82.73086794,29.012371,11.54928549
49,30,0,15,5,0,1,203.6220465,42.80639385,29.03325928,11.6088616
49,29,0,15,6,0,1,204.736694,43.07315794,29.35743034,11.91676098
49,28,0,15,7,0,1,215.8547105,43.32450831,27.76370155,11.35471999
49,27,0,15,8,0,1,240.1264826,44.69437865,26.93395198,12.36509588
49,26,0,15,9,0,1,278.8529357,50.79739671,27.63054375,11.46030734
49,25,0,15,10,0,1,298.4066255,56.13918094,28.80243285,11.81101164
49,24,0,15,11,0,1,306.9763735,74.1049673,27.52991437,10.94587078
49,23,0,15,12,0,1,309.8418875,74.5584681,28.34918342,11.54928549
49,22,0,15,13,0,1,307.3476261,75.83435965,28.77597597,11.54928549
49,21,0,15,14,0,1,320.3727405,79.94309029,29.35931036,11.54928549
49,20,0,15,15,0,1,332.9622819,84.02991474,29.0612498,11.54928549
49,28,0,16,6,0,1,216.7339705,40.77608869,28.80481057,11.35471999
49,27,0,16,7,0,1,235.1041645,43.59005737,29.66960076,12.36509588
49,26,0,16,8,0,1,292.491508,46.32357039,28.37529869,11.46030734
49,25,0,16,9,0,1,306.022841,52.8876001,27.90004352,11.81101164
49,24,0,16,10,0,1,304.1388508,69.74516837,27.31241545,11.26495328
49,23,0,16,11,0,1,304.5833192,73.73392524,27.30038315,10.94587078
49,22,0,16,12,0,1,318.3673732,74.23398112,27.9631321,11.54928549
49,21,0,16,13,0,1,317.3671261,77.82587652,28.70399439,11.54928549
49,20,0,16,14,0,1,345.4554283,79.19620164,28.98504278,11.54928549
49,28,0,17,5,0,1,223.0483807,40.21559816,29.91202033,11.35471999
49,27,0,17,6,0,1,248.1609697,43.23335677,30.28520798,12.36509588
49,26,0,17,7,0,1,296.7542706,43.3641381,30.05984881,11.46030734
49,25,0,17,8,0,1,304.3552996,50.16315375,30.97017287,11.81101164
49,24,0,17,9,0,1,315.5577661,63.71244308,27.2144941,11.26495328
49,23,0,17,10,0,1,327.2907761,66.03245351,26.53346071,10.94587078
49,22,0,17,11,0,1,334.0025228,69.93285848,27.85019602,11.54928549
49,21,0,17,12,0,1,344.2660824,74.30708168,27.80929057,11.54928549
49,20,0,17,13,0,1,346.5902037,77.70516612,27.84441898,11.54928549
49,27,0,18,5,0,1,264.7910147,43.65961977,30.1070896,12.36509588
49,26,0,18,6,0,1,302.6769204,44.27211878,30.08481329,11.46030734
49,25,0,18,7,0,1,314.7125845,51.52782058,31.40819636,11.81101164
49,24,0,18,8,0,1,338.9718259,55.6478449,29.97518245,11.26495328
49,23,0,18,9,0,1,332.5240336,61.73869681,29.32995291,10.94587078
49,22,0,18,10,0,1,337.7493647,64.96436939,27.711174,11.54928549
49,21,0,18,11,0,1,364.1348454,73.52186381,27.05451553,11.54928549
49,20,0,18,12,0,1,365.3761247,76.58387973,27.92952237,11.54928549
49,26,0,19,5,0,1,300.6084141,45.06781813,30.62144891,11.46030734
49,25,0,19,6,0,1,335.0382391,44.21949676,31.43042557,11.81101164
49,24,0,19,7,0,1,356.1002429,52.8431377,30.86677192,11.26495328
49,23,0,19,8,0,1,358.4745688,60.50855372,29.34592732,10.94587078
49,22,0,19,9,0,1,362.0813403,62.21819344,30.05158889,11.54928549
49,21,0,19,10,0,1,375.5629845,72.84461083,29.90050607,11.54928549
49,20,0,19,11,0,1,380.6891006,79.2154238,27.85662764,11.54928549
49,30,0,20,0,0,1,219.7844814,40.00288499,27.82189674,11.54411899
49,25,0,20,5,0,1,373.1543123,45.55441211,32.31260838,11.81101164
49,24,0,20,6,0,1,384.2345553,54.31279248,31.82876661,11.26495328
49,23,0,20,7,0,1,393.1245849,60.22572824,29.4796913,10.94587078
49,22,0,20,8,0,1,378.020981,69.07263689,30.43253189,11.54928549
49,21,0,20,9,0,1,394.7248158,71.41026038,30.83126186,11.54928549
49,20,0,20,10,0,1,386.0364142,74.35011204,29.91760445,11.54928549
49,29,0,21,0,0,1,256.2260213,39.62826504,31.9645375,12.03031036
49,24,0,21,5,0,1,393.2477344,57.79729906,33.03194068,11.26495328
49,23,0,21,6,0,1,402.9001498,65.74981334,30.12691764,10.94587078
49,22,0,21,7,0,1,400.1855187,66.80721008,29.18788682,11.54928549
49,21,0,21,8,0,1,407.2989701,71.52337851,30.53260452,11.54928549
49,20,0,21,9,0,1,407.5623933,80.16842664,29.56453877,11.54928549
49,28,0,22,0,0,1,325.4792503,40.27772858,32.08482023,11.91676098
49,23,0,22,5,0,1,421.9025486,68.66949856,30.78673691,10.94587078
49,22,0,22,6,0,1,433.5677366,67.80071814,30.13678141,11.54928549
49,21,0,22,7,0,1,438.1585264,70.73603598,30.31111535,11.54928549
49,20,0,22,8,0,1,427.1589114,78.08098181,30.06114389,11.54928549
49,27,0,23,0,0,1,365.9083803,50.5328295,32.74930763,11.35471999
49,22,0,23,5,0,1,441.5717581,71.98438121,30.64030955,11.54928549
49,21,0,23,6,0,1,452.4458593,72.37867959,31.35145054,11.54928549
49,20,0,23,7,0,1,456.6996413,83.96810678,30.6853239,11.54928549
49,26,0,24,0,0,1,378.2389555,58.94023827,28.6358418,12.42415444
49,21,0,24,5,0,1,454.1787343,79.43395146,31.67462905,11.54928549
49,20,0,24,6,0,1,463.2190395,84.30801243,31.29046448,11.54928549
49,25,0,25,0,0,1,371.4084059,64.03664643,28.7678063,11.68737853
49,20,0,25,5,0,1,465.5585957,84.03155542,32.11814215,11.54928549
49.2,25.8,0,14,10,0,1,202.7512354,55.60570463,27.6367378,11.68737853
49.2,26.8,0,15,8,0,1,205.1149033,45.33561508,25.2419701,12.36509588
49.2,25.8,0,15,9,0,1,237.2399458,52.71627028,26.52272076,11.68737853
49.2,26.8,0,16,7,0,1,209.0699768,44.0220119,27.74402572,12.36509588
49.2,25.8,0,16,8,0,1,237.7974843,49.48841044,26.75868563,11.46030734
49.2,24.8,0,16,9,0,1,257.8716329,55.19702173,26.12369835,11.81101164
49.2,26.8,0,17,6,0,1,211.4914166,42.60895304,28.48577649,12.36509588
49.2,25.8,0,17,7,0,1,242.2304639,43.5410083,27.71387494,11.46030734
49.2,24.8,0,17,8,0,1,254.6027452,50.08570368,28.8064916,11.81101164
49.2,26.8,0,18,5,0,1,232.6710262,42.28867232,28.70962577,12.36509588
49.2,25.8,0,18,6,0,1,258.8995296,44.31686438,28.62854141,11.46030734
49.2,24.8,0,18,7,0,1,274.5034569,47.72812188,28.84695273,11.81101164
49.2,25.8,0,19,5,0,1,276.4699093,41.77211967,29.480698,11.46030734
49.2,24.8,0,19,6,0,1,291.0015792,44.54814582,29.41343375,11.81101164
49.2,24.8,0,20,5,0,1,325.4741403,47.10930238,30.46608013,11.81101164
49.2,28.8,0,21,0,0,1,234.2441399,41.334733,26.43462174,12.03031036
49.2,27.8,0,22,0,0,1,292.7655314,38.70993628,31.3326812,11.91676098
49.2,26.8,0,23,0,0,1,316.4990948,49.47536066,32.88604928,11.35471999
48,20,0,9,21,1,1,213.4067437,100.0425803,25.9349483,11.54928549
48,24,0,10,16,1,1,200.1901146,89.80998371,27.76801576,10.94587078
48,23,0,10,17,1,1,200.9454759,89.48532477,26.16405722,11.54928549
48,21,0,10,19,1,1,213.0693141,92.6938222,24.1136841,11.54928549
48,20,0,10,20,1,1,222.7021829,100.0351119,24.22353771,11.54928549
48,25,0,11,14,1,1,200.5278608,70.52797646,26.26306719,11.81101164
48,24,0,11,15,1,1,212.3915368,81.11479267,26.83599325,10.94587078
48,23,0,11,16,1,1,214.7500712,87.53850742,27.79500349,11.54928549
48,22,0,11,17,1,1,235.2869701,92.37438156,27.058304,11.54928549
48,21,0,11,18,1,1,244.6967421,93.67277661,25.76301308,11.54928549
48,20,0,11,19,1,1,257.0917182,98.13904353,23.74167906,11.54928549
48,25,0,12,13,1,1,215.8160097,73.30971143,26.06815294,11.81101164
48,24,0,12,14,1,1,219.9024521,78.75814128,26.0409114,11.26495328
48,23,0,12,15,1,1,235.7028152,87.10889244,26.17059844,11.54928549
48,22,0,12,16,1,1,256.6125763,86.97967911,27.0453479,11.54928549
48,21,0,12,17,1,1,264.64571,93.18708355,27.69813407,11.54928549
48,20,0,12,18,1,1,266.3054654,100.0258013,26.89609522,11.54928549
48,26,0,13,11,1,1,205.7626493,66.03455273,27.11078706,11.46030734
48,25,0,13,12,1,1,220.4553126,74.3357845,25.61865394,11.81101164
48,24,0,13,13,1,1,226.0726982,80.53823131,26.35816749,11.26495328
48,23,0,13,14,1,1,253.7316237,87.57642932,26.58091711,10.94587078
48,22,0,13,15,1,1,268.8463175,86.25771927,25.83231206,11.54928549
48,21,0,13,16,1,1,268.9269573,88.05627843,26.32697974,11.54928549
48,20,0,13,17,1,1,269.7778512,91.97144615,27.58590279,11.54928549
48,26,0,14,10,1,1,227.3381067,63.81951831,26.21895757,11.46030734
48,25,0,14,11,1,1,238.4539276,72.65040957,25.37740232,11.81101164
48,24,0,14,12,1,1,262.703124,77.38708032,25.46585558,11.26495328
48,23,0,14,13,1,1,273.7066309,78.67766463,26.62346962,10.94587078
48,22,0,14,14,1,1,281.4282235,85.60841136,26.8674671,11.54928549
48,21,0,14,15,1,1,284.634138,86.10396331,25.77950695,11.54928549
48,20,0,14,16,1,1,290.6825475,85.33116865,26.07933809,11.54928549
48,26,0,15,9,1,1,218.5055239,55.43778006,25.24478372,11.46030734
48,25,0,15,10,1,1,250.7655959,68.72861245,24.37268162,11.81101164
48,24,0,15,11,1,1,276.6844806,73.96957802,23.99800755,11.26495328
48,23,0,15,12,1,1,278.5598849,76.91655126,26.11560101,10.94587078
48,22,0,15,13,1,1,286.749488,81.37053864,26.28360959,11.54928549
48,21,0,15,14,1,1,288.3678052,85.48352556,26.91111801,11.54928549
48,20,0,15,15,1,1,292.2270403,87.32978166,27.37359399,11.54928549
48,26,0,16,8,1,1,212.7590649,51.43128988,25.92284558,11.46030734
48,25,0,16,9,1,1,272.0068352,61.10073191,24.7716063,11.81101164
48,24,0,16,10,1,1,283.7134963,69.42330185,23.43626756,11.26495328
48,23,0,16,11,1,1,286.0873819,76.24355226,24.63464371,10.94587078
48,22,0,16,12,1,1,287.1551204,75.84995673,25.36324176,11.54928549
48,21,0,16,13,1,1,292.48941,84.65033918,26.23341167,11.54928549
48,20,0,16,14,1,1,297.4028194,86.98637332,26.40037241,11.54928549
48,26,0,17,7,1,1,231.8451855,50.74425154,28.18177498,12.42415444
48,25,0,17,8,1,1,285.9015088,52.5893362,28.15283891,11.68737853
48,24,0,17,9,1,1,285.3568157,63.85015614,24.54720347,11.26495328
48,23,0,17,10,1,1,288.2296923,72.15917744,24.71165439,10.94587078
48,22,0,17,11,1,1,304.5823659,71.92246981,23.85957123,11.54928549
48,21,0,17,12,1,1,303.9702393,80.80393199,24.50888376,11.54928549
48,20,0,17,13,1,1,314.9492013,84.86332371,25.58061644,11.54928549
48,27,0,18,5,1,1,206.7798024,45.46461716,28.87346543,11.35471999
48,26,0,18,6,1,1,248.1541818,47.81201764,29.60779379,12.42415444
48,25,0,18,7,1,1,291.0933903,52.74359972,29.09298482,11.68737853
48,24,0,18,8,1,1,292.7797156,57.57418942,27.13952281,11.70590656
48,23,0,18,9,1,1,313.1363394,68.29706587,25.98836734,10.94587078
48,22,0,18,10,1,1,305.4477239,72.32746616,25.45579859,11.54928549
48,21,0,18,11,1,1,312.0388508,76.81697581,24.70539206,11.54928549
48,20,0,18,12,1,1,331.9502317,85.10715523,24.20040199,11.54928549
48,26,0,19,5,1,1,251.775974,48.35413332,29.27740947,12.42415444
48,25,0,19,6,1,1,278.5383306,48.67841082,30.3372118,11.68737853
48,24,0,19,7,1,1,326.173173,56.11696136,27.87312699,11.70590656
48,23,0,19,8,1,1,328.8768287,64.85256458,26.97815085,10.94587078
48,22,0,19,9,1,1,321.9569343,70.80623158,27.33726857,11.54928549
48,21,0,19,10,1,1,325.9483806,75.59165851,26.79699298,11.54928549
48,20,0,19,11,1,1,350.5900429,83.40500844,25.20738354,11.54928549
48,25,0,20,5,1,1,308.033488,47.25313633,30.73408125,11.68737853
48,24,0,20,6,1,1,351.7057442,56.5424284,28.60146051,11.70590656
48,23,0,20,7,1,1,353.833006,65.31454975,27.75929198,10.94587078
48,22,0,20,8,1,1,346.5142141,70.79583,27.83413526,11.54928549
48,21,0,20,9,1,1,335.7993211,74.71803461,27.12679096,11.54928549
48,20,0,20,10,1,1,345.0974311,80.74986543,27.05298274,11.54928549
48,29,0,21,0,1,1,204.0117138,39.3143121,29.15621753,11.6088616
48,24,0,21,5,1,1,361.1180727,63.06287846,27.96851145,11.70590656
48,23,0,21,6,1,1,358.2654334,68.02717357,28.16517893,10.94587078
48,22,0,21,7,1,1,362.4185782,70.74429535,29.231739,11.54928549
48,21,0,21,8,1,1,361.1170513,71.81007259,28.41617199,11.54928549
48,20,0,21,9,1,1,362.7267047,81.01259276,27.35246611,11.54928549
48,28,0,22,0,1,1,261.3512864,41.48674001,30.02718039,11.91676098
48,23,0,22,5,1,1,382.2680626,70.01815184,27.26739421,10.94587078
48,22,0,22,6,1,1,387.5482356,71.11431388,29.4121991,11.54928549
48,21,0,22,7,1,1,392.9807576,73.77846676,28.59218206,11.54928549
48,20,0,22,8,1,1,390.7743827,75.57003599,29.02911703,11.54928549
48,27,0,23,0,1,1,303.6226671,55.61367709,27.61189112,11.35471999
48,22,0,23,5,1,1,380.2298531,71.69388217,27.20184897,11.54928549
48,21,0,23,6,1,1,398.4376012,79.66341248,27.6620709,11.54928549
48,20,0,23,7,1,1,405.6874315,78.98100419,29.25895501,11.54928549
48,26,0,24,0,1,1,328.8881019,63.16918983,28.43169354,12.36509588
48,21,0,24,5,1,1,425.2702581,78.63864801,27.37414343,11.54928549
48,20,0,24,6,1,1,432.4861688,79.55667423,27.69220325,11.54928549
48,25,0,25,0,1,1,351.9702543,70.82963127,29.07260419,11.46030734
48,20,0,25,5,1,1,433.4235868,83.31516511,27.61598991,11.54928549
48.2,24.8,0,17,8,1,1,227.2202264,51.50708699,24.80915965,11.81101164
48.2,25.8,0,18,6,1,1,200.5000873,47.11424827,25.06264216,12.42415444
48.2,24.8,0,18,7,1,1,228.4505877,49.09265159,24.60415223,11.81101164
48.2,25.8,0,19,5,1,1,214.9260085,46.63310222,25.6824469,12.42415444
48.2,24.8,0,19,6,1,1,239.4288274,48.76214792,26.03737247,11.68737853
48.2,24.8,0,20,5,1,1,267.6437086,47.91099985,27.46259161,11.68737853
48.2,27.8,0,22,0,1,1,239.1096973,40.98410931,28.12007829,11.91676098
48.2,26.8,0,23,0,1,1,279.4852969,54.3298538,28.94823531,11.35471999
47,20,0,10,20,2,1,201.6984163,100.9759243,19.6166143,11.54928549
47,21,0,11,18,2,1,218.2519426,95.03428013,20.13739025,11.54928549
47,20,0,11,19,2,1,243.6388508,100.6528344,20.38202646,11.54928549
47,24,0,12,14,2,1,200.448721,87.60597957,22.61358717,11.26495328
47,23,0,12,15,2,1,204.706374,94.10754065,22.78683245,10.94587078
47,22,0,12,16,2,1,200.1748013,92.11584915,23.56706911,11.54928549
47,21,0,12,17,2,1,223.744297,95.09024482,22.73266737,11.54928549
47,20,0,12,18,2,1,242.4508408,100.9718094,21.34167983,11.54928549
47,24,0,13,13,2,1,214.7572956,84.17909565,23.69227814,11.26495328
47,23,0,13,14,2,1,221.1310739,89.35425084,22.49781351,10.94587078
47,22,0,13,15,2,1,235.626844,92.94225189,22.17955641,11.54928549
47,21,0,13,16,2,1,239.0108779,94.67895992,22.46500308,11.54928549
47,20,0,13,17,2,1,252.6010765,92.84112883,23.47495998,11.54928549
47,24,0,14,12,2,1,216.5037382,83.55031395,22.95219016,11.70590656
47,23,0,14,13,2,1,233.107393,88.99543904,22.63258092,10.94587078
47,22,0,14,14,2,1,241.0635237,93.10525253,23.66193672,11.54928549
47,21,0,14,15,2,1,246.6371464,92.03357319,23.06754799,11.54928549
47,20,0,14,16,2,1,262.1685316,90.80177778,22.38206745,11.54928549
47,24,0,15,11,2,1,227.5094989,73.1908064,21.25789671,11.70590656
47,23,0,15,12,2,1,243.491555,85.52396751,22.179059,10.94587078
47,22,0,15,13,2,1,252.9759479,88.84145502,22.98093792,11.54928549
47,21,0,15,14,2,1,250.9536662,91.91259685,22.78844731,11.54928549
47,20,0,15,15,2,1,268.9090087,92.81621118,22.82920424,11.54928549
47,24,0,16,10,2,1,244.3378217,70.3844819,20.39106332,11.70590656
47,23,0,16,11,2,1,253.6029158,77.13843486,20.80488255,10.94587078
47,22,0,16,12,2,1,250.9761407,84.71889127,21.88333788,11.54928549
47,21,0,16,13,2,1,264.6921374,89.37724391,22.66017781,11.54928549
47,20,0,16,14,2,1,274.8345225,93.33022546,22.51002142,11.54928549
47,25,0,17,8,2,1,220.9854869,63.90888566,22.73037815,11.68737853
47,24,0,17,9,2,1,253.9504535,63.69353895,22.90795966,11.70590656
47,23,0,17,10,2,1,264.8370339,73.8644222,21.9222101,10.94587078
47,22,0,17,11,2,1,261.8147029,75.7473758,21.05176258,11.54928549
47,21,0,17,12,2,1,265.7791076,89.16297845,21.07108037,11.54928549
47,20,0,17,13,2,1,277.8110018,91.40881429,21.79643481,11.54928549
47,26,0,18,6,2,1,203.4770102,55.80924057,25.09320772,12.42415444
47,25,0,18,7,2,1,220.9933904,59.80107044,24.52865207,11.68737853
47,24,0,18,8,2,1,249.5173039,63.01610753,22.18671147,11.70590656
47,23,0,18,9,2,1,266.3213376,71.16862456,24.14622035,10.94587078
47,22,0,18,10,2,1,286.1900229,70.68534581,23.66363216,11.54928549
47,21,0,18,11,2,1,275.6253887,81.78376768,21.7136311,11.54928549
47,20,0,18,12,2,1,284.9837132,85.78797122,21.1032614,11.54928549
47,26,0,19,5,2,1,214.34507,54.29823063,25.57365252,12.36509588
47,25,0,19,6,2,1,241.7309199,56.12631161,25.42789382,11.68737853
47,24,0,19,7,2,1,257.7604414,61.02074678,22.66253792,11.70590656
47,23,0,19,8,2,1,295.8247848,69.82457825,22.83753106,10.94587078
47,22,0,19,9,2,1,293.4870392,75.00596193,23.47279511,11.54928549
47,21,0,19,10,2,1,301.4586689,76.33125236,23.65523982,11.54928549
47,20,0,19,11,2,1,310.6950358,86.59521206,23.66385513,11.54928549
47,25,0,20,5,2,1,248.3482918,57.19824058,25.62020386,11.46030734
47,24,0,20,6,2,1,284.3312464,57.74535893,23.82914649,11.70590656
47,23,0,20,7,2,1,314.3014526,70.88699821,22.92265937,10.94587078
47,22,0,20,8,2,1,314.41017,74.65590824,22.95036961,11.54928549
47,21,0,20,9,2,1,308.5196077,75.5114409,21.9262925,11.54928549
47,20,0,20,10,2,1,318.4270928,79.51004294,24.03405518,11.54928549
47,24,0,21,5,2,1,293.3438975,61.86955635,24.09479725,11.81101164
47,23,0,21,6,2,1,320.9300459,65.05493403,23.21325307,11.26495328
47,22,0,21,7,2,1,333.8513924,75.86986555,23.86106517,11.54928549
47,21,0,21,8,2,1,339.0557134,76.85425183,23.44209608,11.54928549
47,20,0,21,9,2,1,349.7802006,78.24589975,22.87619469,11.54928549
47,28,0,22,0,2,1,223.85594,49.32684778,28.52694983,11.91676098
47,23,0,22,5,2,1,328.7079307,66.24219817,24.1672185,11.26495328
47,22,0,22,6,2,1,339.362043,76.10165995,24.44180943,10.94587078
47,21,0,22,7,2,1,358.7592435,80.12268694,24.59512095,11.54928549
47,20,0,22,8,2,1,362.9059135,81.33021295,23.7391879,11.54928549
47,27,0,23,0,2,1,246.7814768,59.30825228,28.18464574,11.35471999
47,22,0,23,5,2,1,336.8179303,78.11696273,24.88568387,10.94587078
47,21,0,23,6,2,1,363.5346663,82.55901787,24.74101572,11.54928549
47,20,0,23,7,2,1,387.9051245,82.93959961,24.81282561,11.54928549
47,26,0,24,0,2,1,299.5180959,69.34070662,29.32900192,12.36509588
47,21,0,24,5,2,1,373.1159295,84.49581355,25.32650213,11.54928549
47,20,0,24,6,2,1,392.2263266,83.50549785,25.21867759,11.54928549
47,25,0,25,0,2,1,312.507393,68.72434657,29.81979016,11.46030734
47,20,0,25,5,2,1,396.5925871,86.77274582,25.7292385,11.54928549
47.2,24.8,0,18,7,2,1,208.204239,57.98048616,22.5361878,11.68737853
47.2,25.8,0,19,5,2,1,200.5678537,50.23694409,23.09339064,12.42415444
47.2,24.8,0,19,6,2,1,216.2829784,55.35499141,23.20220181,11.68737853
47.2,24.8,0,20,5,2,1,230.4728384,56.11787082,24.42272366,11.68737853
47.2,27.8,0,22,0,2,1,212.0844275,47.99119344,27.36352098,11.91676098
47.2,26.8,0,23,0,2,1,237.5365245,58.53516213,28.854081,11.35471999
46,20,0,11,19,3,1,204.4935195,100.979453,19.61079442,11.54928549
46,20,0,12,18,3,1,207.6477611,95.12283655,19.47811977,11.54928549
46,21,0,13,16,3,1,208.0314243,95.52196986,21.40581467,11.54928549
46,20,0,13,17,3,1,228.4294112,93.0588052,20.36757542,11.54928549
46,21,0,14,15,3,1,217.1630779,93.8512792,22.01848956,11.54928549
46,20,0,14,16,3,1,229.8844746,92.66081747,22.03373417,11.54928549
46,23,0,15,12,3,1,207.5412411,84.11173705,20.58323568,10.94587078
46,22,0,15,13,3,1,212.5706096,88.48192962,22.08949846,11.54928549
46,21,0,15,14,3,1,222.4099788,95.56913314,21.75107897,11.54928549
46,20,0,15,15,3,1,227.1041915,93.49168491,21.61817202,11.54928549
46,23,0,16,11,3,1,215.5218171,77.19551333,19.5603145,10.94587078
46,22,0,16,12,3,1,221.367504,88.54974932,20.00264899,11.54928549
46,21,0,16,13,3,1,234.185957,94.05291318,21.07562738,11.54928549
46,20,0,16,14,3,1,242.0391521,95.39092998,22.13387422,11.54928549
46,23,0,17,10,3,1,222.9346421,74.67463693,20.565824,10.94587078
46,22,0,17,11,3,1,233.6206005,86.14624012,20.10957397,11.54928549
46,21,0,17,12,3,1,236.9740176,93.50454805,19.61894922,11.54928549
46,20,0,17,13,3,1,240.9694995,95.46778256,20.24829101,11.54928549
46,24,0,18,8,3,1,212.0443604,68.43042044,21.03536042,11.81101164
46,23,0,18,9,3,1,226.9763995,74.11461388,22.31908064,11.26495328
46,22,0,18,10,3,1,247.4499569,82.79220742,22.00015151,10.94587078
46,21,0,18,11,3,1,250.7532002,88.8461435,20.41414476,11.54928549
46,20,0,18,12,3,1,243.5326622,94.17082617,20.18726984,11.54928549
46,25,0,19,6,3,1,209.7994312,64.11085914,22.71961686,11.46030734
46,24,0,19,7,3,1,227.5036562,66.21730672,21.21411648,11.81101164
46,23,0,19,8,3,1,239.1737831,71.81261213,21.54422487,11.26495328
46,22,0,19,9,3,1,270.0364409,84.52539295,21.74393273,10.94587078
46,21,0,19,10,3,1,264.9515031,84.44373303,22.23191402,11.54928549
46,20,0,19,11,3,1,255.9373492,94.04371923,22.04679523,11.54928549
46,25,0,20,5,3,1,233.5140445,61.63852807,25.39990445,11.46030734
46,24,0,20,6,3,1,254.5962069,68.41073942,22.18769799,11.81101164
46,23,0,20,7,3,1,280.0046857,73.55381843,22.18494701,11.26495328
46,22,0,20,8,3,1,291.2725707,83.2935864,21.80778461,10.94587078
46,21,0,20,9,3,1,280.8951992,84.64528086,21.57383341,11.54928549
46,20,0,20,10,3,1,283.6841988,90.50666863,21.7247689,11.54928549
46,24,0,21,5,3,1,276.5299836,68.23080946,22.98631853,11.81101164
46,23,0,21,6,3,1,288.5653725,70.81531273,23.82274178,11.26495328
46,22,0,21,7,3,1,302.2437786,80.4719595,22.96557692,10.94587078
46,21,0,21,8,3,1,303.9885469,81.65419818,21.99245463,11.54928549
46,20,0,21,9,3,1,300.2330348,84.95595451,21.67651141,11.54928549
46,28,0,22,0,3,1,212.1456204,50.92574486,27.15810942,12.03031036
46,23,0,22,5,3,1,283.7190743,69.58854383,23.30906495,11.26495328
46,22,0,22,6,3,1,295.3995923,82.1894152,24.14839554,10.94587078
46,21,0,22,7,3,1,312.7360075,82.90603061,23.43649234,11.54928549
46,20,0,22,8,3,1,318.2128059,89.79373204,22.24392605,11.54928549
46,27,0,23,0,3,1,228.7751152,59.54476067,28.23621975,11.91676098
46,22,0,23,5,3,1,297.0133591,83.59102114,24.18294629,10.94587078
46,21,0,23,6,3,1,311.7741626,85.71789001,23.82777589,11.54928549
46,20,0,23,7,3,1,332.0374267,85.53227076,23.99846977,11.54928549
46,26,0,24,0,3,1,271.1017085,68.71521706,28.40802263,11.35471999
46,21,0,24,5,3,1,338.6721548,88.85131947,24.59434444,11.54928549
46,20,0,24,6,3,1,351.5537236,87.40306958,24.26582751,11.54928549
46,25,0,25,0,3,1,284.8994449,70.98828798,28.80132736,12.42415444
46,20,0,25,5,3,1,361.0983874,88.40930392,25.13333443,11.54928549
46.2,24.8,0,20,5,3,1,223.1300611,64.53033252,24.05804615,11.46030734
46.2,26.8,0,23,0,3,1,215.4683482,57.98125631,28.72018836,11.91676098
45,20,0,15,15,4,1,205.2665449,96.80634316,18.83145761,11.54928549
45,21,0,16,13,4,1,218.6441893,94.82697069,18.92915498,11.54928549
45,20,0,16,14,4,1,216.5987686,98.73864286,19.10543958,11.54928549
45,21,0,17,12,4,1,216.4183379,94.81813231,19.83967245,11.54928549
45,20,0,17,13,4,1,225.1106137,98.39837018,19.23554416,11.54928549
45,22,0,18,10,4,1,214.3440958,83.05045792,21.61536091,10.94587078
45,21,0,18,11,4,1,239.5618317,89.62833793,22.04028556,11.54928549
45,20,0,18,12,4,1,226.9165894,95.6355152,20.47512938,11.54928549
45,23,0,19,8,4,1,215.1597661,81.47796583,20.58586437,11.26495328
45,22,0,19,9,4,1,227.5350187,80.65774885,20.87187358,10.94587078
45,21,0,19,10,4,1,245.755914,87.8726323,21.50814228,11.54928549
45,20,0,19,11,4,1,241.8362579,95.72444413,21.28127013,11.54928549
45,25,0,20,5,4,1,211.9272935,72.2750569,21.65087817,12.42415444
45,24,0,20,6,4,1,230.0356527,78.08478036,20.23800256,11.68737853
45,23,0,20,7,4,1,237.0346056,79.69289177,20.74301188,11.70590656
45,22,0,20,8,4,1,258.7931258,83.63225444,20.60318517,10.94587078
45,21,0,20,9,4,1,270.1242116,88.05590032,20.916921,11.54928549
45,20,0,20,10,4,1,258.8048268,89.94946207,20.78419158,11.54928549
45,24,0,21,5,4,1,246.4210914,79.86152093,21.92800656,11.68737853
45,23,0,21,6,4,1,266.6816765,78.53752577,21.80909369,11.70590656
45,22,0,21,7,4,1,272.2584695,83.79403289,20.8746657,10.94587078
45,21,0,21,8,4,1,278.3002714,86.2875452,20.54184559,11.54928549
45,20,0,21,9,4,1,279.4204255,88.7796545,20.69355948,11.54928549
45,28,0,22,0,4,1,202.3305295,50.53366219,26.30509065,11.6088616
45,23,0,22,5,4,1,274.0940574,77.72529351,22.70557051,11.70590656
45,22,0,22,6,4,1,280.7104183,80.37403274,22.51256249,10.94587078
45,21,0,22,7,4,1,287.7492464,92.23901648,21.47569581,11.54928549
45,20,0,22,8,4,1,290.9646063,92.61233028,20.69475892,11.54928549
45,27,0,23,0,4,1,212.2692598,61.04429753,27.16702092,11.91676098
45,22,0,23,5,4,1,280.2070212,84.83680607,23.00391299,10.94587078
45,21,0,23,6,4,1,281.6980542,93.47955821,23.15693802,11.54928549
45,20,0,23,7,4,1,302.0120173,89.84798332,22.3386088,11.54928549
45,26,0,24,0,4,1,229.4799653,64.7515244,27.44668028,11.35471999
45,21,0,24,5,4,1,281.6817721,95.9576793,23.55310308,11.54928549
45,20,0,24,6,4,1,301.463136,94.18405458,23.04626433,11.54928549
45,25,0,25,0,4,1,259.4511235,64.29822281,26.96500454,12.36509588
45,20,0,25,5,4,1,318.3346696,93.221187,23.98933968,11.54928549
45.2,24.8,0,20,5,4,1,201.7824277,72.83981705,21.52589201,12.42415444
44,20,0,18,12,5,1,210.3515291,96.76466776,20.39133608,11.54928549
44,22,0,19,9,5,1,202.6468573,85.55592698,20.254015,10.94587078
44,20,0,19,11,5,1,216.7376726,94.92465862,20.11428649,11.54928549
44,23,0,20,7,5,1,216.6036685,80.65035031,19.98558199,11.70590656
44,22,0,20,8,5,1,227.9928768,83.77812724,19.81956463,10.94587078
44,21,0,20,9,5,1,236.0894675,85.54415559,20.40793144,11.54928549
44,20,0,20,10,5,1,224.3442227,91.71462575,20.25320654,11.54928549
44,24,0,21,5,5,1,213.2463541,81.78135261,20.79267218,11.68737853
44,23,0,21,6,5,1,224.3067585,80.59181804,20.57302623,11.70590656
44,22,0,21,7,5,1,238.3177514,83.39142637,19.78467634,10.94587078
44,21,0,21,8,5,1,247.095654,86.32763322,19.70843469,11.54928549
44,20,0,21,9,5,1,257.7415299,91.7136342,20.23567439,11.54928549
44,23,0,22,5,5,1,250.6502515,80.28112561,22.56863889,11.70590656
44,22,0,22,6,5,1,250.6802858,82.94889909,21.65486454,10.94587078
44,21,0,22,7,5,1,255.5344022,90.03654773,20.74392219,11.54928549
44,20,0,22,8,5,1,259.6852583,94.55861005,20.05967826,11.54928549
44,22,0,23,5,5,1,261.6013334,83.06265369,23.04126294,11.26495328
44,21,0,23,6,5,1,264.4986367,91.35670893,21.93335723,11.54928549
44,20,0,23,7,5,1,268.5975836,93.93678461,21.44784,11.54928549
44,26,0,24,0,5,1,200.5780641,70.61960116,24.73927682,11.35471999
44,21,0,24,5,5,1,259.9753766,89.85989461,22.85148103,10.94587078
44,20,0,24,6,5,1,265.0346993,96.87219687,22.71062523,11.54928549
44,25,0,25,0,5,1,230.6424677,65.35523789,23.94985533,12.36509588
44,20,0,25,5,5,1,271.8400803,96.72368376,22.90363774,11.54928549
43,21,0,20,9,6,1,213.7655201,83.77403209,18.6605177,10.94587078
43,20,0,20,10,6,1,200.3384931,87.43014929,18.62724178,11.54928549
43,22,0,21,7,6,1,215.74972,84.15036631,17.78209809,11.26495328
43,21,0,21,8,6,1,226.9735716,84.76986643,17.72496439,10.94587078
43,20,0,21,9,6,1,233.226953,90.81321595,18.71583494,11.54928549
43,23,0,22,5,6,1,215.865383,84.7236116,18.66884547,11.81101164
43,22,0,22,6,6,1,233.5863412,85.02504122,17.52552468,11.26495328
43,21,0,22,7,6,1,232.527921,89.47462818,17.23292623,10.94587078
43,20,0,22,8,6,1,239.1309874,91.15375438,18.21244695,11.54928549
43,22,0,23,5,6,1,231.3374854,86.17095377,19.01602282,11.26495328
43,21,0,23,6,6,1,235.0432424,91.71878467,18.44717522,10.94587078
43,20,0,23,7,6,1,242.6894619,91.31371563,17.59909095,11.54928549
43,21,0,24,5,6,1,245.0297984,91.3933025,19.07491155,10.94587078
43,20,0,24,6,6,1,247.5608121,95.14909847,19.11672205,11.54928549
43,25,0,25,0,6,1,206.494672,66.90358556,21.17660562,11.35471999
43,20,0,25,5,6,1,246.5209836,96.68746848,19.71133733,11.54928549
42,21,0,22,7,7,1,205.0225592,91.80836501,14.95445033,10.94587078
42,20,0,22,8,7,1,214.4546735,92.82804319,14.77385316,11.54928549
42,22,0,23,5,7,1,203.8582616,81.17371105,16.45534049,11.70590656
42,21,0,23,6,7,1,208.109078,98.42626464,15.37996133,10.94587078
42,20,0,23,7,7,1,217.8759098,95.55487678,14.78301542,11.54928549
42,21,0,24,5,7,1,228.6626466,92.44448043,16.57770652,10.94587078
42,20,0,24,6,7,1,238.250299,100.6035743,15.72652643,11.54928549
42,20,0,25,5,7,1,227.6151876,98.08503081,18.08106414,11.54928549
41,20,0,25,5,8,1,204.1513432,94.69756906,16.79561028,11.54928549
41.2,21.8,0,23,5,8,1,219.3485522,84.82680663,12.61580631,11.70590656
41.2,20.8,0,24,5,8,1,213.4836528,86.01257836,14.12410478,10.94587078
34.2,31.8,0,18,0,15,1,223.9729506,60.28732239,19.54821516,9.610361387
33,30,0,20,0,16,1,200.6261131,67.80824598,17.88715044,11.10254813
33.2,32.8,0,17,0,16,1,215.6185844,62.36549612,20.8115424,11.84487948
32,33,0,17,0,17,1,203.475872,56.68811227,19.30832136,11.76951886
31,34,0,16,0,18,1,202.3198628,54.9586122,19.49904779,10.62899558
31,33,0,17,0,18,1,207.6188737,56.01543045,19.53825236,11.76951886
31,31,0,19,0,18,1,203.8648442,63.9420091,17.38960958,9.610361387
31.2,33.8,0,16,0,18,1,212.8924207,55.37943389,21.72569814,10.62899558
30,34,0,16,0,19,1,202.6320903,54.16839065,19.2476672,10.62899558
30,33,0,17,0,19,1,210.6743387,56.06217061,19.11993298,11.76951886
30,31,0,19,0,19,1,203.9701361,65.86946202,16.86003861,9.610361387
30.2,34.8,0,15,0,19,1,206.0689559,51.67390558,22.68931638,9.909534571
30.2,28.8,0,16,5,19,1,202.203456,68.99331387,12.3593832,9.970194159
29,34,0,16,0,20,1,202.7272261,56.13137481,19.11725518,9.909534571
29,33,0,17,0,20,1,212.1859617,57.68503719,18.34088095,10.62899558
29,32,0,18,0,20,1,201.9438611,61.27058155,17.55698981,11.76951886
29,31,0,19,0,20,1,203.9649036,66.61741254,16.28147313,11.84487948
28,34,0,16,0,21,1,200.638516,52.35959073,19.54574544,9.909534571
28,33,0,17,0,21,1,205.8692328,54.77063222,17.56044237,10.62899558
28,32,0,18,0,21,1,212.7088164,60.3411814,17.16936148,11.76951886
27,34,0,16,0,22,1,200.1218522,51.64319781,19.35103028,9.909534571
27,33,0,17,0,22,1,203.5868574,54.10970154,18.14181708,10.62899558
27,32,0,18,0,22,1,212.5334791,59.35429925,16.806843,11.76951886
27.2,36.8,0,13,0,22,1,200.6821855,42.42292634,21.35241579,8.451159347
26,34,0,16,0,23,1,200.2225683,50.32091699,19.23123291,9.097369729
26,33,0,17,0,23,1,203.4445103,53.90542116,19.24718425,9.909534571
25.4,26.6,0,23,0,24,1,200.5866897,64.87165428,19.65116986,9.970194159
24.2,38.8,0,11,0,25,1,201.11992,44.00965498,22.8276104,7.443516331
24.2,28.8,0,21,0,25,1,210.9904182,61.10728299,19.1819418,9.610361387
24.2,27.8,0,22,0,25,1,201.1974199,62.71339108,19.15108932,8.929707055
24.4,27.6,0,22,0,25,1,203.4147613,62.88332263,19.04265651,8.929707055
44,21,5,14,15,0,1,200.1744102,66.20137091,21.15144688,11.54928549
44,22,5,15,13,0,1,210.3803949,64.3007409,22.39922605,11.54928549
44,21,5,15,14,0,1,216.0195968,62.96420388,21.77144502,11.54928549
44,20,5,15,15,0,1,218.8370793,68.99568799,20.92105631,11.54928549
44,24,5,16,10,0,1,203.8879919,50.34095683,22.78352366,11.26495328
44,23,5,16,11,0,1,201.3763722,56.25873122,23.47142143,10.94587078
44,22,5,16,12,0,1,215.1391153,61.75595398,21.72190077,11.54928549
44,21,5,16,13,0,1,216.9097009,63.13519517,21.31069994,11.54928549
44,20,5,16,14,0,1,219.5039876,64.0605506,23.06195106,11.54928549
44,23,5,17,10,0,1,209.8816052,55.15823297,22.81739139,10.94587078
44,22,5,17,11,0,1,218.0096421,57.20921213,21.16041145,11.54928549
44,21,5,17,12,0,1,224.4065921,64.76300847,21.85223304,11.54928549
44,20,5,17,13,0,1,248.4238669,64.253801,21.97103901,11.54928549
44,25,5,18,7,0,1,205.4489378,48.0019203,22.84837925,11.81101164
44,24,5,18,8,0,1,211.7362747,50.39620677,21.55073569,11.26495328
44,23,5,18,9,0,1,215.53047,53.31666687,22.26870919,10.94587078
44,22,5,18,10,0,1,220.1120263,55.07084674,21.34145999,11.54928549
44,21,5,18,11,0,1,235.4757925,59.70758014,20.94242189,11.54928549
44,20,5,18,12,0,1,255.4510891,65.4033639,21.86608441,11.54928549
44,25,5,19,6,0,1,214.953988,48.60602199,23.66904764,11.68737853
44,24,5,19,7,0,1,231.3180313,51.03615168,23.96554071,11.70590656
44,23,5,19,8,0,1,231.3995442,54.34391382,24.33841403,10.94587078
44,22,5,19,9,0,1,229.9701493,54.2461605,22.57568657,11.54928549
44,21,5,19,10,0,1,245.3624419,59.21442276,20.66628393,11.54928549
44,20,5,19,11,0,1,257.6505832,67.97013871,21.52371898,11.54928549
44,25,5,20,5,0,1,214.4974775,48.24914428,23.6358487,11.68737853
44,24,5,20,6,0,1,229.9459624,52.22850935,23.15281632,11.70590656
44,23,5,20,7,0,1,234.9271294,57.97915173,24.91379062,10.94587078
44,22,5,20,8,0,1,252.0230458,58.68244518,25.28713747,11.54928549
44,21,5,20,9,0,1,260.5714447,58.02390925,21.96356,11.54928549
44,20,5,20,10,0,1,265.3335077,59.62853966,20.96190781,11.54928549
44,24,5,21,5,0,1,230.5168149,51.69980282,23.61495504,11.70590656
44,23,5,21,6,0,1,255.323039,63.02675272,23.41685433,10.94587078
44,22,5,21,7,0,1,271.5947286,59.35312105,25.75711062,11.54928549
44,21,5,21,8,0,1,284.2699828,62.61728291,23.36051009,11.54928549
44,20,5,21,9,0,1,278.7615325,61.73331407,23.1510299,11.54928549
44,23,5,22,5,0,1,274.9141248,60.12008495,24.21902564,10.94587078
44,22,5,22,6,0,1,300.0595528,64.61491751,24.58650552,11.54928549
44,21,5,22,7,0,1,316.6360366,66.81052282,21.76438875,11.54928549
44,20,5,22,8,0,1,314.7690338,67.79821174,22.85207906,11.54928549
44,27,5,23,0,0,1,213.4902426,43.47903023,21.23982732,11.35471999
44,22,5,23,5,0,1,314.7979776,69.04165544,25.36039298,11.54928549
44,21,5,23,6,0,1,328.8735055,72.813398,23.30194096,11.54928549
44,20,5,23,7,0,1,333.3867334,76.66677966,21.38447593,11.54928549
44,26,5,24,0,0,1,260.5453656,43.16328629,26.05943464,12.36509588
44,21,5,24,5,0,1,343.6778492,83.69919138,26.06115471,11.54928549
44,20,5,24,6,0,1,345.0725905,84.00428417,23.0218209,11.54928549
44,25,5,25,0,0,1,299.3232385,44.7319737,27.54816837,11.46030734
44,20,5,25,5,0,1,350.652395,102.4964989,24.69456815,11.54928549
44.2,24.8,5,20,5,0,1,210.7076003,48.44321531,22.36917627,11.68737853
44.2,23.8,5,20,6,0,1,217.6758319,51.58240002,21.92162455,11.26495328
44.2,23.8,5,21,5,0,1,229.9024198,52.77792421,22.19020206,11.70590656
44.2,22.8,5,22,5,0,1,252.7822986,62.96844563,22.38461565,10.94587078
44.2,21.8,5,23,5,0,1,294.9402518,68.85267935,23.17140789,11.54928549
44.2,25.8,5,24,0,0,1,246.0642135,44.08189389,21.52781128,12.42415444
44.2,24.8,5,25,0,0,1,294.7728604,45.00037579,25.92794225,11.68737853
44.4,25.6,5,24,0,0,1,232.5043936,45.03686332,18.41590862,12.42415444
44.4,24.6,5,25,0,0,1,271.9301477,44.40990382,20.58904025,11.68737853
43,22,5,15,13,1,1,204.8359198,67.86888665,20.49860298,11.54928549
43,21,5,15,14,1,1,214.3006071,69.65570478,21.27706018,11.54928549
43,20,5,15,15,1,1,206.7585473,70.24597262,19.40399499,11.54928549
43,22,5,16,12,1,1,207.1668074,67.72838295,20.6214619,11.54928549
43,21,5,16,13,1,1,212.8942123,69.10573191,21.2517342,11.54928549
43,20,5,16,14,1,1,207.6772985,69.25475703,21.18296312,11.54928549
43,23,5,17,10,1,1,202.9037752,57.08548529,21.71677564,10.94587078
43,22,5,17,11,1,1,209.9207011,64.5376254,20.7996683,11.54928549
43,21,5,17,12,1,1,214.5668442,66.84460774,20.6962897,11.54928549
43,20,5,17,13,1,1,215.6715204,69.74816691,21.04140563,11.54928549
43,23,5,18,9,1,1,214.9156914,56.32779576,21.76542703,10.94587078
43,22,5,18,10,1,1,220.3014546,60.6343593,19.79789841,11.54928549
43,21,5,18,11,1,1,217.6254412,68.25946949,19.97042027,11.54928549
43,20,5,18,12,1,1,231.0643219,67.5942307,21.37169686,11.54928549
43,24,5,19,7,1,1,205.1609795,54.2272271,22.30011873,11.70590656
43,23,5,19,8,1,1,225.1758111,56.74826385,22.38910638,10.94587078
43,22,5,19,9,1,1,228.1073243,63.0675268,21.00122871,11.54928549
43,21,5,19,10,1,1,226.0483437,65.77899281,20.02075682,11.54928549
43,20,5,19,11,1,1,235.7799908,70.8494291,20.97476034,11.54928549
43,24,5,20,6,1,1,210.6963146,52.89785876,22.22084733,11.70590656
43,23,5,20,7,1,1,222.0167663,57.45809718,23.46689425,10.94587078
43,22,5,20,8,1,1,233.7487765,66.41740636,22.01428635,11.54928549
43,21,5,20,9,1,1,229.2640515,67.36565581,20.51778699,11.54928549
43,20,5,20,10,1,1,240.2985706,71.37617378,21.04725291,11.54928549
43,24,5,21,5,1,1,214.9657473,49.85023941,22.38239249,11.70590656
43,23,5,21,6,1,1,231.5061589,54.16363267,23.06559472,10.94587078
43,22,5,21,7,1,1,252.9210899,66.86973437,23.21903503,11.54928549
43,21,5,21,8,1,1,251.6159245,68.29222919,21.00900267,11.54928549
43,20,5,21,9,1,1,256.7418254,73.13164742,21.21573444,11.54928549
43,23,5,22,5,1,1,256.7839552,55.81572682,23.47913789,10.94587078
43,22,5,22,6,1,1,260.2066226,68.33227344,23.37328245,11.54928549
43,21,5,22,7,1,1,290.0447641,73.82168608,21.21626579,11.54928549
43,20,5,22,8,1,1,282.6926667,76.0347015,21.24953846,11.54928549
43,22,5,23,5,1,1,296.701774,72.29082345,24.35586218,10.94587078
43,21,5,23,6,1,1,316.5078396,76.5469741,21.40346539,11.54928549
43,20,5,23,7,1,1,316.5654154,89.25362329,20.78601962,11.54928549
43,26,5,24,0,1,1,240.9027556,43.03665244,27.21308459,12.36509588
43,21,5,24,5,1,1,323.442819,87.49103438,23.58816629,11.54928549
43,20,5,24,6,1,1,325.0169131,94.2912912,21.68627843,11.54928549
43,25,5,25,0,1,1,293.3194011,48.07124295,29.35362258,11.46030734
43,20,5,25,5,1,1,339.4346782,105.1225494,22.82805345,11.54928549
43.2,23.8,5,21,5,1,1,207.3844064,51.88453593,21.9181362,11.70590656
43.2,25.8,5,24,0,1,1,215.6064286,43.80114807,22.14140459,12.36509588
43.2,24.8,5,25,0,1,1,275.3838493,48.73352479,27.21961128,11.46030734
43.4,25.6,5,24,0,1,1,209.4362742,44.03253627,18.41527541,12.36509588
43.4,24.6,5,25,0,1,1,251.0988254,45.64736979,22.59242308,11.46030734
42,22,5,17,11,2,1,200.9607023,72.32788598,17.79269626,11.54928549
42,22,5,18,10,2,1,205.6192191,67.46630441,19.17075138,11.54928549
42,21,5,18,11,2,1,204.8687626,74.4368741,18.82339788,11.54928549
42,20,5,18,12,2,1,201.1477944,70.791159,18.50549322,11.54928549
42,23,5,19,8,2,1,202.4654679,62.56597128,22.32475054,11.26495328
42,22,5,19,9,2,1,208.8376923,66.47948271,20.35018918,11.54928549
42,21,5,19,10,2,1,204.4368246,71.94100414,19.42019069,11.54928549
42,20,5,19,11,2,1,212.1009528,79.33076024,19.78473923,11.54928549
42,22,5,20,8,2,1,219.0340935,68.35447985,20.22272567,10.94587078
42,21,5,20,9,2,1,209.1316797,74.69525733,19.82900706,11.54928549
42,20,5,20,10,2,1,213.0704592,78.8250243,20.88379367,11.54928549
42,23,5,21,6,2,1,206.27595,55.81120897,22.26356251,11.26495328
42,22,5,21,7,2,1,223.6130136,64.25473442,20.65484727,10.94587078
42,21,5,21,8,2,1,226.9709288,77.89972154,20.12505047,11.54928549
42,20,5,21,9,2,1,228.16788,84.91261953,20.85709777,11.54928549
42,23,5,22,5,2,1,223.4239994,51.2274169,21.84436518,11.26495328
42,22,5,22,6,2,1,255.0632558,62.81875228,20.89190867,10.94587078
42,21,5,22,7,2,1,260.3376651,81.43337646,20.00533952,11.54928549
42,20,5,22,8,2,1,270.6353777,89.5163118,21.24256244,11.54928549
42,22,5,23,5,2,1,267.2844419,64.77451688,22.58668633,10.94587078
42,21,5,23,6,2,1,271.1316322,81.4558975,20.28047388,11.54928549
42,20,5,23,7,2,1,299.6522406,93.73947237,20.99671359,11.54928549
42,26,5,24,0,2,1,228.4229774,44.47859912,26.03051533,11.35471999
42,21,5,24,5,2,1,281.5358573,88.99802708,20.85890272,11.54928549
42,20,5,24,6,2,1,302.0039148,97.93775209,20.70727949,11.54928549
42,25,5,25,0,2,1,260.3348663,49.65040642,26.44934428,12.42415444
42,20,5,25,5,2,1,316.5813564,100.6840259,21.0128661,11.54928549
42.2,25.8,5,24,0,2,1,206.8934158,45.14296008,22.69343116,11.35471999
42.2,24.8,5,25,0,2,1,234.9708032,48.06517725,25.28254551,12.42415444
42.4,24.6,5,25,0,2,1,225.9242273,47.87874403,23.28779466,11.46030734
41,21,5,20,9,3,1,204.5250596,79.46087731,19.73081262,11.54928549
41,20,5,20,10,3,1,209.3716756,87.94054398,19.95710621,11.54928549
41,21,5,21,8,3,1,229.6475695,74.95001418,19.04301468,11.54928549
41,20,5,21,9,3,1,224.7033962,89.07921625,20.21474582,11.54928549
41,23,5,22,5,3,1,203.5664968,54.56623854,21.4930302,11.70590656
41,22,5,22,6,3,1,213.3914643,59.59386812,19.48441802,10.94587078
41,21,5,22,7,3,1,242.7872241,77.58965215,18.85583168,11.54928549
41,20,5,22,8,3,1,246.299012,92.30122331,19.77421208,11.54928549
41,22,5,23,5,3,1,244.4430491,61.96857637,20.50479906,10.94587078
41,21,5,23,6,3,1,244.0942721,88.63468987,19.73248336,11.54928549
41,20,5,23,7,3,1,259.4789834,97.40036276,20.46634633,11.54928549
41,26,5,24,0,3,1,211.667239,45.52533446,24.57867686,11.35471999
41,21,5,24,5,3,1,258.3405766,85.03667149,19.58044453,11.54928549
41,20,5,24,6,3,1,272.7507026,101.3802673,20.8093878,11.54928549
41,25,5,25,0,3,1,231.8198346,52.59922353,24.99755522,12.42415444
41,20,5,25,5,3,1,281.8622901,102.9747083,21.06856107,11.54928549
41.2,24.8,5,25,0,3,1,215.4453283,50.0613794,24.41312243,12.42415444
41.4,24.6,5,25,0,3,1,200.8827858,51.14827623,22.38265722,12.42415444
40,20,5,21,9,4,1,215.3050223,90.49804054,17.01758968,11.54928549
40,21,5,22,7,4,1,201.0572103,79.15316084,18.19246829,11.54928549
40,20,5,22,8,4,1,236.8107659,90.77513464,18.31923743,11.54928549
40,22,5,23,5,4,1,219.2840713,62.20553328,17.99763761,10.94587078
40,21,5,23,6,4,1,222.0918836,78.24538043,18.59978473,11.54928549
40,20,5,23,7,4,1,237.4096799,88.91932185,19.03259024,11.54928549
40,21,5,24,5,4,1,222.5602181,77.84401109,17.26642949,11.54928549
40,20,5,24,6,4,1,232.1011393,88.22340191,18.70523381,11.54928549
40,25,5,25,0,4,1,215.0722301,54.88469387,21.69778873,12.36509588
40,20,5,25,5,4,1,236.742306,88.58449878,18.22986014,11.54928549
39,21,5,24,5,5,1,201.6483771,79.27774729,14.34366631,10.94587078
39,20,5,25,5,5,1,217.3993128,87.53417555,15.93201008,11.54928549
38,20,5,25,5,6,1,204.3259909,95.41320831,14.61353814,11.54928549
33.4,28.6,5,21,0,11,1,211.8641479,54.66836196,20.3843476,11.33249189
33.6,28.4,5,21,0,11,1,200.7555421,54.21336134,20.59610891,11.58753493
32.2,28.8,5,21,0,12,1,216.5034338,54.93136257,21.11060536,11.33249189
32.2,27.8,5,22,0,12,1,212.2263649,57.99741885,19.48203833,11.50440959
32.4,28.6,5,21,0,12,1,218.4957319,55.0106053,22.78997355,11.33249189
32.4,27.6,5,22,0,12,1,221.3641199,57.6033294,21.98186246,11.50440959
32.6,28.4,5,21,0,12,1,213.9253002,54.56916884,21.98290377,11.33249189
31,29,5,21,0,13,1,208.9886663,56.19352061,19.34024241,11.62946701
31,28,5,22,0,13,1,206.6485677,57.65384702,19.09867561,11.58753493
31.2,29.8,5,20,0,13,1,217.869119,55.24846255,22.44405323,9.970194159
31.2,28.8,5,21,0,13,1,248.2789884,55.32293904,20.79434011,11.62946701
31.2,27.8,5,22,0,13,1,246.7155157,57.18172929,19.51788097,11.58753493
31.4,29.6,5,20,0,13,1,221.9094514,55.46580576,22.41081932,9.970194159
31.4,28.6,5,21,0,13,1,247.8502383,53.44277068,23.28993868,11.62946701
31.4,27.6,5,22,0,13,1,249.9346588,57.60053093,22.02095601,11.58753493
31.6,29.4,5,20,0,13,1,217.8070342,55.22450916,20.86488259,11.3880895
30,30,5,20,0,14,1,211.2959887,49.96716774,20.20941065,9.970194159
30,29,5,21,0,14,1,215.3867862,57.3571844,20.06291406,11.3880895
30,28,5,22,0,14,1,202.2612132,57.41888865,18.48725323,11.33249189
30.2,29.8,5,20,0,14,1,265.1176559,53.92159382,23.11854745,9.970194159
30.2,28.8,5,21,0,14,1,252.9377877,56.07946737,20.12707893,11.3880895
30.2,27.8,5,22,0,14,1,240.7457984,57.33343208,18.02219851,11.33249189
30.2,26.8,5,23,0,14,1,216.5928893,63.72419324,18.42409709,11.50440959
30.4,30.6,5,19,0,14,1,203.6097729,49.32644139,22.06281213,11.10254813
30.4,29.6,5,20,0,14,1,257.0620047,53.42407564,23.13664966,9.970194159
30.4,28.6,5,21,0,14,1,258.9421948,55.00198141,22.91184348,11.62946701
30.4,27.6,5,22,0,14,1,242.5436624,57.98790355,20.43342484,11.58753493
29,31,5,19,0,15,1,211.9977378,49.5029084,21.30375024,8.929707055
29,30,5,20,0,15,1,227.5770633,47.2659853,19.77386335,9.970194159
29,29,5,21,0,15,1,224.2293949,54.57093678,18.73645053,11.3880895
29,28,5,22,0,15,1,210.3651758,60.15997081,18.50724252,11.62946701
29.2,30.8,5,19,0,15,1,251.9133805,49.53203521,23.67710423,8.929707055
29.2,29.8,5,20,0,15,1,267.3636625,47.32402778,22.44903281,9.970194159
29.2,28.8,5,21,0,15,1,264.9003966,60.10997583,19.91899049,11.3880895
29.2,27.8,5,22,0,15,1,244.9626599,61.39808791,18.30978987,11.33249189
29.2,26.8,5,23,0,15,1,216.5956052,65.71166556,18.27283889,11.50440959
29.4,30.6,5,19,0,15,1,244.0864103,49.51868824,22.15686021,8.929707055
29.4,29.6,5,20,0,15,1,259.8413278,47.39352496,23.01127108,9.970194159
29.4,28.6,5,21,0,15,1,261.2676391,58.63993969,22.15589825,11.3880895
29.6,30.4,5,19,0,15,1,230.8308843,48.81918745,19.99131093,8.929707055
28,31,5,19,0,16,1,220.4524006,49.31960269,20.90595059,10.06172281
28,30,5,20,0,16,1,230.1722946,50.69000915,18.90331543,11.10254813
28,29,5,21,0,16,1,226.0981676,54.59618738,17.61946407,9.970194159
28,28,5,22,0,16,1,215.7370926,55.27200725,17.49246239,11.62946701
28.2,31.8,5,18,0,16,1,209.9233676,50.64647771,22.88564548,11.84487948
28.2,30.8,5,19,0,16,1,251.3061677,49.20608353,23.09931724,10.06172281
28.2,29.8,5,20,0,16,1,261.757412,50.61683554,20.94044614,11.10254813
28.2,28.8,5,21,0,16,1,265.7005493,54.62495655,19.44930122,9.970194159
28.2,27.8,5,22,0,16,1,236.6092825,60.24364334,19.20767117,11.62946701
28.4,31.6,5,18,0,16,1,210.7272646,50.55765381,20.91255939,9.610361387
28.4,30.6,5,19,0,16,1,246.1288707,48.88766258,22.1684104,8.929707055
28.4,29.6,5,20,0,16,1,255.7398984,49.38770761,22.86533374,11.10254813
28.6,31.4,5,18,0,16,1,205.4659596,50.11902037,19.15501039,9.610361387
27,31,5,19,0,17,1,225.9169709,53.29627839,19.8893017,9.610361387
27,30,5,20,0,17,1,225.1371204,53.85666778,17.98475496,8.929707055
27,29,5,21,0,17,1,223.9309418,54.80407808,17.91464554,9.970194159
27,28,5,22,0,17,1,211.5998817,56.40854281,16.72909785,11.3880895
27.2,31.8,5,18,0,17,1,221.9892107,53.68928645,22.840701,11.84487948
27.2,30.8,5,19,0,17,1,244.4419834,53.36362277,22.09730094,10.06172281
27.2,29.8,5,20,0,17,1,259.1794045,53.03011408,19.48304515,11.10254813
27.2,28.8,5,21,0,17,1,262.0245908,54.56422897,19.2722307,9.970194159
27.4,31.6,5,18,0,17,1,216.5465234,53.56734832,20.83843833,11.84487948
27.4,30.6,5,19,0,17,1,239.4675324,53.27743337,22.04204054,10.06172281
26,31,5,19,0,18,1,210.9932663,52.98684987,20.22379641,9.610361387
26,30,5,20,0,18,1,223.9761304,52.99353689,18.70973047,8.929707055
26,29,5,21,0,18,1,212.3022187,54.54063899,17.49000857,9.970194159
26,27,5,23,0,18,1,201.6455591,61.1724519,15.22299319,11.33249189
26.2,32.8,5,17,0,18,1,204.921097,53.09742424,21.01010002,11.76951886
26.2,31.8,5,18,0,18,1,219.4967483,55.03210067,22.14976926,11.84487948
26.2,30.8,5,19,0,18,1,240.0113245,52.89755744,20.20305201,9.610361387
26.2,25.8,5,19,5,18,1,205.2097436,65.31230918,13.29083951,11.50440959
26.2,29.8,5,20,0,18,1,257.5782648,52.79724011,19.1780496,8.929707055
26.4,31.6,5,18,0,18,1,214.0206306,55.57007709,21.69497907,11.84487948
25,31,5,19,0,19,1,207.6941895,54.06958604,18.86626867,11.84487948
25,30,5,20,0,19,1,223.3012794,52.52013488,18.65145673,10.06172281
25,29,5,21,0,19,1,208.7554074,54.54079345,17.89904432,11.10254813
25.2,33.8,5,16,0,19,1,201.754877,49.14582832,20.74736676,10.62899558
25.2,32.8,5,17,0,19,1,213.0920177,51.87529884,20.93382233,11.76951886
25.2,31.8,5,18,0,19,1,222.2610615,55.48853942,20.2258849,11.76951886
25.2,26.8,5,18,5,19,1,205.7237764,55.74449178,11.66128937,11.33249189
25.2,30.8,5,19,0,19,1,235.7125111,53.41660969,18.37635694,11.84487948
25.4,32.6,5,17,0,19,1,202.3929854,54.14048254,20.61634966,11.76951886
24,32,5,18,0,20,1,203.5069815,54.74115947,19.93176248,11.76951886
24,31,5,19,0,20,1,207.3560103,56.03899817,18.52267018,11.84487948
24,30,5,20,0,20,1,217.7561983,54.75023698,18.03319159,10.06172281
24.2,34.8,5,15,0,20,1,203.6326774,47.24848773,20.12251586,9.097369729
24.2,33.8,5,16,0,20,1,209.5247824,47.88176981,20.52703455,9.909534571
24.2,32.8,5,17,0,20,1,215.0377042,51.72065129,20.99104516,10.62899558
24.2,31.8,5,18,0,20,1,230.266563,56.14449615,19.20438315,11.76951886
24.4,34.6,5,15,0,20,1,201.0481509,48.00470419,19.28549872,9.097369729
24.4,33.6,5,16,0,20,1,201.6415539,48.170867,20.27748945,9.909534571
23,31,5,19,0,21,1,206.0152465,52.8019733,18.63329866,11.84487948
23.2,34.8,5,15,0,21,1,203.3710567,47.27849827,20.45208393,9.097369729
23.2,33.8,5,16,0,21,1,210.7840085,48.41756781,20.8102005,9.909534571
23.2,32.8,5,17,0,21,1,212.0321875,48.60115432,19.94496241,10.62899558
22.2,33.8,5,16,0,22,1,208.2255861,48.03485463,21.1393748,9.909534571
21.2,34.8,5,15,0,23,1,204.9961444,45.34088171,22.50188124,9.097369729
20.2,25.8,5,24,0,24,1,211.857288,66.71403564,17.86298609,11.3880895
20.2,24.8,5,25,0,24,1,200.1078198,69.52706519,17.86004534,11.33249189
20.4,25.6,5,24,0,24,1,214.4996237,66.72407258,18.28228971,11.62946701
20.4,24.6,5,25,0,24,1,206.2121362,69.80780382,18.0231377,11.33249189
20.6,24.4,5,25,0,24,1,205.420168,68.46182174,18.27549072,11.58753493
20.8,24.2,5,25,0,24,1,205.9237091,68.17504026,18.21259097,11.58753493
43,22,6,15,13,0,1,205.7486289,65.19657419,21.62116788,11.54928549
43,21,6,15,14,0,1,206.3663143,66.05366341,20.20018985,11.54928549
43,20,6,15,15,0,1,204.4444439,68.2064621,18.71760638,11.54928549
43,23,6,16,11,0,1,201.0603559,57.18281049,22.72033329,10.94587078
43,22,6,16,12,0,1,213.7216358,62.04488124,21.5613718,11.54928549
43,21,6,16,13,0,1,219.8806857,66.80845187,21.20157078,11.54928549
43,20,6,16,14,0,1,221.510688,67.82509955,21.73584955,11.54928549
43,24,6,17,9,0,1,203.0029585,51.53742192,20.88040336,11.26495328
43,23,6,17,10,0,1,210.4100334,56.82914933,21.70022069,10.94587078
43,22,6,17,11,0,1,216.1308449,58.75807362,22.53440156,11.54928549
43,21,6,17,12,0,1,220.6968942,66.94122811,21.23059423,11.54928549
43,20,6,17,13,0,1,221.6534637,67.03029665,21.45288979,11.54928549
43,23,6,18,9,0,1,215.7378913,57.67179808,21.67052489,10.94587078
43,22,6,18,10,0,1,220.6135827,59.17453707,22.00718798,11.54928549
43,21,6,18,11,0,1,226.4828558,66.16905886,21.13872344,11.54928549
43,20,6,18,12,0,1,254.3301415,67.01872306,20.96597127,11.54928549
43,25,6,19,6,0,1,203.8270786,43.37454048,22.14619551,11.68737853
43,24,6,19,7,0,1,210.9660632,52.11041721,21.98577628,11.70590656
43,23,6,19,8,0,1,214.6046974,61.03960326,22.6902998,10.94587078
43,22,6,19,9,0,1,224.2179133,61.56054451,22.17858763,11.54928549
43,21,6,19,10,0,1,239.5377659,59.25738422,20.74053299,11.54928549
43,20,6,19,11,0,1,255.7814831,67.04128431,20.0963204,11.54928549
43,25,6,20,5,0,1,215.4432349,41.86977292,22.96369841,11.68737853
43,24,6,20,6,0,1,223.3285048,52.61879432,22.18200087,11.70590656
43,23,6,20,7,0,1,220.677635,59.52591471,21.99602163,10.94587078
43,22,6,20,8,0,1,238.875999,62.39346994,23.79233886,11.54928549
43,21,6,20,9,0,1,259.0289828,59.88382713,21.87759776,11.54928549
43,20,6,20,10,0,1,258.9793659,69.82273534,20.07701594,11.54928549
43,24,6,21,5,0,1,227.5556037,50.76397248,22.20242052,11.70590656
43,23,6,21,6,0,1,232.22477,57.50924871,22.71886302,10.94587078
43,22,6,21,7,0,1,257.0183155,65.80532104,23.52796844,11.54928549
43,21,6,21,8,0,1,270.8855242,63.59318741,22.63480587,11.54928549
43,20,6,21,9,0,1,268.5586389,65.69796119,21.69989881,11.54928549
43,23,6,22,5,0,1,261.9611322,53.75318335,23.03928012,10.94587078
43,22,6,22,6,0,1,274.3339715,67.30106635,23.2497735,11.54928549
43,21,6,22,7,0,1,285.7264007,66.14341998,23.38412122,11.54928549
43,20,6,22,8,0,1,295.0218723,75.36116429,21.3384367,11.54928549
43,27,6,23,0,0,1,205.5200118,43.38885531,20.58586502,11.35471999
43,22,6,23,5,0,1,308.5347825,68.4447711,23.77325904,11.54928549
43,21,6,23,6,0,1,312.0922724,69.16047331,23.41331027,11.54928549
43,20,6,23,7,0,1,318.2343831,75.75227406,21.63601659,11.54928549
43,26,6,24,0,0,1,246.2919107,43.59036317,22.7628193,12.36509588
43,21,6,24,5,0,1,335.63264,78.88470328,24.84049568,11.54928549
43,20,6,24,6,0,1,324.4806064,81.81717849,22.0010081,11.54928549
43,25,6,25,0,0,1,292.1453857,46.31277773,27.43565122,11.46030734
43,20,6,25,5,0,1,336.2244813,91.39218104,23.47828895,11.54928549
43.2,24.8,6,20,5,0,1,203.0569272,41.58168526,21.66299075,11.68737853
43.2,25.8,6,24,0,0,1,228.1227283,43.86357644,19.48191991,12.42415444
43.2,24.8,6,25,0,0,1,273.5456388,45.09093676,22.9374098,11.68737853
43.4,25.6,6,24,0,0,1,216.2746658,43.78264679,18.54752158,12.42415444
43.4,24.6,6,25,0,0,1,257.5031196,44.22017094,18.53207378,11.68737853
42,21,6,16,13,1,1,201.4843112,72.74738998,19.4043373,11.54928549
42,23,6,17,10,1,1,203.7637093,65.15523266,21.18311056,10.94587078
42,22,6,17,11,1,1,204.0574579,70.77003604,19.46767263,11.54928549
42,21,6,17,12,1,1,204.8819698,72.12035814,19.59331457,11.54928549
42,20,6,17,13,1,1,202.4032942,71.72164041,20.7602417,11.54928549
42,23,6,18,9,1,1,215.0235012,62.27418488,21.12271525,10.94587078
42,22,6,18,10,1,1,214.5832469,69.54342192,19.85250618,11.54928549
42,21,6,18,11,1,1,208.033111,72.30992404,19.0776115,11.54928549
42,20,6,18,12,1,1,218.4073395,69.43427586,20.36141276,11.54928549
42,23,6,19,8,1,1,211.9298352,56.60892979,22.04441149,10.94587078
42,22,6,19,9,1,1,222.1994985,68.28604464,22.17418751,11.54928549
42,21,6,19,10,1,1,215.1090425,76.37248454,19.50554344,11.54928549
42,20,6,19,11,1,1,235.2424107,72.69242403,20.08354974,11.54928549
42,24,6,20,6,1,1,202.899303,48.51798476,21.95607009,11.70590656
42,23,6,20,7,1,1,216.2099766,55.7107708,22.33652621,10.94587078
42,22,6,20,8,1,1,220.1182952,64.01778007,22.19507285,11.54928549
42,21,6,20,9,1,1,227.8212058,72.76359695,20.6644899,11.54928549
42,20,6,20,10,1,1,237.4667226,79.96897148,20.29716816,11.54928549
42,24,6,21,5,1,1,214.1395261,45.00061725,22.18599987,11.81101164
42,23,6,21,6,1,1,224.4068079,55.78291328,22.16658969,10.94587078
42,22,6,21,7,1,1,223.9018888,63.58570671,22.66614798,11.54928549
42,21,6,21,8,1,1,241.6824343,72.39378198,20.36433122,11.54928549
42,20,6,21,9,1,1,256.1915062,81.46546806,20.55765265,11.54928549
42,23,6,22,5,1,1,238.0317728,50.27180703,22.55491279,11.26495328
42,22,6,22,6,1,1,249.1673106,66.83819178,22.64997409,11.54928549
42,21,6,22,7,1,1,250.6262337,71.17021801,21.05142434,11.54928549
42,20,6,22,8,1,1,269.7365527,79.58341716,20.67704203,11.54928549
42,22,6,23,5,1,1,280.3052162,65.52641554,23.54235586,10.94587078
42,21,6,23,6,1,1,292.3370385,72.79442433,21.90146382,11.54928549
42,20,6,23,7,1,1,299.7613623,83.80867573,20.17689406,11.54928549
42,26,6,24,0,1,1,222.2486152,42.8363236,24.53965615,12.36509588
42,21,6,24,5,1,1,312.3310805,81.69857488,23.87283506,11.54928549
42,20,6,24,6,1,1,313.6483438,87.98674592,21.45999189,11.54928549
42,25,6,25,0,1,1,268.4531791,43.37943492,27.48454902,11.46030734
42,20,6,25,5,1,1,333.3969654,97.8312109,22.03358272,11.54928549
42.2,25.8,6,24,0,1,1,204.9274141,42.90930451,21.12027518,12.36509588
42.2,24.8,6,25,0,1,1,251.4720713,44.10085174,23.92590464,11.46030734
42.4,24.6,6,25,0,1,1,234.5365886,44.81454165,19.65109278,11.46030734
41,22,6,19,9,2,1,207.3321492,68.64928742,21.66166558,10.94587078
41,22,6,20,8,2,1,202.1715834,69.37967282,22.21567603,10.94587078
41,21,6,20,9,2,1,207.1096543,78.12942885,20.55561681,11.54928549
41,20,6,20,10,2,1,211.0465617,82.09488532,21.65385742,11.54928549
41,22,6,21,7,2,1,206.7467417,58.04304958,22.76434221,10.94587078
41,21,6,21,8,2,1,215.8720254,75.34707287,21.04338229,11.54928549
41,20,6,21,9,2,1,226.7281553,84.34274365,21.54868247,11.54928549
41,23,6,22,5,2,1,210.9468554,48.65102994,22.11101036,11.26495328
41,22,6,22,6,2,1,227.7675529,56.40063629,22.12366386,10.94587078
41,21,6,22,7,2,1,229.722766,77.37473213,20.34009108,11.54928549
41,20,6,22,8,2,1,236.8363983,87.22523848,20.78048633,11.54928549
41,22,6,23,5,2,1,256.7741943,56.69027768,22.49236735,10.94587078
41,21,6,23,6,2,1,263.3222542,77.45400544,20.19445647,11.54928549
41,20,6,23,7,2,1,273.6996146,89.12920856,20.10632294,11.54928549
41,26,6,24,0,2,1,213.7639316,41.45106849,24.22353141,11.35471999
41,21,6,24,5,2,1,282.3143118,81.70838549,21.19651128,11.54928549
41,20,6,24,6,2,1,292.8045595,91.11357745,20.65102772,11.54928549
41,25,6,25,0,2,1,242.5252977,45.02359392,25.95772486,12.42415444
41,20,6,25,5,2,1,306.2209041,93.32776906,20.86003192,11.54928549
41.2,24.8,6,25,0,2,1,218.0289374,45.78882503,24.10047322,12.42415444
41.4,24.6,6,25,0,2,1,204.967162,45.74222872,20.87708969,11.46030734
40,21,6,21,8,3,1,208.7855564,67.73693604,18.29268392,11.54928549
40,20,6,21,9,3,1,223.3068146,89.47883831,18.36918244,11.54928549
40,22,6,22,6,3,1,205.1601668,56.89571723,20.53578133,10.94587078
40,21,6,22,7,3,1,225.3910466,65.68697443,18.29344492,11.54928549
40,20,6,22,8,3,1,225.2842875,88.5735411,19.48172458,11.54928549
40,22,6,23,5,3,1,224.2957043,58.59708008,21.1714954,10.94587078
40,21,6,23,6,3,1,237.7149661,69.33018636,19.3460804,11.54928549
40,20,6,23,7,3,1,246.2407086,91.08049094,19.97007339,11.54928549
40,21,6,24,5,3,1,256.7705473,72.79720936,19.82230043,11.54928549
40,20,6,24,6,3,1,262.6072751,89.17546203,19.48029902,11.54928549
40,25,6,25,0,3,1,229.8388264,43.24323904,23.80228561,12.42415444
40,20,6,25,5,3,1,268.9435603,87.98577386,19.56726676,11.54928549
39,20,6,22,8,4,1,211.2342735,83.78634243,16.35959345,11.54928549
39,21,6,23,6,4,1,208.4629627,74.20803037,16.13122385,11.54928549
39,20,6,23,7,4,1,222.7954124,84.65712906,17.87143651,11.54928549
39,21,6,24,5,4,1,230.901463,75.82842897,15.58304913,11.54928549
39,20,6,24,6,4,1,221.9767599,89.27413185,16.89119587,11.54928549
39,25,6,25,0,4,1,213.183726,47.08478239,21.34395109,12.36509588
39,20,6,25,5,4,1,237.1902362,84.82043499,16.18800366,11.54928549
38,20,6,25,5,5,1,204.1643914,87.31909989,15.11966102,11.54928549
31.2,28.8,6,21,0,12,1,227.2849986,54.7242539,22.00610483,11.33249189
30,29,6,21,0,13,1,220.5492428,54.77986632,20.3813692,11.62946701
30,28,6,22,0,13,1,219.3145134,53.36319064,19.12328832,11.58753493
30.2,29.8,6,20,0,13,1,226.8788924,55.30048042,23.78386675,9.970194159
29,30,6,20,0,14,1,230.3081832,48.91703336,21.06063745,9.970194159
29,29,6,21,0,14,1,227.4496714,50.26217088,19.05661084,11.3880895
29,28,6,22,0,14,1,214.278535,57.62026046,19.15874808,11.33249189
28,31,6,19,0,15,1,210.9271878,49.32142014,22.33972507,8.929707055
28,30,6,20,0,15,1,237.0865387,49.23976361,20.64885317,11.10254813
28,29,6,21,0,15,1,235.3042275,49.77640294,18.76472604,9.970194159
27,31,6,19,0,16,1,210.7929457,51.55023038,22.18305762,10.06172281
42,22,7,16,12,0,1,206.2566822,71.6139131,21.9767994,11.54928549
42,21,7,16,13,0,1,207.2027459,68.24846174,21.07750055,11.54928549
42,20,7,16,14,0,1,206.8673568,68.41149817,19.81467547,11.54928549
42,23,7,17,10,0,1,200.7501943,62.14875738,21.18393864,10.94587078
42,22,7,17,11,0,1,212.1117538,64.83298094,22.02686551,11.54928549
42,21,7,17,12,0,1,208.7322697,70.56219379,20.79690219,11.54928549
42,20,7,17,13,0,1,210.5075788,71.42323007,20.23924436,11.54928549
42,23,7,18,9,0,1,206.3627624,56.84520505,21.32934294,10.94587078
42,22,7,18,10,0,1,218.6557782,64.44458397,21.97347656,11.54928549
42,21,7,18,11,0,1,218.817589,71.05767419,21.0453114,11.54928549
42,20,7,18,12,0,1,234.0190985,72.04525343,20.01769517,11.54928549
42,24,7,19,7,0,1,200.672822,46.19246196,21.1693645,11.70590656
42,23,7,19,8,0,1,201.4323943,54.99108367,21.42925236,10.94587078
42,22,7,19,9,0,1,215.7980865,64.53271965,22.82670078,11.54928549
42,21,7,19,10,0,1,227.5439759,62.91494782,21.07489866,11.54928549
42,20,7,19,11,0,1,251.4638946,76.14987319,20.30594978,11.54928549
42,25,7,20,5,0,1,202.859193,42.82705801,22.5645546,11.68737853
42,24,7,20,6,0,1,217.7163941,42.49523582,21.80654598,11.70590656
42,23,7,20,7,0,1,217.800512,53.88925998,21.63096782,10.94587078
42,22,7,20,8,0,1,213.6578363,61.01797902,22.53144983,11.54928549
42,21,7,20,9,0,1,234.8008936,66.17547036,23.74664493,11.54928549
42,20,7,20,10,0,1,248.5171382,73.81215973,20.90998329,11.54928549
42,24,7,21,5,0,1,227.3005101,42.68460964,22.64092131,11.70590656
42,23,7,21,6,0,1,224.7091473,52.39612542,22.38658838,10.94587078
42,22,7,21,7,0,1,231.9707704,61.98458277,22.89904816,11.54928549
42,21,7,21,8,0,1,254.8392755,67.96965032,22.80444326,11.54928549
42,20,7,21,9,0,1,254.3724001,68.18486989,20.95145326,11.54928549
42,23,7,22,5,0,1,246.2639324,53.42993556,22.3481407,10.94587078
42,22,7,22,6,0,1,255.2870638,62.80275305,22.70572445,11.54928549
42,21,7,22,7,0,1,262.5550686,66.1867727,23.41566081,11.54928549
42,20,7,22,8,0,1,265.9683,73.93076155,20.44231811,11.54928549
42,22,7,23,5,0,1,285.7644863,62.72876539,22.67001853,11.54928549
42,21,7,23,6,0,1,295.6585695,66.41012854,23.42018364,11.54928549
42,20,7,23,7,0,1,290.5664904,76.60276529,21.77643336,11.54928549
42,26,7,24,0,0,1,217.5285311,42.85523829,21.15123345,12.36509588
42,21,7,24,5,0,1,317.4219213,73.59727563,24.14371576,11.54928549
42,20,7,24,6,0,1,311.06596,78.33800072,22.48261372,11.54928549
42,25,7,25,0,0,1,279.5968947,43.39491835,25.27245449,11.46030734
42,20,7,25,5,0,1,329.5160094,87.69988069,23.94596017,11.54928549
42.2,25.8,7,24,0,0,1,209.9610808,43.13903501,19.98000402,12.42415444
42.2,24.8,7,25,0,0,1,257.7594329,43.51407297,21.03262536,11.46030734
42.4,25.6,7,24,0,0,1,202.0004925,43.24357537,17.64890674,12.42415444
42.4,24.6,7,25,0,0,1,246.3183131,43.3997305,18.27109044,11.68737853
41,21,7,19,10,1,1,201.2262936,78.92102993,19.5684107,11.54928549
41,20,7,19,11,1,1,207.8222741,76.48090769,18.04755001,11.54928549
41,23,7,20,7,1,1,202.8162704,51.0167976,21.28209288,10.94587078
41,22,7,20,8,1,1,207.0999912,60.62884176,22.11184974,11.54928549
41,20,7,20,10,1,1,227.0041887,80.94175778,18.89849869,11.54928549
41,23,7,21,6,1,1,209.8357709,50.76086306,21.62317802,10.94587078
41,22,7,21,7,1,1,207.1206427,58.18583859,21.94877834,11.54928549
41,21,7,21,8,1,1,210.2370161,71.74237142,21.44727901,11.54928549
41,20,7,21,9,1,1,231.6031008,78.86875319,19.62168165,11.54928549
41,23,7,22,5,1,1,222.5076551,47.11342248,21.38965059,11.26495328
41,22,7,22,6,1,1,229.5647955,53.11261671,22.2334048,11.54928549
41,21,7,22,7,1,1,234.4118395,71.03101803,22.44115476,11.54928549
41,20,7,22,8,1,1,239.5714494,76.0944056,20.30837562,11.54928549
41,22,7,23,5,1,1,255.6929036,55.15146085,22.65377786,10.94587078
41,21,7,23,6,1,1,271.8787144,68.94034138,22.58509086,11.54928549
41,20,7,23,7,1,1,269.2331765,79.01119749,20.51571189,11.54928549
41,26,7,24,0,1,1,203.0895993,41.93966939,22.49990321,12.36509588
41,21,7,24,5,1,1,292.960836,73.24617973,22.93259802,11.54928549
41,20,7,24,6,1,1,298.0810356,84.9997681,20.79909207,11.54928549
41,25,7,25,0,1,1,244.1365721,42.01626967,24.89434112,11.46030734
41,20,7,25,5,1,1,317.9466737,89.66631267,21.6053536,11.54928549
41.2,24.8,7,25,0,1,1,229.1226213,42.16960711,21.89129817,11.46030734
40,20,7,21,9,2,1,202.8282225,82.90370646,19.57689492,11.54928549
40,22,7,22,6,2,1,205.699791,53.17261004,21.08940849,10.94587078
40,21,7,22,7,2,1,223.1622431,65.32658168,19.76247169,11.54928549
40,20,7,22,8,2,1,222.3463023,86.61643494,19.46892489,11.54928549
40,22,7,23,5,2,1,238.2626684,52.72423118,21.99440224,10.94587078
40,21,7,23,6,2,1,234.4800903,64.87904591,21.229614,11.54928549
40,20,7,23,7,2,1,246.894377,79.27431923,18.9564363,11.54928549
40,21,7,24,5,2,1,261.3826636,62.94398278,22.12628284,11.54928549
40,20,7,24,6,2,1,280.9288269,81.21337107,20.42144689,11.54928549
40,25,7,25,0,2,1,230.0427658,41.07084209,24.79383742,12.42415444
40,20,7,25,5,2,1,298.5584741,82.86524833,20.51239049,11.54928549
39,20,7,22,8,3,1,216.7624616,75.98987221,16.40367762,11.54928549
39,22,7,23,5,3,1,203.5071825,54.06778489,20.6287691,10.94587078
39,21,7,23,6,3,1,223.9045933,66.43505365,18.61219678,11.54928549
39,20,7,23,7,3,1,221.3038897,82.08700198,17.57066702,11.54928549
39,21,7,24,5,3,1,238.5362059,66.14829293,19.29937736,11.54928549
39,20,7,24,6,3,1,242.8347908,86.5332927,18.48691284,11.54928549
39,25,7,25,0,3,1,214.9023147,40.79282645,22.6144184,12.36509588
39,20,7,25,5,3,1,269.3262235,83.91139888,18.85651016,11.54928549
41,20,8,17,13,0,1,204.325049,73.65291273,19.13423452,11.54928549
41,20,8,18,12,0,1,214.2379558,75.6334707,20.74938583,11.54928549
41,22,8,19,9,0,1,200.7481313,64.15192966,21.105922,11.54928549
41,21,8,19,10,0,1,205.9454122,69.45587765,22.1827525,11.54928549
41,20,8,19,11,0,1,231.1181019,75.01378907,20.38170078,11.54928549
41,23,8,20,7,0,1,201.4561571,46.27857312,21.59334766,10.94587078
41,22,8,20,8,0,1,206.7259727,62.1306509,22.07528383,11.54928549
41,21,8,20,9,0,1,213.2987096,65.64487217,21.74943979,11.54928549
41,20,8,20,10,0,1,230.9484035,73.79569187,19.91055337,11.54928549
41,24,8,21,5,0,1,220.233833,42.93447486,22.59076664,11.70590656
41,23,8,21,6,0,1,217.9679145,43.45591077,21.82798733,10.94587078
41,22,8,21,7,0,1,225.7908429,59.18578175,21.31593364,11.54928549
41,21,8,21,8,0,1,234.8814875,65.74011408,22.45856902,11.54928549
41,20,8,21,9,0,1,238.7026932,66.46492206,21.26208588,11.54928549
41,23,8,22,5,0,1,232.690146,41.5099678,21.51999885,10.94587078
41,22,8,22,6,0,1,239.087315,57.93879996,22.14625705,11.54928549
41,21,8,22,7,0,1,247.4255173,62.68579245,22.28156428,11.54928549
41,20,8,22,8,0,1,248.4495571,68.06782449,21.65165179,11.54928549
41,22,8,23,5,0,1,267.8242647,52.81189811,22.13467443,11.54928549
41,21,8,23,6,0,1,275.375601,63.66654285,22.62726441,11.54928549
41,20,8,23,7,0,1,266.978757,70.18250136,22.6873934,11.54928549
41,26,8,24,0,0,1,211.4979185,43.40882785,20.94162599,12.36509588
41,21,8,24,5,0,1,304.4641061,69.21014247,23.14635516,11.54928549
41,20,8,24,6,0,1,308.0995973,70.06429739,22.7222319,11.54928549
41,25,8,25,0,0,1,243.3875966,42.28256266,22.69237522,11.46030734
41,20,8,25,5,0,1,323.0421855,78.6110948,23.27027138,11.54928549
41.2,25.8,8,24,0,0,1,205.260201,43.59972977,19.66226488,12.36509588
41.2,24.8,8,25,0,0,1,235.1852811,41.87911734,19.85683474,11.46030734
40,23,8,21,6,1,1,205.6996271,43.79684682,22.02835509,11.26495328
40,20,8,21,9,1,1,212.9972782,80.46406956,20.69163086,11.54928549
40,23,8,22,5,1,1,216.246018,42.31684479,21.72115889,11.26495328
40,22,8,22,6,1,1,214.9253176,52.49308065,22.12009944,10.94587078
40,21,8,22,7,1,1,217.268131,61.31778531,23.08116051,11.54928549
40,20,8,22,8,1,1,231.6214177,75.40139299,21.37075825,11.54928549
40,22,8,23,5,1,1,237.513827,49.37314162,21.98987549,10.94587078
40,21,8,23,6,1,1,244.6765535,58.44964646,22.7846332,11.54928549
40,20,8,23,7,1,1,247.8635049,73.38469448,21.14151059,11.54928549
40,21,8,24,5,1,1,281.2291433,61.86887834,22.83741794,11.54928549
40,20,8,24,6,1,1,273.5951338,74.65246135,22.84408769,11.54928549
40,25,8,25,0,1,1,222.3877996,41.22722641,22.39870954,11.46030734
40,20,8,25,5,1,1,303.9784276,78.02657807,22.92698766,11.54928549
40.2,24.8,8,25,0,1,1,212.1834241,41.44625095,20.07080158,11.46030734
39,21,8,22,7,2,1,203.2622742,57.88650204,20.77843339,11.54928549
39,20,8,22,8,2,1,216.205004,74.41585522,18.02994495,11.54928549
39,22,8,23,5,2,1,209.2310016,48.02849215,21.09290135,10.94587078
39,21,8,23,6,2,1,219.4535279,58.83886129,21.11224602,11.54928549
39,20,8,23,7,2,1,222.3275426,71.55814219,18.99635316,11.54928549
39,21,8,24,5,2,1,249.5134154,57.06397351,21.46869912,11.54928549
39,20,8,24,6,2,1,254.4749221,71.64611754,19.60848572,11.54928549
39,25,8,25,0,2,1,207.0650256,40.54312217,23.23588874,12.42415444
39,20,8,25,5,2,1,290.4432263,75.08057527,20.29036548,11.54928549
40,20,9,20,10,0,1,209.8435481,72.79926575,20.58509827,11.54928549
40,24,9,21,5,0,1,205.3408344,42.75909193,21.6576258,11.70590656
40,23,9,21,6,0,1,200.4135289,44.68505948,20.98250665,10.94587078
40,22,9,21,7,0,1,202.5539882,51.92177058,20.96124628,11.54928549
40,21,9,21,8,0,1,218.6813441,65.43798347,21.64802055,11.54928549
40,20,9,21,9,0,1,219.6942397,71.13689746,21.52167702,11.54928549
40,23,9,22,5,0,1,217.1786582,40.81691897,21.07274664,10.94587078
40,22,9,22,6,0,1,219.0130144,48.3450586,21.29783538,11.54928549
40,21,9,22,7,0,1,234.0543104,60.38100256,22.08906393,11.54928549
40,20,9,22,8,0,1,233.891749,68.12648031,20.90636775,11.54928549
40,22,9,23,5,0,1,243.5558776,46.83896413,21.63141731,11.54928549
40,21,9,23,6,0,1,245.3075297,56.92154929,21.64286396,11.54928549
40,20,9,23,7,0,1,248.9089215,68.12574149,21.99304252,11.54928549
40,26,9,24,0,0,1,209.1281402,42.79459498,20.60028584,12.36509588
40,21,9,24,5,0,1,277.6003379,50.9525436,22.01251544,11.54928549
40,20,9,24,6,0,1,279.9509502,66.57409268,22.39917717,11.54928549
40,25,9,25,0,0,1,226.1750038,42.32557303,20.1188538,11.46030734
40,20,9,25,5,0,1,306.2723288,70.50559101,22.55600893,11.54928549
39,20,9,22,8,1,1,210.5386588,69.55827923,21.90933775,11.54928549
39,22,9,23,5,1,1,213.4716542,44.21222303,20.98788584,10.94587078
39,21,9,23,6,1,1,228.7694307,57.15428003,21.72890524,11.54928549
39,20,9,23,7,1,1,236.1325638,65.60012146,22.56537697,11.54928549
39,21,9,24,5,1,1,243.9483252,52.17916066,22.01451297,11.54928549
39,20,9,24,6,1,1,262.091855,66.23451341,22.20645329,11.54928549
39,25,9,25,0,1,1,206.5345932,41.15794941,21.50175675,12.42415444
39,20,9,25,5,1,1,286.5337833,68.2785207,22.10709909,11.54928549
39,20,10,20,10,0,1,211.4576593,68.76561314,20.84427467,11.54928549
39,20,10,21,9,0,1,222.9171056,65.39748835,22.78803166,11.54928549
39,23,10,22,5,0,1,205.3508916,40.3593866,22.0801557,10.94587078
39,22,10,22,6,0,1,204.6629895,44.73070006,21.9979892,11.54928549
39,21,10,22,7,0,1,215.6700112,53.33597867,21.82927625,11.54928549
39,20,10,22,8,0,1,228.3300766,58.61934932,22.66931989,11.54928549
39,22,10,23,5,0,1,219.2847042,42.86692016,22.12805587,11.54928549
39,21,10,23,6,0,1,234.316551,48.28620848,22.10298997,11.54928549
39,20,10,23,7,0,1,238.7337421,58.45978492,22.92904793,11.54928549
39,26,10,24,0,0,1,203.0731763,41.72627237,19.84244993,12.36509588
39,21,10,24,5,0,1,261.5145969,46.53096559,22.42162451,11.54928549
39,20,10,24,6,0,1,263.0660561,56.92954409,22.92767727,11.54928549
39,25,10,25,0,0,1,227.0105195,41.13143099,20.13521731,11.46030734
39,20,10,25,5,0,1,293.8305542,52.51824982,23.32954126,11.54928549
38,20,10,22,8,1,1,214.1674007,66.06776506,21.34587753,11.54928549
38,22,10,23,5,1,1,209.4414483,41.4514894,20.28202886,10.94587078
38,21,10,23,6,1,1,211.7051388,50.35311003,20.41838915,11.54928549
38,20,10,23,7,1,1,231.8584225,59.40730876,20.56212562,11.54928549
38,21,10,24,5,1,1,233.763873,48.27909031,20.53584405,11.54928549
38,20,10,24,6,1,1,242.2693936,55.7743477,20.78651223,11.54928549
38,25,10,25,0,1,1,208.604821,40.24294265,20.13759149,12.42415444
38,20,10,25,5,1,1,271.0261983,56.65507716,21.71525507,11.54928549
38,20,11,21,9,0,1,214.4578713,60.17601545,21.83445181,11.54928549
38,21,11,22,7,0,1,209.770964,50.21858922,21.16864035,11.54928549
38,20,11,22,8,0,1,233.0466566,54.73693932,22.15400543,11.54928549
38,22,11,23,5,0,1,207.2634993,41.67230532,21.15639293,11.54928549
38,21,11,23,6,0,1,230.6804245,47.34958016,21.91318326,11.54928549
38,20,11,23,7,0,1,234.7074852,50.51722672,22.01448117,11.54928549
38,21,11,24,5,0,1,252.6121464,44.75718569,21.49213444,11.54928549
38,20,11,24,6,0,1,252.8337508,50.86885941,22.10201251,11.54928549
38,25,11,25,0,0,1,209.0491181,40.25715858,20.15412684,11.46030734
38,20,11,25,5,0,1,273.087189,48.49935349,21.79010887,11.54928549
37,22,11,23,5,1,1,200.6555761,40.91637172,19.50544051,10.94587078
37,20,11,23,7,1,1,227.5270306,55.4980082,19.17669998,11.54928549
37,20,12,21,9,0,1,203.6247541,51.98426572,20.60638299,11.54928549
37,20,12,22,8,0,1,215.602511,51.95228819,21.43483541,11.54928549
37,21,12,23,6,0,1,210.3275119,46.43481534,20.85786759,11.54928549
37,20,12,23,7,0,1,232.3872754,50.03578046,20.79875208,11.54928549
37,21,12,24,5,0,1,239.1906785,42.74662696,20.70908007,11.54928549
37,20,12,24,6,0,1,244.6357136,48.10619063,20.38030479,11.54928549
37,25,12,25,0,0,1,201.0957054,40.37033286,19.03491312,11.46030734
37,20,12,25,5,0,1,256.249577,46.99062301,20.49874134,11.54928549
36,20,13,22,8,0,1,202.9660253,49.66143608,19.81107799,11.54928549
36,20,13,23,7,0,1,220.1816244,47.33068407,19.66096154,11.54928549
36,21,13,24,5,0,1,214.7727715,45.01667938,18.07335973,11.54928549
36,20,13,24,6,0,1,234.9001471,47.05902888,18.55932605,11.54928549
36,20,13,25,5,0,1,244.9695698,45.53668638,19.85831629,11.54928549
35,20,14,23,7,0,1,204.6534026,49.04119747,18.13955626,11.54928549
35,20,14,24,6,0,1,213.4280295,46.99764131,18.10452044,11.54928549
35,20,14,25,5,0,1,226.3593916,46.94656,18.2516894,11.54928549
34,20,15,24,6,0,1,200.3717079,45.37564659,16.97219872,11.54928549
34,20,15,25,5,0,1,211.4927487,47.9308825,16.93149854,11.54928549
48,26,0,0,24,0,2,207.9324441,72.63760745,23.91525565,11.70590656
48,25,0,0,25,0,2,207.6402406,90.47161012,21.96549053,10.94587078
48,27,0,5,18,0,2,202.5946262,55.27666365,28.48886002,11.46030734
48,26,0,5,19,0,2,212.8698298,67.00519094,29.93077969,11.81101164
48,25,0,5,20,0,2,217.9502162,85.1063453,29.29211206,11.26495328
48,24,0,5,21,0,2,217.8426946,90.26215438,29.80919296,10.94587078
48,23,0,5,22,0,2,208.85619,90.53875618,30.04223327,11.54928549
48,22,0,5,23,0,2,213.4221479,98.11121404,29.39302218,11.54928549
48,21,0,5,24,0,2,210.1537649,98.00687545,29.84727814,11.54928549
48,20,0,5,25,0,2,200.6170484,98.25845926,28.23978406,11.54928549
48,26,0,6,18,0,2,210.6843187,62.68837037,31.42546322,11.81101164
48,25,0,6,19,0,2,213.9090324,80.44704232,29.82256839,11.26495328
48,24,0,6,20,0,2,216.8121122,90.15303678,30.40143428,10.94587078
48,23,0,6,21,0,2,202.3760568,90.15915896,29.34433991,11.54928549
48,22,0,6,22,0,2,204.4433363,96.06519774,29.66503606,11.54928549
48,21,0,6,23,0,2,202.5421386,97.22430009,30.38850649,11.54928549
48,25,0,7,18,0,2,211.076963,77.29683393,31.95432526,11.26495328
48,24,0,7,19,0,2,208.0834539,89.09067465,30.72469773,10.94587078
48,23,0,7,20,0,2,200.0125905,90.15281251,31.1293698,11.54928549
48,21,0,7,22,0,2,205.1726103,96.79588133,29.90324618,11.54928549
48,26,0,8,16,0,2,202.9448577,60.14653905,31.97352153,11.68737853
48,25,0,8,17,0,2,212.016965,70.63863975,32.32803901,11.70590656
48,24,0,8,18,0,2,220.8020653,88.52816918,32.73811785,10.94587078
48,23,0,8,19,0,2,205.4523017,88.82690312,31.93448327,11.54928549
48,22,0,8,20,0,2,219.747278,89.05745129,30.72508199,11.54928549
48,21,0,8,21,0,2,216.6290375,94.82185411,31.11011777,11.54928549
48,20,0,8,22,0,2,209.2719708,97.21200106,30.05302339,11.54928549
48,27,0,9,14,0,2,207.5237321,52.35809865,29.54547348,12.42415444
48,26,0,9,15,0,2,206.276704,57.42838637,29.46786461,11.68737853
48,25,0,9,16,0,2,214.0524534,68.54724126,30.464078,11.70590656
48,24,0,9,17,0,2,209.1848344,84.01624716,31.64250228,10.94587078
48,23,0,9,18,0,2,205.4781297,87.97940652,33.12697074,11.54928549
48,22,0,9,19,0,2,212.0705703,88.30188109,31.90130167,11.54928549
48,21,0,9,20,0,2,220.7133399,95.53081914,29.9643162,11.54928549
48,20,0,9,21,0,2,235.1138855,96.75547705,31.13716802,11.54928549
48,28,0,10,12,0,2,207.236539,50.37024688,28.27625794,11.35471999
48,27,0,10,13,0,2,219.3284698,53.25144115,29.61880669,12.42415444
48,26,0,10,14,0,2,242.4077839,57.01685529,29.66614437,11.68737853
48,25,0,10,15,0,2,230.933807,63.4587538,30.1302977,11.70590656
48,24,0,10,16,0,2,227.2055905,83.68809633,30.53450037,10.94587078
48,23,0,10,17,0,2,209.4490371,89.44822159,31.19596686,11.54928549
48,22,0,10,18,0,2,244.7178196,89.00142702,31.25172118,11.54928549
48,21,0,10,19,0,2,232.9130582,90.50095917,31.80791024,11.54928549
48,20,0,10,20,0,2,259.3731343,96.19025246,31.48196486,11.54928549
48,27,0,11,12,0,2,218.5053028,53.37490057,29.00522619,12.42415444
48,26,0,11,13,0,2,226.1186787,55.51989848,29.63061735,11.68737853
48,25,0,11,14,0,2,231.9470109,63.75341752,30.49666094,11.70590656
48,24,0,11,15,0,2,222.3688516,73.37168853,30.56619182,10.94587078
48,23,0,11,16,0,2,248.1126221,89.39216329,30.08296912,11.54928549
48,22,0,11,17,0,2,256.4175427,90.26390705,30.38031274,11.54928549
48,21,0,11,18,0,2,265.1110455,91.26472176,30.68384014,11.54928549
48,20,0,11,19,0,2,251.3890164,95.12095708,30.84007143,11.54928549
48,27,0,12,11,0,2,220.3350756,53.16231713,27.68189832,12.36509588
48,26,0,12,12,0,2,244.5562645,55.15838756,28.50863222,11.68737853
48,25,0,12,13,0,2,237.1682311,63.85849784,29.54692,11.70590656
48,24,0,12,14,0,2,265.2915088,75.2907267,30.45148444,10.94587078
48,23,0,12,15,0,2,259.9259566,75.8674802,30.85584716,11.54928549
48,22,0,12,16,0,2,292.9200001,86.31279629,30.58962699,11.54928549
48,21,0,12,17,0,2,283.8718923,93.39286123,30.21521388,11.54928549
48,20,0,12,18,0,2,299.6212029,90.88701313,30.48071106,11.54928549
48,27,0,13,10,0,2,227.8835697,46.53028817,29.14559382,12.36509588
48,26,0,13,11,0,2,248.5670591,56.34720228,29.54382365,11.46030734
48,25,0,13,12,0,2,249.2996963,62.46422267,28.10159534,11.70590656
48,24,0,13,13,0,2,269.368074,72.56795761,28.93617939,10.94587078
48,23,0,13,14,0,2,279.7981141,75.80664196,30.20370341,11.54928549
48,22,0,13,15,0,2,295.1171713,82.93514108,30.90357994,11.54928549
48,21,0,13,16,0,2,297.8378079,87.7528435,31.14036788,11.54928549
48,20,0,13,17,0,2,299.6444143,90.31927084,30.12235063,11.54928549
48,28,0,14,8,0,2,205.7111906,41.27680498,28.33699426,11.35471999
48,27,0,14,9,0,2,229.0760743,45.58899203,28.30736388,12.36509588
48,26,0,14,10,0,2,257.2816877,48.60071015,29.08617879,11.46030734
48,25,0,14,11,0,2,274.4330285,61.50160358,29.83966082,11.81101164
48,24,0,14,12,0,2,290.0826549,71.26939576,28.82114316,11.26495328
48,23,0,14,13,0,2,284.2359101,74.58402793,29.21380018,11.54928549
48,22,0,14,14,0,2,290.8679633,76.88680674,29.71166476,11.54928549
48,21,0,14,15,0,2,290.8718724,87.0162073,29.92024006,11.54928549
48,20,0,14,16,0,2,310.0294869,83.37924991,30.3679026,11.54928549
48,30,0,15,5,0,2,202.7410267,43.16801814,28.02809557,11.6088616
48,29,0,15,6,0,2,208.1387707,42.67546338,28.36194372,11.91676098
48,28,0,15,7,0,2,221.3995476,41.65755154,27.65644794,11.35471999
48,27,0,15,8,0,2,247.5699753,41.72761265,28.52853445,12.36509588
48,26,0,15,9,0,2,290.3534396,47.97000917,29.12593794,11.46030734
48,25,0,15,10,0,2,301.8748058,51.62487553,29.09663716,11.81101164
48,24,0,15,11,0,2,300.5902117,70.87980904,28.63968995,11.26495328
48,23,0,15,12,0,2,305.5324273,74.56202225,30.16633596,10.94587078
48,22,0,15,13,0,2,307.4652969,77.5194403,29.73277736,11.54928549
48,21,0,15,14,0,2,316.3598722,79.08666862,30.08391663,11.54928549
48,20,0,15,15,0,2,326.8013758,83.98926357,29.4226264,11.54928549
48,29,0,16,5,0,2,202.8103859,41.79405947,30.26226985,11.91676098
48,28,0,16,6,0,2,226.8092971,40.37850206,27.55222078,11.35471999
48,27,0,16,7,0,2,242.6834077,41.01932281,28.20976278,12.36509588
48,26,0,16,8,0,2,291.9698992,45.36287591,28.80268725,11.46030734
48,25,0,16,9,0,2,311.5457641,48.03889819,29.324125,11.81101164
48,24,0,16,10,0,2,319.211182,64.55800419,28.27141127,11.26495328
48,23,0,16,11,0,2,314.4163236,72.69244424,27.88250985,10.94587078
48,22,0,16,12,0,2,327.9053334,71.96211313,29.20330758,11.54928549
48,21,0,16,13,0,2,321.0713799,75.52637088,29.81221375,11.54928549
48,20,0,16,14,0,2,340.5588751,77.50872696,29.81805392,11.54928549
48,28,0,17,5,0,2,223.5977764,39.39577071,29.90541095,11.91676098
48,27,0,17,6,0,2,245.229703,40.75680603,29.09232374,12.36509588
48,26,0,17,7,0,2,285.9384754,43.02021382,28.10203473,11.46030734
48,25,0,17,8,0,2,309.3887371,49.04049034,29.73077468,11.81101164
48,24,0,17,9,0,2,318.0929768,61.6260562,28.49082771,11.26495328
48,23,0,17,10,0,2,326.9534844,67.06726484,28.1394003,10.94587078
48,22,0,17,11,0,2,335.6255776,68.26593244,28.26464716,11.54928549
48,21,0,17,12,0,2,343.0757994,74.74926416,28.64410683,11.54928549
48,20,0,17,13,0,2,357.9127074,77.16859401,29.13902931,11.54928549
48,27,0,18,5,0,2,260.1226494,41.06052535,30.50988303,11.35471999
48,26,0,18,6,0,2,302.1049943,42.80469813,29.76561733,11.46030734
48,25,0,18,7,0,2,315.8909443,50.11116438,30.22132884,11.81101164
48,24,0,18,8,0,2,345.6920633,57.47598848,28.61076041,11.26495328
48,23,0,18,9,0,2,341.8854662,63.07645987,27.87546963,10.94587078
48,22,0,18,10,0,2,346.0673127,65.73520191,28.41507917,11.54928549
48,21,0,18,11,0,2,363.3830551,70.70812986,29.08772268,11.54928549
48,20,0,18,12,0,2,364.9557335,73.69607844,28.35070634,11.54928549
48,31,0,19,0,0,2,203.0341085,42.03270027,25.34874017,11.50440959
48,26,0,19,5,0,2,285.1217121,44.83791365,31.16869504,12.42415444
48,25,0,19,6,0,2,323.2080719,47.21343211,32.16815577,11.81101164
48,24,0,19,7,0,2,352.5670861,55.05749365,29.90165433,11.26495328
48,23,0,19,8,0,2,353.3460764,60.95519801,28.6078521,10.94587078
48,22,0,19,9,0,2,361.1827762,66.32492759,28.70157223,11.54928549
48,21,0,19,10,0,2,387.4400623,72.19708326,28.93264079,11.54928549
48,20,0,19,11,0,2,380.8818709,78.23668867,28.27228186,11.54928549
48,30,0,20,0,0,2,218.3042931,43.440578,26.9529051,11.54411899
48,25,0,20,5,0,2,358.51046,44.51977936,32.52687886,11.68737853
48,24,0,20,6,0,2,374.8201046,56.35233467,32.70182836,11.70590656
48,23,0,20,7,0,2,386.0520482,62.63017293,29.80995251,10.94587078
48,22,0,20,8,0,2,383.5343029,68.81931562,29.75829716,11.54928549
48,21,0,20,9,0,2,384.0308823,75.91257089,30.39319271,11.54928549
48,20,0,20,10,0,2,391.7133549,78.042443,28.75438454,11.54928549
48,29,0,21,0,0,2,247.382016,45.40922613,28.84212823,12.03031036
48,24,0,21,5,0,2,379.845414,56.78582421,32.92823564,11.70590656
48,23,0,21,6,0,2,391.2116702,65.71063058,30.39913822,10.94587078
48,22,0,21,7,0,2,394.2801111,71.52874561,30.25242487,11.54928549
48,21,0,21,8,0,2,401.7699402,76.25754096,29.9004244,11.54928549
48,20,0,21,9,0,2,405.3698855,79.64457046,29.01006397,11.54928549
48,28,0,22,0,0,2,310.9959645,41.99960077,30.33782502,11.91676098
48,23,0,22,5,0,2,395.9422382,70.83597903,30.60390714,10.94587078
48,22,0,22,6,0,2,417.2344103,74.16208788,30.09474501,11.54928549
48,21,0,22,7,0,2,415.5746303,75.79130091,30.91275504,11.54928549
48,20,0,22,8,0,2,416.3719352,81.08150712,30.51016178,11.54928549
48,27,0,23,0,0,2,353.0439864,49.06974893,31.11793774,11.35471999
48,22,0,23,5,0,2,429.7945149,78.51414632,30.41087035,11.54928549
48,21,0,23,6,0,2,436.6260695,78.70448413,30.76236378,11.54928549
48,20,0,23,7,0,2,443.5831243,87.94799507,30.86210874,11.54928549
48,26,0,24,0,0,2,372.4583536,57.01360585,26.8605757,12.42415444
48,21,0,24,5,0,2,448.2764594,85.23013997,31.27366585,11.54928549
48,20,0,24,6,0,2,452.5725158,89.24002056,31.18840358,11.54928549
48,25,0,25,0,0,2,365.550919,63.44929172,25.67775778,11.68737853
48,20,0,25,5,0,2,452.4365419,91.60404454,31.6462222,11.54928549
48.2,23.8,0,12,14,0,2,204.7271092,72.46257465,29.51275355,10.94587078
48.2,24.8,0,13,12,0,2,206.6669076,61.7950383,28.96316162,11.70590656
48.2,23.8,0,13,13,0,2,219.448669,72.79308476,28.824474,10.94587078
48.2,25.8,0,14,10,0,2,206.9854723,50.11826743,27.67886544,11.46030734
48.2,24.8,0,14,11,0,2,213.5640506,63.04636082,29.78043153,11.70590656
48.2,23.8,0,14,12,0,2,230.1797078,72.14297944,29.19721777,10.94587078
48.2,26.8,0,15,8,0,2,206.6974845,41.70604425,27.43651989,12.36509588
48.2,25.8,0,15,9,0,2,238.6519578,46.92375918,27.80168004,11.46030734
48.2,24.8,0,15,10,0,2,253.4929973,52.68322175,28.46550903,11.81101164
48.2,23.8,0,15,11,0,2,257.3806949,70.95161859,27.88023743,10.94587078
48.2,26.8,0,16,7,0,2,217.2037258,41.12300975,26.81416774,12.36509588
48.2,25.8,0,16,8,0,2,254.2138644,43.97745424,27.29593444,11.46030734
48.2,24.8,0,16,9,0,2,271.0133625,50.72255819,27.97817658,11.81101164
48.2,23.8,0,16,10,0,2,277.9851634,64.77935804,28.60336484,11.26495328
48.2,26.8,0,17,6,0,2,220.969846,40.53169846,28.60955057,12.36509588
48.2,25.8,0,17,7,0,2,263.5937309,42.50612459,27.27330545,11.46030734
48.2,24.8,0,17,8,0,2,279.6612492,50.30526668,27.33955965,11.81101164
48.2,23.8,0,17,9,0,2,290.9660632,60.92522938,27.86354008,11.26495328
48.2,22.8,0,17,10,0,2,304.4490894,65.23553225,27.18225373,10.94587078
48.2,26.8,0,18,5,0,2,231.1265972,41.34406584,29.04948342,12.36509588
48.2,25.8,0,18,6,0,2,268.714769,42.6883382,29.2539956,11.46030734
48.2,24.8,0,18,7,0,2,289.2065079,50.76226665,29.80745819,11.81101164
48.2,23.8,0,18,8,0,2,300.821332,56.57891194,28.64706876,11.26495328
48.2,22.8,0,18,9,0,2,308.7109595,64.91569755,26.603539,10.94587078
48.2,25.8,0,19,5,0,2,279.5858719,43.48702831,29.99601396,11.46030734
48.2,24.8,0,19,6,0,2,291.0476966,45.49042118,30.47352253,11.81101164
48.2,23.8,0,19,7,0,2,322.1772975,55.97937818,30.28191462,11.26495328
48.2,22.8,0,19,8,0,2,328.8631258,63.04036405,28.63599221,10.94587078
48.2,29.8,0,20,0,0,2,204.1173792,42.1230471,25.12498196,11.54411899
48.2,24.8,0,20,5,0,2,335.1649076,45.23343817,30.49295768,11.81101164
48.2,23.8,0,20,6,0,2,345.7248896,56.98632155,31.20577765,11.26495328
48.2,22.8,0,20,7,0,2,365.1382887,62.2436828,30.39239397,10.94587078
48.2,28.8,0,21,0,0,2,226.7243253,46.32644231,24.77801016,12.03031036
48.2,23.8,0,21,5,0,2,354.5698409,59.41902192,31.36885794,11.26495328
48.2,22.8,0,21,6,0,2,369.699217,66.48931767,31.3937991,10.94587078
48.2,27.8,0,22,0,0,2,291.837728,39.501682,30.40506943,11.91676098
48.2,22.8,0,22,5,0,2,382.5189586,71.37451566,32.30325149,10.94587078
48.2,26.8,0,23,0,0,2,320.0091705,48.65347824,31.3859028,11.35471999
48.2,25.8,0,24,0,0,2,339.2406281,55.82275311,30.67533079,12.42415444
47,20,0,7,23,1,2,200.4886603,97.00402673,29.19241811,11.54928549
47,20,0,8,22,1,2,204.0272812,98.4954885,29.60294228,11.54928549
47,20,0,9,21,1,2,214.2997367,97.46425301,29.04000226,11.54928549
47,26,0,10,14,1,2,203.2587721,66.53764129,29.31843693,11.46030734
47,25,0,10,15,1,2,203.8705826,79.86182555,28.70688597,11.81101164
47,24,0,10,16,1,2,207.2628313,86.8220854,29.51983774,10.94587078
47,21,0,10,19,1,2,222.1963328,91.68961849,28.08294322,11.54928549
47,20,0,10,20,1,2,231.4235598,98.99529191,26.62920836,11.54928549
47,26,0,11,13,1,2,203.8020717,65.75879223,28.9609314,11.46030734
47,25,0,11,14,1,2,206.330552,74.49551974,29.05815547,11.81101164
47,24,0,11,15,1,2,209.2534448,86.46998042,29.40225873,11.26495328
47,23,0,11,16,1,2,212.3301922,90.25294599,29.43577548,11.54928549
47,22,0,11,17,1,2,233.0335809,91.58272606,29.70668221,11.54928549
47,21,0,11,18,1,2,252.1670882,91.66105557,29.86861206,11.54928549
47,20,0,11,19,1,2,267.4879903,97.78507633,28.89629571,11.54928549
47,26,0,12,12,1,2,220.5394614,64.24470481,28.47534855,11.46030734
47,25,0,12,13,1,2,226.7273365,74.19054382,28.03859494,11.81101164
47,24,0,12,14,1,2,236.0527986,81.52466961,29.69113256,11.26495328
47,23,0,12,15,1,2,237.730006,91.97215687,29.71269876,10.94587078
47,22,0,12,16,1,2,253.0712733,89.63266494,29.25569667,11.54928549
47,21,0,12,17,1,2,267.2465794,91.34420648,29.0710238,11.54928549
47,20,0,12,18,1,2,276.1898933,93.02193519,29.72614855,11.54928549
47,26,0,13,11,1,2,226.4613783,58.91808386,28.98724008,11.46030734
47,25,0,13,12,1,2,233.2877451,70.75733784,28.34644969,11.81101164
47,24,0,13,13,1,2,237.1936562,76.78029917,28.0109334,11.26495328
47,23,0,13,14,1,2,253.5353563,83.34737064,28.82553997,10.94587078
47,22,0,13,15,1,2,267.3001347,90.83797306,29.02786274,11.54928549
47,21,0,13,16,1,2,269.961635,92.98483973,29.65534333,11.54928549
47,20,0,13,17,1,2,276.5559296,92.27406683,29.7284053,11.54928549
47,27,0,14,9,1,2,201.0966364,50.91816956,27.21318573,12.36509588
47,26,0,14,10,1,2,222.9292926,54.72035277,28.49888243,11.46030734
47,25,0,14,11,1,2,248.4927198,64.89226634,27.2762343,11.81101164
47,24,0,14,12,1,2,263.6580522,74.21857211,28.00535979,11.26495328
47,23,0,14,13,1,2,280.5416327,79.98616595,28.92411587,10.94587078
47,22,0,14,14,1,2,286.2121408,87.18344437,28.70629856,11.54928549
47,21,0,14,15,1,2,291.0264244,91.39710353,28.69044827,11.54928549
47,20,0,14,16,1,2,291.6695743,89.32274673,29.16079121,11.54928549
47,27,0,15,8,1,2,208.4760444,45.3782853,27.7663677,11.35471999
47,26,0,15,9,1,2,218.8101326,52.85494109,28.1210138,12.42415444
47,25,0,15,10,1,2,267.3703459,58.49307223,26.85491553,11.81101164
47,24,0,15,11,1,2,287.6499464,66.55463915,26.7112287,11.26495328
47,23,0,15,12,1,2,300.1041839,79.04263375,27.9256381,10.94587078
47,22,0,15,13,1,2,303.4090209,80.13350339,28.72095951,11.54928549
47,21,0,15,14,1,2,299.019134,87.15706319,28.90711397,11.54928549
47,20,0,15,15,1,2,308.8734293,88.91821956,29.04170061,11.54928549
47,27,0,16,7,1,2,201.7888621,44.57914479,27.54321123,11.35471999
47,26,0,16,8,1,2,219.901557,48.00292753,27.59616943,12.42415444
47,25,0,16,9,1,2,272.081184,54.21261027,28.32465382,11.68737853
47,24,0,16,10,1,2,296.3690185,64.54048322,26.00121782,11.26495328
47,23,0,16,11,1,2,296.1867692,72.90930755,27.15366431,10.94587078
47,22,0,16,12,1,2,296.8207894,72.93329897,27.66733084,11.54928549
47,21,0,16,13,1,2,311.488578,84.33648249,28.04131906,11.54928549
47,20,0,16,14,1,2,310.9127724,87.93758007,29.90488021,11.54928549
47,27,0,17,6,1,2,206.8374377,43.98492537,28.60068805,11.35471999
47,26,0,17,7,1,2,236.9668945,46.61278111,29.73377261,12.42415444
47,25,0,17,8,1,2,289.2918681,50.02409744,28.61994616,11.68737853
47,24,0,17,9,1,2,300.8807145,58.11596,26.65168796,11.70590656
47,23,0,17,10,1,2,305.558895,67.10225369,27.19504098,10.94587078
47,22,0,17,11,1,2,311.7013923,68.92420131,27.26045217,11.54928549
47,21,0,17,12,1,2,319.7578559,76.68118484,27.54413349,11.54928549
47,20,0,17,13,1,2,317.1062412,87.08611563,27.7045617,11.54928549
47,27,0,18,5,1,2,212.5233754,43.31148703,29.90667282,11.35471999
47,26,0,18,6,1,2,251.2205687,44.47262796,30.51314815,12.42415444
47,25,0,18,7,1,2,289.9412578,48.58698985,30.50409733,11.68737853
47,24,0,18,8,1,2,317.8007788,54.94778609,27.60960403,11.70590656
47,23,0,18,9,1,2,334.6409311,66.87073867,26.94545191,10.94587078
47,22,0,18,10,1,2,328.9572253,68.15527068,26.95772066,11.54928549
47,21,0,18,11,1,2,330.6850173,68.14664694,27.09635254,11.54928549
47,20,0,18,12,1,2,350.1684959,80.79567193,27.37424478,11.54928549
47,26,0,19,5,1,2,262.8396243,46.3309864,31.53518741,12.42415444
47,25,0,19,6,1,2,281.0978267,46.12909206,30.96117827,11.68737853
47,24,0,19,7,1,2,337.4755048,53.79265348,28.94080201,11.70590656
47,23,0,19,8,1,2,340.7222212,62.99039289,29.06826778,10.94587078
47,22,0,19,9,1,2,333.4397598,68.29252701,27.84315453,11.54928549
47,21,0,19,10,1,2,346.5433221,73.25905933,26.9302643,11.54928549
47,20,0,19,11,1,2,366.7086206,76.93226363,26.49722039,11.54928549
47,25,0,20,5,1,2,305.5518875,44.99261574,32.57945101,11.68737853
47,24,0,20,6,1,2,356.7732391,49.95309096,30.41905255,11.70590656
47,23,0,20,7,1,2,363.0492762,61.27166608,28.93191314,10.94587078
47,22,0,20,8,1,2,369.1617694,69.32965404,29.47922055,11.54928549
47,21,0,20,9,1,2,361.7090521,73.62284545,28.77737845,11.54928549
47,20,0,20,10,1,2,371.4429566,76.1836616,27.44038232,11.54928549
47,29,0,21,0,1,2,211.6987111,39.67855632,29.11182672,11.6088616
47,24,0,21,5,1,2,365.3198778,54.87172964,29.60769506,11.70590656
47,23,0,21,6,1,2,369.0904575,64.75808809,29.92371943,10.94587078
47,22,0,21,7,1,2,374.609227,69.12596463,30.11268065,11.54928549
47,21,0,21,8,1,2,383.2509691,70.28978283,29.53487701,11.54928549
47,20,0,21,9,1,2,381.3407666,76.63007593,29.74838711,11.54928549
47,28,0,22,0,1,2,271.7818433,42.04433619,29.92645549,11.91676098
47,23,0,22,5,1,2,386.8941379,70.34865163,27.82374888,10.94587078
47,22,0,22,6,1,2,396.3995706,70.10988705,30.44726327,11.54928549
47,21,0,22,7,1,2,404.983852,73.82165858,30.65333851,11.54928549
47,20,0,22,8,1,2,408.5804964,74.28968067,30.19726874,11.54928549
47,27,0,23,0,1,2,307.180719,48.59509618,28.08566127,11.35471999
47,22,0,23,5,1,2,391.3039995,73.51755086,27.52558503,11.54928549
47,21,0,23,6,1,2,413.9777248,80.14221741,28.58112701,11.54928549
47,20,0,23,7,1,2,416.2008521,80.51812786,30.84320969,11.54928549
47,26,0,24,0,1,2,331.5813212,62.88715955,27.68768298,12.36509588
47,21,0,24,5,1,2,424.1594673,80.47855365,28.32298323,11.54928549
47,20,0,24,6,1,2,433.6273862,80.93716267,28.21911467,11.54928549
47,25,0,25,0,1,2,356.4329674,67.01008783,25.62251576,11.46030734
47,20,0,25,5,1,2,438.7639329,85.18793162,28.37379961,11.54928549
47.2,23.8,0,15,11,1,2,216.9667181,69.31985124,24.0883629,11.26495328
47.2,24.8,0,16,9,1,2,221.7391962,53.74610959,25.45221879,11.81101164
47.2,23.8,0,16,10,1,2,231.7771731,65.74160474,23.71479847,11.26495328
47.2,24.8,0,17,8,1,2,235.7375758,49.74079761,24.62784746,11.81101164
47.2,23.8,0,17,9,1,2,239.8248924,58.89001553,23.3776881,11.26495328
47.2,22.8,0,17,10,1,2,240.5040938,68.37244563,23.21675958,10.94587078
47.2,25.8,0,18,6,1,2,205.09384,44.80170515,27.59595974,12.42415444
47.2,24.8,0,18,7,1,2,251.1847191,47.97861619,26.71759682,11.68737853
47.2,23.8,0,18,8,1,2,259.6618352,54.10892064,25.16466175,11.70590656
47.2,22.8,0,18,9,1,2,266.7195006,67.21217925,22.93894612,10.94587078
47.2,25.8,0,19,5,1,2,220.1703301,43.75635261,28.50995468,12.42415444
47.2,24.8,0,19,6,1,2,239.6658576,47.56163541,27.78150686,11.68737853
47.2,23.8,0,19,7,1,2,285.841054,51.07097716,28.23902077,11.70590656
47.2,22.8,0,19,8,1,2,286.4567296,63.47204379,25.35735444,10.94587078
47.2,24.8,0,20,5,1,2,251.506514,44.94326783,28.35316407,11.68737853
47.2,23.8,0,20,6,1,2,300.8740753,51.29358064,29.61974414,11.70590656
47.2,22.8,0,20,7,1,2,304.0870986,64.4236282,27.10332849,10.94587078
47.2,23.8,0,21,5,1,2,313.6772122,57.40658909,27.59190187,11.70590656
47.2,22.8,0,21,6,1,2,319.9361292,64.52416611,27.84873314,10.94587078
47.2,27.8,0,22,0,1,2,252.603511,40.86582554,27.8933894,11.91676098
47.2,22.8,0,22,5,1,2,343.5929846,68.96334166,25.94814407,10.94587078
47.2,26.8,0,23,0,1,2,272.38344,50.36511474,28.99560147,11.35471999
47.2,25.8,0,24,0,1,2,303.4630799,61.103342,27.46677642,12.36509588
46,20,0,10,20,2,2,211.9326715,100.5681993,21.25034846,11.54928549
46,21,0,11,18,2,2,209.5719395,93.42520651,23.6882987,11.54928549
46,20,0,11,19,2,2,238.1722325,92.4358211,21.87064413,11.54928549
46,24,0,12,14,2,2,205.5850628,84.19139527,23.84477418,11.26495328
46,23,0,12,15,2,2,202.1117946,87.51950762,23.40329255,10.94587078
46,22,0,12,16,2,2,206.5272595,91.46366419,24.02235454,11.54928549
46,21,0,12,17,2,2,220.7729032,90.9791806,24.31459673,11.54928549
46,20,0,12,18,2,2,242.3502275,94.07284523,24.29167365,11.54928549
46,22,0,13,15,2,2,205.658384,92.18712421,24.20033013,11.54928549
46,21,0,13,16,2,2,223.5002399,93.07924975,24.27759325,11.54928549
46,20,0,13,17,2,2,238.9986957,91.85839451,23.49504538,11.54928549
46,24,0,14,12,2,2,202.0451055,81.39978471,23.91781759,11.70590656
46,23,0,14,13,2,2,213.7541414,87.40180828,24.70231972,10.94587078
46,22,0,14,14,2,2,232.5369181,90.21859069,24.36021506,11.54928549
46,21,0,14,15,2,2,244.9743855,91.24676691,24.04692806,11.54928549
46,20,0,14,16,2,2,253.4962788,90.06220806,23.22553663,11.54928549
46,24,0,15,11,2,2,220.5530111,72.9827554,22.72508382,11.70590656
46,23,0,15,12,2,2,243.733368,84.03802804,23.42914325,10.94587078
46,22,0,15,13,2,2,246.3828046,84.63717071,24.51175609,11.54928549
46,21,0,15,14,2,2,241.8685241,88.23063617,25.38958864,11.54928549
46,20,0,15,15,2,2,252.7321749,88.07092053,23.96760329,11.54928549
46,24,0,16,10,2,2,241.3628655,70.12188314,22.4283371,11.70590656
46,23,0,16,11,2,2,255.3939854,81.40698026,23.08002485,10.94587078
46,22,0,16,12,2,2,262.9951027,81.12008811,23.49120659,11.54928549
46,21,0,16,13,2,2,257.49073,88.97223688,23.62174729,11.54928549
46,20,0,16,14,2,2,265.5760642,90.56142769,24.34928167,11.54928549
46,25,0,17,8,2,2,208.5393366,63.05730084,22.77263921,11.68737853
46,24,0,17,9,2,2,248.2889107,64.52813069,22.32916694,11.70590656
46,23,0,17,10,2,2,269.2455424,70.19564957,22.89505048,10.94587078
46,22,0,17,11,2,2,264.635728,79.16076396,23.17279187,11.54928549
46,21,0,17,12,2,2,270.9705493,88.62380632,23.39916889,11.54928549
46,20,0,17,13,2,2,273.8623702,88.57208281,23.28962579,11.54928549
46,25,0,18,7,2,2,228.6441249,59.38447955,25.05640462,11.68737853
46,24,0,18,8,2,2,246.0697995,62.99156133,24.05311334,11.70590656
46,23,0,18,9,2,2,262.6601699,69.65404648,23.80956238,10.94587078
46,22,0,18,10,2,2,284.9954904,73.82586778,22.86005331,11.54928549
46,21,0,18,11,2,2,283.8018187,79.93870191,22.7950736,11.54928549
46,20,0,18,12,2,2,287.6022322,88.95651665,23.48854317,11.54928549
46,26,0,19,5,2,2,212.749879,47.99149055,25.77424148,12.36509588
46,25,0,19,6,2,2,234.2349438,49.01424191,25.51610074,11.46030734
46,24,0,19,7,2,2,253.391997,59.53351919,24.01791112,11.81101164
46,23,0,19,8,2,2,293.4089531,68.55103377,23.47955317,10.94587078
46,22,0,19,9,2,2,294.1336252,75.13056381,23.89125207,11.54928549
46,21,0,19,10,2,2,297.9702409,79.57756276,23.82972955,11.54928549
46,20,0,19,11,2,2,303.3001502,88.48187837,22.88368675,11.54928549
46,25,0,20,5,2,2,244.8956727,48.60825885,26.47344832,11.46030734
46,24,0,20,6,2,2,271.9817998,53.46961554,23.81185695,11.81101164
46,23,0,20,7,2,2,315.7252377,66.66564068,23.38219953,11.26495328
46,22,0,20,8,2,2,323.0319261,80.46896659,24.26664717,11.54928549
46,21,0,20,9,2,2,321.1019462,79.4495155,23.92068978,11.54928549
46,20,0,20,10,2,2,324.4325084,80.66043217,24.85092163,11.54928549
46,24,0,21,5,2,2,288.0570226,63.0317546,24.27181413,11.81101164
46,23,0,21,6,2,2,303.5044909,65.79298033,23.72042431,11.26495328
46,22,0,21,7,2,2,321.9825515,75.12026836,24.17412917,10.94587078
46,21,0,21,8,2,2,328.9849577,80.05605934,24.87724946,11.54928549
46,20,0,21,9,2,2,346.7666866,80.83869925,24.15979215,11.54928549
46,28,0,22,0,2,2,223.6112712,46.90718639,27.6644928,12.03031036
46,23,0,22,5,2,2,303.4362708,67.66340873,23.95792565,11.26495328
46,22,0,22,6,2,2,334.8782716,74.441391,24.50595004,10.94587078
46,21,0,22,7,2,2,351.6658315,79.54011672,24.56033483,11.54928549
46,20,0,22,8,2,2,370.3092821,86.94285834,24.18599914,11.54928549
46,27,0,23,0,2,2,245.2269185,53.97844035,26.58162852,11.91676098
46,22,0,23,5,2,2,330.4758107,79.11375562,25.08268375,10.94587078
46,21,0,23,6,2,2,355.7143364,80.86640779,24.72435611,11.54928549
46,20,0,23,7,2,2,375.6326284,82.93497591,24.43651895,11.54928549
46,26,0,24,0,2,2,296.7811082,66.5145556,26.75513097,11.35471999
46,21,0,24,5,2,2,356.4345348,85.3902084,24.99104291,11.54928549
46,20,0,24,6,2,2,379.6678147,82.83670459,25.17129732,11.54928549
46,25,0,25,0,2,2,301.1933015,65.93504266,28.80515739,12.42415444
46,20,0,25,5,2,2,382.1331988,87.19351759,25.33794065,11.54928549
46.2,23.8,0,17,9,2,2,220.5432264,62.98825887,20.55370938,11.70590656
46.2,24.8,0,18,7,2,2,208.7992358,53.87859281,23.71587645,11.68737853
46.2,23.8,0,18,8,2,2,218.9765006,62.75883275,21.55741222,11.70590656
46.2,22.8,0,18,9,2,2,223.567181,72.68699561,20.92557556,10.94587078
46.2,24.8,0,19,6,2,2,221.9317584,48.63645329,24.75764979,11.68737853
46.2,23.8,0,19,7,2,2,227.5184107,59.61546567,23.7421459,11.70590656
46.2,22.8,0,19,8,2,2,254.0141074,72.32490072,21.70671959,10.94587078
46.2,24.8,0,20,5,2,2,234.7184898,48.15827989,25.44525708,11.46030734
46.2,23.8,0,20,6,2,2,261.1105007,54.2060173,25.40269376,11.70590656
46.2,22.8,0,20,7,2,2,276.2893774,69.64126483,22.46815407,10.94587078
46.2,23.8,0,21,5,2,2,269.2342098,61.68759231,24.98701822,11.81101164
46.2,22.8,0,21,6,2,2,295.7099572,65.28208082,23.92982976,10.94587078
46.2,27.8,0,22,0,2,2,209.6062651,43.6214291,27.68522972,11.91676098
46.2,22.8,0,22,5,2,2,290.9181242,67.98334702,23.243289,11.26495328
46.2,26.8,0,23,0,2,2,230.963885,56.17934527,28.23851674,11.35471999
46.2,25.8,0,24,0,2,2,281.8434881,64.04153348,26.81466353,12.36509588
45,20,0,12,18,3,2,203.5948791,92.81331399,22.05694921,11.54928549
45,20,0,13,17,3,2,220.4723834,92.22229382,22.8169083,11.54928549
45,21,0,14,15,3,2,212.7275281,94.93187757,23.07035506,11.54928549
45,20,0,14,16,3,2,228.6273436,91.46884113,21.93552997,11.54928549
45,22,0,15,13,3,2,206.8755861,86.19817393,22.24300386,11.54928549
45,21,0,15,14,3,2,216.7470752,92.04170027,22.85575949,11.54928549
45,20,0,15,15,3,2,218.5181384,91.01022866,23.24941627,11.54928549
45,23,0,16,11,3,2,202.9757997,75.35255798,20.21504718,11.26495328
45,22,0,16,12,3,2,223.4320682,83.26862719,20.85602621,11.54928549
45,21,0,16,13,3,2,224.7641875,90.63828305,22.09632729,11.54928549
45,20,0,16,14,3,2,225.1572125,93.05477604,22.43867141,11.54928549
45,24,0,17,9,3,2,200.4080575,71.94254692,20.1941409,11.81101164
45,23,0,17,10,3,2,221.3998652,72.30464858,20.20439797,11.26495328
45,22,0,17,11,3,2,229.0144118,78.46957039,20.97780876,10.94587078
45,21,0,17,12,3,2,231.8421007,85.17628239,20.502568,11.54928549
45,20,0,17,13,3,2,232.2373731,91.53987839,20.6079668,11.54928549
45,24,0,18,8,3,2,210.2269939,65.2794026,21.43155701,11.81101164
45,23,0,18,9,3,2,230.5357611,73.35978049,21.99468613,11.26495328
45,22,0,18,10,3,2,253.1983807,79.43042451,21.09711906,10.94587078
45,21,0,18,11,3,2,260.0990467,85.69859549,20.34690442,11.54928549
45,20,0,18,12,3,2,244.39072,90.76588929,20.52070595,11.54928549
45,25,0,19,6,3,2,209.3204561,63.21607525,23.62002997,11.46030734
45,24,0,19,7,3,2,229.3620142,66.44732073,22.13792233,11.81101164
45,23,0,19,8,3,2,246.7475356,69.8292558,22.67226987,11.26495328
45,22,0,19,9,3,2,269.740883,83.58231551,22.09006932,10.94587078
45,21,0,19,10,3,2,266.2053942,85.30450721,21.92629152,11.54928549
45,20,0,19,11,3,2,263.7563424,90.59466143,20.93344603,11.54928549
45,25,0,20,5,3,2,231.2919446,64.35115549,25.13399901,11.46030734
45,24,0,20,6,3,2,240.3966534,68.3741912,22.36367769,11.81101164
45,23,0,20,7,3,2,265.5161608,73.09821286,23.47736589,11.26495328
45,22,0,20,8,3,2,293.6535429,81.00352923,22.96623085,10.94587078
45,21,0,20,9,3,2,279.1400213,84.96704064,22.23437013,11.54928549
45,20,0,20,10,3,2,274.9946416,87.1158121,21.96295005,11.54928549
45,24,0,21,5,3,2,275.3915269,71.23019099,23.34837562,11.81101164
45,23,0,21,6,3,2,288.3173327,75.67028418,22.97927906,11.26495328
45,22,0,21,7,3,2,305.5649216,83.42853377,23.6984974,10.94587078
45,21,0,21,8,3,2,315.47958,83.08223786,23.09927521,11.54928549
45,20,0,21,9,3,2,304.8133076,84.80301598,22.56865263,11.54928549
45,28,0,22,0,3,2,205.5716727,49.14346851,26.15900933,12.03031036
45,23,0,22,5,3,2,286.1577332,74.24141584,23.49663822,11.70590656
45,22,0,22,6,3,2,298.880282,84.50961836,23.71832048,10.94587078
45,21,0,22,7,3,2,315.9697534,88.54170255,23.11124141,11.54928549
45,20,0,22,8,3,2,322.800524,90.41238295,23.67357442,11.54928549
45,27,0,23,0,3,2,228.4105097,57.92354391,25.643667,11.91676098
45,22,0,23,5,3,2,291.9109156,83.76122493,24.61123885,10.94587078
45,21,0,23,6,3,2,313.4761269,92.20753046,24.22708983,11.54928549
45,20,0,23,7,3,2,335.1107139,91.69552319,23.83621292,11.54928549
45,26,0,24,0,3,2,274.6513121,67.18945687,27.00612445,11.35471999
45,21,0,24,5,3,2,319.629479,95.18353695,24.54004453,11.54928549
45,20,0,24,6,3,2,338.8053147,96.57636231,24.927032,11.54928549
45,25,0,25,0,3,2,286.3596668,67.57440921,28.09693228,12.42415444
45,20,0,25,5,3,2,357.9700081,96.0854178,24.79601708,11.54928549
45.2,22.8,0,18,9,3,2,200.9772311,73.13204001,20.79826585,11.26495328
45.2,23.8,0,19,7,3,2,218.2654526,68.1425102,21.4560288,11.81101164
45.2,22.8,0,19,8,3,2,216.870856,69.46163982,21.66485216,11.26495328
45.2,24.8,0,20,5,3,2,222.764518,63.0620787,24.4067937,11.46030734
45.2,23.8,0,20,6,3,2,229.5512941,66.04926808,23.06755746,11.81101164
45.2,22.8,0,20,7,3,2,249.8070127,73.52224802,21.50798443,11.26495328
45.2,23.8,0,21,5,3,2,252.4551732,72.057021,24.01392379,11.81101164
45.2,22.8,0,21,6,3,2,272.9929191,75.30337315,22.28933593,11.26495328
45.2,22.8,0,22,5,3,2,268.9461753,73.71178202,23.82609957,11.26495328
45.2,26.8,0,23,0,3,2,214.5033944,56.21254066,26.1772129,11.91676098
45.2,25.8,0,24,0,3,2,257.11498,63.44735305,27.34263061,11.35471999
44,20,0,15,15,4,2,205.3563362,93.04974466,20.78345418,11.54928549
44,21,0,16,13,4,2,211.8839421,92.9026371,20.22610053,11.54928549
44,20,0,16,14,4,2,209.4729677,94.87433464,19.9620062,11.54928549
44,21,0,17,12,4,2,212.4133923,87.47778541,20.35946944,11.54928549
44,20,0,17,13,4,2,220.1417468,95.36691342,20.6075876,11.54928549
44,22,0,18,10,4,2,207.1393683,78.21453718,20.51924589,10.94587078
44,21,0,18,11,4,2,234.1567237,88.00537092,20.67500241,11.54928549
44,20,0,18,12,4,2,224.971462,91.06191725,20.14926312,11.54928549
44,23,0,19,8,4,2,215.6440779,76.15133808,21.30596085,11.70590656
44,22,0,19,9,4,2,219.0715574,81.18232964,21.63165143,10.94587078
44,21,0,19,10,4,2,244.6763489,86.89578817,21.69574492,11.54928549
44,20,0,19,11,4,2,236.8081136,88.55930382,20.5333909,11.54928549
44,25,0,20,5,4,2,210.3264574,67.37754262,21.44372533,12.42415444
44,24,0,20,6,4,2,229.0232411,75.79643745,21.44515749,11.68737853
44,23,0,20,7,4,2,239.9708282,77.44353891,22.11022619,11.70590656
44,22,0,20,8,4,2,267.3469764,81.21636567,21.2614881,10.94587078
44,21,0,20,9,4,2,254.8689578,86.34360163,21.80169196,11.54928549
44,20,0,20,10,4,2,262.9415945,87.64776781,21.60913384,11.54928549
44,24,0,21,5,4,2,244.7589935,78.93256929,21.83627498,11.68737853
44,23,0,21,6,4,2,268.3397319,75.84227785,22.14060047,11.70590656
44,22,0,21,7,4,2,278.8726292,80.44150015,22.20699789,10.94587078
44,21,0,21,8,4,2,276.2687305,87.55662039,22.18684659,11.54928549
44,20,0,21,9,4,2,281.1250574,87.94210328,21.28867552,11.54928549
44,23,0,22,5,4,2,274.156866,77.77423517,23.59020452,11.70590656
44,22,0,22,6,4,2,276.9645726,79.14827814,22.44768773,10.94587078
44,21,0,22,7,4,2,280.7381258,95.84018662,22.35217254,11.54928549
44,20,0,22,8,4,2,298.718849,90.87255186,21.93575148,11.54928549
44,27,0,23,0,4,2,216.2538217,60.8796102,25.22791844,11.91676098
44,22,0,23,5,4,2,283.5307004,83.95768001,23.8677374,10.94587078
44,21,0,23,6,4,2,289.8904765,94.10887986,23.45801312,11.54928549
44,20,0,23,7,4,2,300.5507576,92.14470336,22.4732144,11.54928549
44,26,0,24,0,4,2,230.6677638,72.01630864,26.75155503,11.35471999
44,21,0,24,5,4,2,282.4975,96.98710988,23.53656757,11.54928549
44,20,0,24,6,4,2,303.588089,96.41261676,23.82008166,11.54928549
44,25,0,25,0,4,2,257.5965175,68.37290091,26.54962828,12.36509588
44,20,0,25,5,4,2,311.6606143,96.93791553,24.15757785,11.54928549
44.2,24.8,0,20,5,4,2,207.7089053,67.77023643,22.50143663,12.42415444
44.2,23.8,0,20,6,4,2,210.7981963,74.18223774,19.81803813,11.68737853
44.2,22.8,0,20,7,4,2,219.1250185,78.66994152,19.77824029,11.70590656
44.2,23.8,0,21,5,4,2,224.8726701,77.25973282,20.9555875,11.68737853
44.2,22.8,0,21,6,4,2,250.0554176,76.56502076,19.43310609,11.70590656
44.2,22.8,0,22,5,4,2,253.539792,76.52033867,21.20720824,11.70590656
44.2,25.8,0,24,0,4,2,219.7556222,69.17893789,26.35784663,11.35471999
43,21,0,19,10,5,2,205.1922614,84.70762117,19.3186107,11.54928549
43,22,0,20,8,5,2,215.3576339,82.23516127,19.55662222,10.94587078
43,21,0,20,9,5,2,249.0493786,85.85634245,19.7510379,11.54928549
43,20,0,20,10,5,2,233.6866587,90.09564895,19.52948187,11.54928549
43,24,0,21,5,5,2,213.7943071,79.89651145,20.36942589,11.46030734
43,23,0,21,6,5,2,228.9264509,80.42287398,21.09725801,11.81101164
43,22,0,21,7,5,2,253.4196552,83.91699586,20.01792894,10.94587078
43,21,0,21,8,5,2,260.1399412,84.87099558,19.373308,11.54928549
43,20,0,21,9,5,2,251.1471532,89.57025954,19.67775579,11.54928549
43,23,0,22,5,5,2,256.5427958,81.46375435,22.13057884,11.81101164
43,22,0,22,6,5,2,260.0913126,82.73800668,22.06908772,11.26495328
43,21,0,22,7,5,2,266.7225281,91.61163684,20.67518409,11.54928549
43,20,0,22,8,5,2,268.5868286,94.62124348,19.69025928,11.54928549
43,22,0,23,5,5,2,262.9037686,86.4410454,22.19668592,11.26495328
43,21,0,23,6,5,2,266.3750963,92.80195094,21.76043093,10.94587078
43,20,0,23,7,5,2,274.0571901,92.67117578,21.99714713,11.54928549
43,26,0,24,0,5,2,204.9710846,73.70081986,22.38203622,11.35471999
43,21,0,24,5,5,2,269.5662849,90.78589708,21.95002998,10.94587078
43,20,0,24,6,5,2,267.169762,97.40129569,21.99849102,11.54928549
43,25,0,25,0,5,2,240.4391815,67.28575961,22.95380195,12.36509588
43,20,0,25,5,5,2,269.8754272,98.27943509,22.60846784,11.54928549
43.2,23.8,0,21,5,5,2,208.3864323,79.17589497,19.53999117,11.68737853
43.2,22.8,0,21,6,5,2,223.7561342,81.95931247,19.91514102,11.70590656
43.2,22.8,0,22,5,5,2,241.7960659,80.76326644,20.29682993,11.70590656
43.2,21.8,0,23,5,5,2,253.3993597,84.88055076,21.42747487,10.94587078
42,21,0,20,9,6,2,207.8957237,85.63023396,18.72001721,10.94587078
42,22,0,21,7,6,2,217.2492863,84.53864548,16.9534806,11.26495328
42,21,0,21,8,6,2,230.4312742,86.52977297,17.52365038,10.94587078
42,20,0,21,9,6,2,229.3853983,90.76243873,18.78426166,11.54928549
42,23,0,22,5,6,2,207.3436151,80.25423955,18.36333023,11.81101164
42,22,0,22,6,6,2,237.2552908,85.33084951,18.49558187,11.26495328
42,21,0,22,7,6,2,229.3033207,90.59991425,18.11826478,10.94587078
42,20,0,22,8,6,2,236.0477095,90.83033424,17.83716795,11.54928549
42,22,0,23,5,6,2,237.239262,82.83716606,18.31779297,11.26495328
42,21,0,23,6,6,2,237.0585071,91.20128375,18.35552776,10.94587078
42,20,0,23,7,6,2,241.7100245,94.99070023,18.9521956,11.54928549
42,21,0,24,5,6,2,244.1557172,92.42191654,19.28354796,10.94587078
42,20,0,24,6,6,2,245.8225339,95.56184455,18.65292333,11.54928549
42,25,0,25,0,6,2,207.2153015,69.25862353,22.25059476,11.35471999
42,20,0,25,5,6,2,253.2273518,100.1636546,19.70492937,11.54928549
42.2,21.8,0,21,7,6,2,206.5075144,84.94815932,16.57497386,11.26495328
42.2,21.8,0,22,6,6,2,224.417731,86.28370337,15.85370524,11.26495328
42.2,21.8,0,23,5,6,2,221.5992769,87.85067088,16.31298905,11.26495328
41,20,0,21,9,7,2,202.2661208,90.57697766,13.9403346,11.54928549
41,21,0,22,7,7,2,205.4060045,86.61696473,15.21090628,10.94587078
41,20,0,22,8,7,2,207.6213072,92.42955847,14.29051832,11.54928549
41,22,0,23,5,7,2,208.8176294,83.81153317,16.73627904,11.70590656
41,21,0,23,6,7,2,214.8825528,90.58779777,16.18659872,10.94587078
41,20,0,23,7,7,2,225.8560628,93.80084844,15.66675414,11.54928549
41,21,0,24,5,7,2,221.7739403,87.38236186,17.23601165,10.94587078
41,20,0,24,6,7,2,222.9953966,97.15990346,16.33366494,11.54928549
41,20,0,25,5,7,2,224.8072684,101.1719694,17.54447386,11.54928549
41.2,21.8,0,23,5,7,2,207.885455,86.12974866,13.10881438,11.70590656
41.2,20.8,0,23,6,7,2,214.6714807,89.3741959,12.91751935,10.94587078
41.2,20.8,0,24,5,7,2,233.5628303,89.1245419,15.1451986,10.94587078
40,20,0,24,6,8,2,203.9152169,94.01832947,14.71742592,11.54928549
40,20,0,25,5,8,2,200.435193,91.9894591,14.57770685,10.94587078
33.2,30.8,0,19,0,15,2,213.9922047,61.82555378,18.36524428,8.929707055
33.2,29.8,0,20,0,15,2,204.8883732,66.47131746,18.80803556,9.970194159
32.2,31.8,0,18,0,16,2,234.8428238,59.81508452,19.20253084,11.84487948
32.2,30.8,0,19,0,16,2,223.4125588,64.08946048,19.58821894,10.06172281
31.2,32.8,0,17,0,17,2,219.2175491,56.57861065,20.06853971,11.76951886
31.2,31.8,0,18,0,17,2,239.1026504,56.69817376,19.86797072,11.84487948
30.2,32.8,0,17,0,18,2,222.3047045,56.99218258,19.88277293,11.76951886
30.2,31.8,0,18,0,18,2,232.9176107,57.06546134,19.86399194,11.84487948
29,33,0,17,0,19,2,208.2644395,55.23696957,19.26693381,10.62899558
29.2,33.8,0,16,0,19,2,205.873358,53.37105142,19.89556034,10.62899558
29.2,32.8,0,17,0,19,2,211.201372,55.41772989,19.34979235,11.76951886
28.2,34.8,0,15,0,20,2,201.6710711,47.60196994,21.67340337,9.097369729
28.2,33.8,0,16,0,20,2,206.1107321,53.41421566,20.35550084,9.909534571
28.2,32.8,0,17,0,20,2,202.0494228,58.25538734,18.83963007,10.62899558
27,32,0,18,0,21,2,202.1414362,60.76532264,17.98529514,11.76951886
27,31,0,19,0,21,2,200.4599301,65.66371667,16.21984132,11.84487948
27.2,34.8,0,15,0,21,2,204.5984235,47.54609047,20.52643364,9.097369729
27.2,33.8,0,16,0,21,2,207.6227191,52.08091113,19.65733332,9.909534571
26,32,0,18,0,22,2,207.8613782,59.8027545,16.39049926,11.76951886
26.2,35.8,0,14,0,22,2,201.645948,49.41469148,21.56513586,9.097369729
26.2,34.8,0,15,0,22,2,205.9919858,51.06712302,19.8023829,9.097369729
25,32,0,18,0,23,2,204.7501419,59.24604927,15.9779827,10.62899558
25.2,35.8,0,14,0,23,2,202.215559,50.29945309,20.22107188,8.451159347
25.2,34.8,0,15,0,23,2,202.1030754,51.07537521,20.19797514,9.097369729
24,33,0,17,0,24,2,202.6025172,53.00953271,17.92883983,9.909534571
24,32,0,18,0,24,2,202.3627263,57.84527962,17.09980091,10.62899558
24.2,36.8,0,13,0,24,2,202.971392,46.0155057,20.40592053,8.451159347
24.2,35.8,0,14,0,24,2,202.3334531,46.98072433,20.89357525,8.451159347
24.2,28.8,0,21,0,24,2,204.7515603,60.66943935,18.20476455,10.06172281
23,32,0,18,0,25,2,202.4644949,58.08454796,17.89061488,10.62899558
23.2,37.8,0,12,0,25,2,200.2820219,44.80455872,22.33763227,7.443516331
23.2,29.8,0,20,0,25,2,210.7917157,64.59319228,19.183542,11.84487948
23.2,28.8,0,21,0,25,2,201.9348571,60.43532479,19.15943812,9.610361387
43,21,5,15,14,0,2,201.4306666,63.35145845,22.17648451,11.54928549
43,20,5,15,15,0,2,201.3702591,69.10181143,23.19159935,11.54928549
43,22,5,16,12,0,2,204.0242453,54.48310947,22.89612933,11.54928549
43,21,5,16,13,0,2,209.1655424,66.38214549,23.01242392,11.54928549
43,20,5,16,14,0,2,215.1491721,65.31732119,22.98724208,11.54928549
43,23,5,17,10,0,2,200.8159418,52.67846508,23.4504018,10.94587078
43,22,5,17,11,0,2,205.1200593,56.09457796,22.66058415,11.54928549
43,21,5,17,12,0,2,213.2197395,63.78103236,22.40895996,11.54928549
43,20,5,17,13,0,2,229.9363718,65.94811592,23.77607963,11.54928549
43,25,5,18,7,0,2,204.760903,45.67382026,22.38026278,11.68737853
43,24,5,18,8,0,2,213.1710099,46.32162622,22.04486407,11.70590656
43,23,5,18,9,0,2,213.2099068,53.19926555,23.30709059,10.94587078
43,22,5,18,10,0,2,215.6213895,55.50613962,22.79012739,11.54928549
43,21,5,18,11,0,2,224.2741571,57.26332163,22.14706113,11.54928549
43,20,5,18,12,0,2,249.7261645,65.20452091,22.93715477,11.54928549
43,25,5,19,6,0,2,209.6511359,41.43023603,24.20337001,11.68737853
43,24,5,19,7,0,2,229.5478198,49.07073312,23.62692258,11.70590656
43,23,5,19,8,0,2,224.277979,51.60543619,22.89246482,10.94587078
43,22,5,19,9,0,2,222.5752439,53.97926852,22.99740379,11.54928549
43,21,5,19,10,0,2,246.1165987,53.26971974,21.86563463,11.54928549
43,20,5,19,11,0,2,252.7552254,65.98947483,22.44750575,11.54928549
43,25,5,20,5,0,2,215.8209476,40.13186548,23.94032021,11.68737853
43,24,5,20,6,0,2,228.9055729,48.15400197,23.67718521,11.70590656
43,23,5,20,7,0,2,231.8672075,52.16626555,24.74811333,10.94587078
43,22,5,20,8,0,2,257.6818557,54.25824115,25.05904184,11.54928549
43,21,5,20,9,0,2,273.9661897,56.96707105,21.74865519,11.54928549
43,20,5,20,10,0,2,276.0674012,61.41551035,21.23423655,11.54928549
43,24,5,21,5,0,2,224.8616093,50.28819311,24.89231937,11.70590656
43,23,5,21,6,0,2,242.5655304,50.5965563,23.96523901,10.94587078
43,22,5,21,7,0,2,264.7674576,54.81765857,25.89539795,11.54928549
43,21,5,21,8,0,2,283.6539283,56.60770437,23.37113519,11.54928549
43,20,5,21,9,0,2,285.968549,67.26298736,22.11605925,11.54928549
43,23,5,22,5,0,2,254.1817546,55.48976586,25.16491306,10.94587078
43,22,5,22,6,0,2,280.7168609,56.64351841,25.59179217,11.54928549
43,21,5,22,7,0,2,300.9350833,60.6370516,22.9784904,11.54928549
43,20,5,22,8,0,2,293.9264513,68.7072929,23.82472518,11.54928549
43,22,5,23,5,0,2,304.073597,64.08156358,25.29969868,11.54928549
43,21,5,23,6,0,2,320.6026664,64.43258027,24.72092206,11.54928549
43,20,5,23,7,0,2,321.308946,72.61299376,23.09320875,11.54928549
43,26,5,24,0,0,2,239.2581635,43.16207604,26.43110223,12.36509588
43,21,5,24,5,0,2,342.4956612,79.06689663,25.55436043,11.54928549
43,20,5,24,6,0,2,340.2578096,81.69286336,23.82606453,11.54928549
43,25,5,25,0,0,2,282.8392772,43.86674133,27.93421097,11.46030734
43,20,5,25,5,0,2,338.574659,98.8503831,24.33265776,11.54928549
43.2,24.8,5,19,6,0,2,205.4528632,43.05902047,23.17527877,11.68737853
43.2,24.8,5,20,5,0,2,211.2548639,39.90338156,22.12780257,11.68737853
43.2,23.8,5,21,5,0,2,216.2534947,49.55529206,22.55557086,11.70590656
43.2,22.8,5,22,5,0,2,239.1526175,57.33733118,23.16911687,10.94587078
43.2,25.8,5,24,0,0,2,224.678099,44.26614564,21.55886077,12.36509588
43.2,24.8,5,25,0,0,2,280.3730727,43.45103843,26.40945038,11.46030734
43.4,25.6,5,24,0,0,2,213.1861773,44.65408642,18.51138066,12.42415444
43.4,24.6,5,25,0,0,2,256.3146418,44.09252607,21.42504722,11.68737853
42,21,5,15,14,1,2,201.328103,69.25552035,21.43653894,11.54928549
42,22,5,17,11,1,2,202.8043631,59.63603846,22.12524729,11.54928549
42,23,5,18,9,1,2,207.0070072,55.39012297,21.05095049,10.94587078
42,22,5,18,10,1,2,206.6194195,57.93272922,19.85930148,11.54928549
42,21,5,18,11,1,2,205.4704455,67.5047391,21.25680942,11.54928549
42,20,5,18,12,1,2,215.0069018,68.09433952,22.61190075,11.54928549
42,24,5,19,7,1,2,205.1818924,47.21230383,22.45703369,11.70590656
42,23,5,19,8,1,2,221.5543642,51.54332708,21.83722225,10.94587078
42,22,5,19,9,1,2,223.1506535,58.45272069,20.18618249,11.54928549
42,21,5,19,10,1,2,206.4343161,61.51764789,19.02915699,11.54928549
42,20,5,19,11,1,2,227.9413716,68.35915134,20.61000037,11.54928549
42,23,5,20,7,1,2,217.2630711,54.52389012,23.2476196,10.94587078
42,22,5,20,8,1,2,226.384828,54.37274582,22.36158028,11.54928549
42,21,5,20,9,1,2,231.4260688,62.17723213,19.61119927,11.54928549
42,20,5,20,10,1,2,238.5118527,70.33152253,19.63356365,11.54928549
42,24,5,21,5,1,2,209.375561,43.95529346,23.44585598,11.81101164
42,23,5,21,6,1,2,227.9613274,52.76873039,23.30632082,11.26495328
42,22,5,21,7,1,2,257.9784291,57.55374783,22.98914195,11.54928549
42,21,5,21,8,1,2,265.9664894,63.11484143,21.6196283,11.54928549
42,20,5,21,9,1,2,263.5049203,69.36737762,21.88189204,11.54928549
42,23,5,22,5,1,2,248.4524977,49.31448648,23.86813836,11.26495328
42,22,5,22,6,1,2,261.2458822,63.56706754,23.66780382,10.94587078
42,21,5,22,7,1,2,284.5252077,66.93261968,21.44258297,11.54928549
42,20,5,22,8,1,2,295.1177332,72.28360338,21.2512627,11.54928549
42,22,5,23,5,1,2,285.8057439,70.07736458,24.91089033,10.94587078
42,21,5,23,6,1,2,313.8799854,75.08807861,22.21530506,11.54928549
42,20,5,23,7,1,2,314.3407321,77.91853136,21.10329153,11.54928549
42,26,5,24,0,1,2,227.9112896,43.24882674,26.67662523,12.36509588
42,21,5,24,5,1,2,320.7706332,85.07088941,24.0938378,11.54928549
42,20,5,24,6,1,2,325.1125123,89.45256697,22.42862779,11.54928549
42,25,5,25,0,1,2,273.785279,46.95214448,27.0052387,11.46030734
42,20,5,25,5,1,2,327.2546938,99.47654358,22.89627909,11.54928549
42.2,25.8,5,24,0,1,2,211.3474772,42.8969125,23.40507033,12.36509588
42.2,24.8,5,25,0,1,2,259.3446122,47.32369607,26.03033404,11.46030734
42.4,25.6,5,24,0,1,2,201.5088803,42.88764647,19.73873704,12.36509588
42.4,24.6,5,25,0,1,2,244.4485636,47.66324027,21.62072849,11.46030734
41,23,5,19,8,2,2,200.1714527,56.0472088,22.50719149,11.26495328
41,22,5,19,9,2,2,204.4445363,64.10996268,19.47301029,10.94587078
41,20,5,19,11,2,2,206.2542326,75.15429439,19.50908729,11.54928549
41,22,5,20,8,2,2,215.4088307,63.82335629,20.93933758,10.94587078
41,21,5,20,9,2,2,207.5403863,66.17342593,20.42324658,11.54928549
41,20,5,20,10,2,2,208.1658789,75.10028764,19.70482598,11.54928549
41,22,5,21,7,2,2,222.2518547,58.86195118,20.7006598,10.94587078
41,21,5,21,8,2,2,242.5073663,74.01278751,20.74234549,11.54928549
41,20,5,21,9,2,2,235.2309563,78.73428168,21.39726978,11.54928549
41,23,5,22,5,2,2,220.9883339,49.00629315,22.96971443,11.26495328
41,22,5,22,6,2,2,255.950765,57.43920833,21.79617794,10.94587078
41,21,5,22,7,2,2,272.6502409,74.61434156,20.08746666,11.54928549
41,20,5,22,8,2,2,277.4543806,85.83727157,21.37529831,11.54928549
41,22,5,23,5,2,2,276.0853036,58.56486946,23.61570776,10.94587078
41,21,5,23,6,2,2,285.8053026,76.95706212,20.33290969,11.54928549
41,20,5,23,7,2,2,305.9246744,94.58024678,21.20692952,11.54928549
41,26,5,24,0,2,2,217.0624883,42.24589941,25.47873427,11.35471999
41,21,5,24,5,2,2,294.7850052,84.22864586,21.95718674,11.54928549
41,20,5,24,6,2,2,311.6331234,93.15192316,21.62037042,11.54928549
41,25,5,25,0,2,2,241.3904965,47.79357492,25.32625831,12.42415444
41,20,5,25,5,2,2,319.0636869,98.88030281,22.26019448,11.54928549
41.2,24.8,5,25,0,2,2,228.451425,48.02160075,24.24689165,12.42415444
41.4,24.6,5,25,0,2,2,217.6454023,48.19541888,21.61217885,12.42415444
40,21,5,21,8,3,2,212.5287776,65.97245266,19.2157966,11.54928549
40,20,5,21,9,3,2,214.3678682,88.93937683,20.34486318,11.54928549
40,22,5,22,6,3,2,212.087908,58.08825109,19.65141809,10.94587078
40,21,5,22,7,3,2,256.2585379,69.56072407,19.44092913,11.54928549
40,20,5,22,8,3,2,257.0547189,91.62044357,20.26447695,11.54928549
40,22,5,23,5,3,2,243.5807675,61.04668276,20.28056639,10.94587078
40,21,5,23,6,3,2,251.2980215,78.9415256,19.7483899,11.54928549
40,20,5,23,7,3,2,264.8202705,93.15900882,20.73940947,11.54928549
40,26,5,24,0,3,2,202.707897,42.46182156,22.8890069,11.35471999
40,21,5,24,5,3,2,250.0137378,80.48902601,21.24862576,11.54928549
40,20,5,24,6,3,2,273.3018478,91.52662026,20.65277649,11.54928549
40,25,5,25,0,3,2,223.1005466,48.35894706,22.45098593,12.36509588
40,20,5,25,5,3,2,287.3367468,92.7397691,22.08463869,11.54928549
40.2,24.8,5,25,0,3,2,210.103869,49.33469084,22.3372842,12.42415444
39,20,5,21,9,4,2,206.9224746,80.72960855,18.61270294,11.54928549
39,21,5,22,7,4,2,208.5756605,77.90168573,18.09793808,11.54928549
39,20,5,22,8,4,2,234.1768361,84.59966534,18.93761962,11.54928549
39,22,5,23,5,4,2,212.7124077,60.51484496,18.33444106,11.26495328
39,21,5,23,6,4,2,225.3318701,75.88383784,18.24288019,11.54928549
39,20,5,23,7,4,2,239.1561743,89.7770635,19.33546841,11.54928549
39,21,5,24,5,4,2,231.4678249,76.28737992,18.07570475,10.94587078
39,20,5,24,6,4,2,229.8478923,86.83441379,18.65822614,11.54928549
39,25,5,25,0,4,2,205.9863491,50.21363151,21.07350474,12.36509588
39,20,5,25,5,4,2,239.2261378,89.66629088,18.64826746,11.54928549
39.2,24.8,5,25,0,4,2,200.265924,50.98139317,20.17804056,12.36509588
38,20,5,25,5,5,2,211.669132,90.03763242,15.49300741,11.54928549
30.2,28.8,5,21,0,13,2,215.8892797,54.13469343,20.55349311,11.62946701
30.2,27.8,5,22,0,13,2,220.8768418,55.7655317,19.58159444,11.58753493
30.4,28.6,5,21,0,13,2,217.6982426,53.72447348,21.93284889,11.62946701
29.2,29.8,5,20,0,14,2,237.787581,47.93146354,21.68373461,9.970194159
29.2,28.8,5,21,0,14,2,233.0729211,53.82437708,19.97886565,11.3880895
29.2,27.8,5,22,0,14,2,223.3392335,55.65777038,19.81437045,11.33249189
29.4,29.6,5,20,0,14,2,238.2250863,47.61019141,22.81012626,9.970194159
28,30,5,20,0,15,2,205.6478404,47.98551648,19.76060943,11.10254813
28,29,5,21,0,15,2,204.243694,49.63997045,19.1413693,9.970194159
28.2,30.8,5,19,0,15,2,218.7974697,48.95366012,22.16742269,8.929707055
28.2,29.8,5,20,0,15,2,244.6469671,47.58603488,20.4270429,9.970194159
28.2,28.8,5,21,0,15,2,242.7210795,47.41552262,19.23245225,11.3880895
28.4,30.6,5,19,0,15,2,215.5486134,49.67324858,21.37448355,8.929707055
27,30,5,20,0,16,2,209.356788,49.99759286,19.46827616,11.10254813
27,29,5,21,0,16,2,205.0920956,54.10376116,19.13864815,9.970194159
27.2,30.8,5,19,0,16,2,214.8215449,49.46281007,22.03460856,10.06172281
27.2,29.8,5,20,0,16,2,247.938513,49.8560643,20.40631004,11.10254813
26,30,5,20,0,17,2,206.7380723,51.95116874,18.81674286,8.929707055
26,29,5,21,0,17,2,203.2988184,54.78469179,19.02452127,9.970194159
26.2,30.8,5,19,0,17,2,224.3280286,51.77502643,21.46970931,9.610361387
25,30,5,20,0,18,2,202.2326907,52.81124651,18.64547169,8.929707055
25.2,31.8,5,18,0,18,2,202.7784816,54.2031324,22.03663555,11.84487948
42,22,6,16,12,0,2,209.1875571,61.08584894,23.53586607,11.54928549
42,21,6,16,13,0,2,205.6723888,63.87876127,22.15985108,11.54928549
42,20,6,16,14,0,2,207.5622257,69.35006038,21.58154935,11.54928549
42,21,6,17,12,0,2,206.41149,64.92670418,22.3502666,11.54928549
42,20,6,17,13,0,2,210.2663489,67.89103605,23.00609483,11.54928549
42,24,6,18,8,0,2,201.7768948,49.05528704,21.15895451,11.70590656
42,23,6,18,9,0,2,211.1338683,50.72583401,22.60854986,10.94587078
42,22,6,18,10,0,2,213.5102019,54.79957337,23.24158548,11.54928549
42,21,6,18,11,0,2,217.6772647,56.53438334,22.26202148,11.54928549
42,20,6,18,12,0,2,233.202356,67.17844248,21.54187839,11.54928549
42,24,6,19,7,0,2,211.1861238,46.63031692,21.29348195,11.70590656
42,23,6,19,8,0,2,218.2856584,54.40395387,22.25530434,10.94587078
42,22,6,19,9,0,2,220.6937716,54.96518677,22.4595657,11.54928549
42,21,6,19,10,0,2,226.1854116,54.78145172,21.23319221,11.54928549
42,20,6,19,11,0,2,245.7604643,65.0320643,21.35132864,11.54928549
42,25,6,20,5,0,2,201.009606,41.17246568,23.46738641,11.68737853
42,24,6,20,6,0,2,221.3940773,45.28790404,22.90344379,11.70590656
42,23,6,20,7,0,2,224.4875294,54.86678364,22.68944151,10.94587078
42,22,6,20,8,0,2,240.658474,55.15660245,24.0304298,11.54928549
42,21,6,20,9,0,2,250.9528897,58.72726197,21.70068516,11.54928549
42,20,6,20,10,0,2,249.8533587,56.95952471,20.13140545,11.54928549
42,24,6,21,5,0,2,223.6515659,41.46022139,23.48742185,11.70590656
42,23,6,21,6,0,2,223.9095784,54.9881894,23.14254466,10.94587078
42,22,6,21,7,0,2,253.619412,59.30562852,23.833751,11.54928549
42,21,6,21,8,0,2,283.0595713,60.14063788,23.10705682,11.54928549
42,20,6,21,9,0,2,269.266552,63.92244859,21.47276711,11.54928549
42,23,6,22,5,0,2,251.544726,51.86862948,23.92694459,10.94587078
42,22,6,22,6,0,2,269.2767025,61.52657033,23.96536173,11.54928549
42,21,6,22,7,0,2,277.0126745,65.43063456,23.6786654,11.54928549
42,20,6,22,8,0,2,289.8044604,69.02194005,21.9903549,11.54928549
42,22,6,23,5,0,2,292.240959,66.60731056,24.81460552,11.54928549
42,21,6,23,6,0,2,300.6428583,71.06879578,24.91744614,11.54928549
42,20,6,23,7,0,2,302.097177,71.66128812,22.39623967,11.54928549
42,26,6,24,0,0,2,220.140125,43.19324155,23.23803148,12.36509588
42,21,6,24,5,0,2,330.0811662,78.1179188,25.55859558,11.54928549
42,20,6,24,6,0,2,322.7270178,78.19349305,22.86430756,11.54928549
42,25,6,25,0,0,2,273.344861,45.12148357,27.47786752,11.46030734
42,20,6,25,5,0,2,335.0063811,94.76718114,23.62769767,11.54928549
42.2,25.8,6,24,0,0,2,212.4495931,43.39618926,20.22124933,12.36509588
42.2,24.8,6,25,0,0,2,256.1236705,45.10967674,23.55136195,11.46030734
42.4,25.6,6,24,0,0,2,205.3116801,43.62909728,19.38859118,12.42415444
42.4,24.6,6,25,0,0,2,246.3638027,45.67272826,19.69393485,11.68737853
41,22,6,18,10,1,2,203.9129564,63.53671558,20.94133966,11.54928549
41,20,6,18,12,1,2,203.9814412,67.64816361,22.01517617,11.54928549
41,23,6,19,8,1,2,205.9873394,52.05354723,21.48185305,10.94587078
41,22,6,19,9,1,2,211.3511,63.83816673,20.5549043,11.54928549
41,21,6,19,10,1,2,203.4235892,72.55177139,19.3061032,11.54928549
41,20,6,19,11,1,2,212.662895,69.77481437,20.62321019,11.54928549
41,23,6,20,7,1,2,214.8119445,50.41384415,22.49504342,10.94587078
41,22,6,20,8,1,2,218.2059881,62.35872846,22.92760095,11.54928549
41,21,6,20,9,1,2,220.5874701,73.39258005,19.52348185,11.54928549
41,20,6,20,10,1,2,229.716185,73.64646978,18.89977139,11.54928549
41,23,6,21,6,1,2,218.0167728,50.13167047,22.50624983,11.26495328
41,22,6,21,7,1,2,220.2907234,62.30451589,23.11718035,11.54928549
41,21,6,21,8,1,2,239.14894,70.07645252,21.24551572,11.54928549
41,20,6,21,9,1,2,247.6142311,76.40864449,20.76049153,11.54928549
41,23,6,22,5,1,2,233.2195144,49.43971854,23.03856668,11.26495328
41,22,6,22,6,1,2,245.2136274,58.85968745,23.44502834,10.94587078
41,21,6,22,7,1,2,253.7932221,68.0101995,21.51957272,11.54928549
41,20,6,22,8,1,2,276.0215403,77.53999168,20.99473754,11.54928549
41,22,6,23,5,1,2,276.3297501,53.35540768,24.15528933,10.94587078
41,21,6,23,6,1,2,285.9772812,69.91859888,23.04458291,11.54928549
41,20,6,23,7,1,2,305.8108539,80.50612268,20.55034996,11.54928549
41,26,6,24,0,1,2,216.2260704,43.00382805,25.13657059,12.36509588
41,21,6,24,5,1,2,310.262467,75.57930527,24.75705182,11.54928549
41,20,6,24,6,1,2,310.2792318,85.83145323,22.30036847,11.54928549
41,25,6,25,0,1,2,247.2202665,43.74794972,26.20837154,11.46030734
41,20,6,25,5,1,2,322.4740174,95.22372851,23.50546924,11.54928549
41.2,24.8,6,25,0,1,2,237.381655,43.50350804,24.67947727,11.46030734
41.4,24.6,6,25,0,1,2,224.5931721,43.35790964,20.79642045,11.46030734
40,22,6,21,7,2,2,202.452379,55.58467273,21.54500441,10.94587078
40,21,6,21,8,2,2,209.8958017,65.47875611,20.06458368,11.54928549
40,20,6,21,9,2,2,220.2380113,84.66146705,20.07702891,11.54928549
40,23,6,22,5,2,2,205.8375532,44.82016332,21.32665313,11.26495328
40,22,6,22,6,2,2,217.3519552,52.91236976,21.50582124,10.94587078
40,21,6,22,7,2,2,232.3226809,67.7908472,19.46640579,11.54928549
40,20,6,22,8,2,2,237.0438151,86.43139153,19.76896883,11.54928549
40,22,6,23,5,2,2,255.4270968,54.29380235,21.40629009,10.94587078
40,21,6,23,6,2,2,264.7458448,68.57857737,19.31815766,11.54928549
40,20,6,23,7,2,2,282.4310414,87.26598461,19.49032948,11.54928549
40,21,6,24,5,2,2,276.0224329,76.00586036,21.01580624,11.54928549
40,20,6,24,6,2,2,290.5717596,84.53813913,19.40503117,11.54928549
40,25,6,25,0,2,2,234.5600546,42.44246309,24.02953807,12.42415444
40,20,6,25,5,2,2,295.5999357,86.25916473,21.64644353,11.54928549
40.2,24.8,6,25,0,2,2,212.6347165,41.83213738,23.15526237,12.42415444
39,20,6,21,9,3,2,202.8687311,82.3718472,19.8749523,11.54928549
39,21,6,22,7,3,2,217.7960344,65.70986974,18.6159692,11.54928549
39,20,6,22,8,3,2,228.4040889,81.02103626,19.75242701,11.54928549
39,22,6,23,5,3,2,210.6521039,56.81827489,20.89206328,10.94587078
39,21,6,23,6,3,2,237.1588421,69.01295576,18.89462176,11.54928549
39,20,6,23,7,3,2,253.7661284,85.80256089,19.04607415,11.54928549
39,21,6,24,5,3,2,239.6214217,72.23189927,19.58185396,11.54928549
39,20,6,24,6,3,2,261.0364202,87.48054932,18.73988164,11.54928549
39,25,6,25,0,3,2,222.7395601,42.59394085,22.06882802,12.36509588
39,20,6,25,5,3,2,267.3302847,85.11355118,20.12071453,11.54928549
39.2,24.8,6,25,0,3,2,204.6131707,43.46091493,20.92364326,12.42415444
38,21,6,23,6,4,2,214.1575687,67.0925478,16.06451076,11.54928549
38,20,6,23,7,4,2,216.6673486,87.87039438,17.67640205,11.54928549
38,21,6,24,5,4,2,230.5481274,71.71555165,16.1948169,10.94587078
38,20,6,24,6,4,2,225.0307543,87.43538172,16.56270521,11.54928549
38,25,6,25,0,4,2,205.533215,44.94162099,20.05800256,12.36509588
38,20,6,25,5,4,2,229.0062563,83.05107304,16.43924316,11.54928549
41,21,7,16,13,0,2,202.1621699,65.52752871,21.55881952,11.54928549
41,20,7,16,14,0,2,201.2191387,67.91372114,20.83511959,11.54928549
41,21,7,17,12,0,2,204.0906144,67.12824561,21.57337601,11.54928549
41,20,7,17,13,0,2,206.3204233,67.07300639,21.46538834,11.54928549
41,22,7,18,10,0,2,205.4271878,61.68117204,23.3356346,11.54928549
41,21,7,18,11,0,2,203.8029381,66.75481521,22.03938525,11.54928549
41,20,7,18,12,0,2,215.9906689,70.31266669,21.9094601,11.54928549
41,22,7,19,9,0,2,205.7204758,60.30732309,21.66061673,11.54928549
41,21,7,19,10,0,2,217.3962711,63.03287678,22.15242664,11.54928549
41,20,7,19,11,0,2,239.8993141,68.00652642,21.61380073,11.54928549
41,24,7,20,6,0,2,209.9114203,43.21599391,22.0990388,11.70590656
41,23,7,20,7,0,2,206.4156796,47.6816889,22.19505837,10.94587078
41,22,7,20,8,0,2,210.1109821,60.09287112,21.66858941,11.54928549
41,21,7,20,9,0,2,222.0126551,65.20816493,21.42939015,11.54928549
41,20,7,20,10,0,2,238.5265543,70.0298833,20.09659031,11.54928549
41,24,7,21,5,0,2,222.1490366,42.63504842,22.84016192,11.70590656
41,23,7,21,6,0,2,221.305519,40.92614851,22.21614952,10.94587078
41,22,7,21,7,0,2,230.3348105,60.17284988,22.5624999,11.54928549
41,21,7,21,8,0,2,254.7554222,63.9982829,23.40463751,11.54928549
41,20,7,21,9,0,2,256.7942878,68.01856274,19.59681495,11.54928549
41,23,7,22,5,0,2,224.8540059,41.22091022,22.76594925,10.94587078
41,22,7,22,6,0,2,247.2778561,57.3129689,22.75338593,11.54928549
41,21,7,22,7,0,2,263.2107534,63.77965591,23.41019352,11.54928549
41,20,7,22,8,0,2,265.5934784,70.85888891,21.50388764,11.54928549
41,22,7,23,5,0,2,271.4256104,53.11326322,23.29863917,11.54928549
41,21,7,23,6,0,2,283.4836659,66.47922507,23.62126572,11.54928549
41,20,7,23,7,0,2,284.0233595,68.71151742,21.6413328,11.54928549
41,26,7,24,0,0,2,210.1650331,43.09540402,21.27342125,12.36509588
41,21,7,24,5,0,2,310.7323901,70.48558888,23.85964797,11.54928549
41,20,7,24,6,0,2,314.969518,78.83846518,23.12085596,11.54928549
41,25,7,25,0,0,2,264.4615067,43.06068063,25.56108478,11.46030734
41,20,7,25,5,0,2,327.6304892,86.00563294,24.83805432,11.54928549
41.2,25.8,7,24,0,0,2,209.7537614,43.16606982,19.59548915,12.36509588
41.2,24.8,7,25,0,0,2,251.1497636,42.95045999,21.44599009,11.46030734
40,20,7,19,11,1,2,202.9496468,77.03538917,19.10972813,11.54928549
40,23,7,20,7,1,2,202.3373463,50.32452388,21.79576691,10.94587078
40,22,7,20,8,1,2,202.2923263,55.74864885,22.19066517,11.54928549
40,20,7,20,10,1,2,215.5072423,80.3750733,18.74423142,11.54928549
40,23,7,21,6,1,2,215.5997462,44.07646427,21.85978659,11.26495328
40,22,7,21,7,1,2,213.9307715,53.62972857,22.53327976,10.94587078
40,21,7,21,8,1,2,203.9358825,65.07795794,22.33117627,11.54928549
40,20,7,21,9,1,2,225.4290252,79.67685532,20.05669964,11.54928549
40,23,7,22,5,1,2,222.8363707,42.6938581,22.25837186,11.26495328
40,22,7,22,6,1,2,224.2547733,52.87080295,22.68365259,10.94587078
40,21,7,22,7,1,2,238.4833424,59.98320259,22.28654235,11.54928549
40,20,7,22,8,1,2,244.5526462,72.40217369,20.92417957,11.54928549
40,22,7,23,5,1,2,250.3024945,49.50641233,23.09204031,10.94587078
40,21,7,23,6,1,2,263.4785728,62.41417593,22.81743751,11.54928549
40,20,7,23,7,1,2,279.1012147,77.26579297,20.64411794,11.54928549
40,26,7,24,0,1,2,202.5122199,41.93665484,21.94294618,11.35471999
40,21,7,24,5,1,2,294.048378,66.4066111,23.41868796,11.54928549
40,20,7,24,6,1,2,299.1519055,80.49911073,21.15737258,11.54928549
40,25,7,25,0,1,2,232.7378004,42.27137478,25.75690942,12.42415444
40,20,7,25,5,1,2,319.4643491,83.34228951,22.12370257,11.54928549
40.2,24.8,7,25,0,1,2,220.4780292,42.07203234,21.86858291,11.46030734
39,22,7,22,6,2,2,201.0350827,52.26852788,21.461278,10.94587078
39,21,7,22,7,2,2,207.7395166,63.85140633,20.23831174,11.54928549
39,20,7,22,8,2,2,216.2536987,74.56202001,19.4864064,11.54928549
39,22,7,23,5,2,2,224.1370882,50.04318204,21.67315863,10.94587078
39,21,7,23,6,2,2,234.8313457,60.80402489,21.70114567,11.54928549
39,20,7,23,7,2,2,241.681236,73.76335301,19.51637577,11.54928549
39,21,7,24,5,2,2,262.5103824,60.81199225,21.96783507,11.54928549
39,20,7,24,6,2,2,279.5486818,77.09283901,20.18326489,11.54928549
39,25,7,25,0,2,2,221.4639648,41.16278112,23.44884413,12.42415444
39,20,7,25,5,2,2,298.1985427,82.83860227,20.67628986,11.54928549
39.2,24.8,7,25,0,2,2,212.7691937,40.83848703,21.83689449,12.42415444
38,22,7,23,5,3,2,200.9361881,51.88836161,20.44955544,10.94587078
38,25,7,25,0,3,2,206.2837552,41.20782461,20.68068786,12.36509588
40,21,8,18,11,0,2,200.8142043,70.27315643,23.3634275,11.54928549
40,20,8,18,12,0,2,204.6292459,72.15276794,21.48004247,11.54928549
40,21,8,19,10,0,2,202.4339317,64.15468811,23.02025878,11.54928549
40,20,8,19,11,0,2,226.0824226,72.63862992,21.55737843,11.54928549
40,23,8,20,7,0,2,206.1981191,42.25234549,22.01126696,10.94587078
40,22,8,20,8,0,2,205.3877584,55.9665547,20.41980676,11.54928549
40,21,8,20,9,0,2,207.9528977,65.76906243,21.1860331,11.54928549
40,20,8,20,10,0,2,232.9294148,69.49806634,19.50112339,11.54928549
40,24,8,21,5,0,2,220.6157434,42.68961808,22.73330783,11.70590656
40,23,8,21,6,0,2,220.7174504,43.78207747,21.86111169,10.94587078
40,22,8,21,7,0,2,218.8363758,53.10921367,22.41477038,11.54928549
40,21,8,21,8,0,2,226.1439038,61.49838057,22.17139746,11.54928549
40,20,8,21,9,0,2,229.0270717,67.28595632,20.11968497,11.54928549
40,23,8,22,5,0,2,222.0431905,41.92036028,21.99700301,10.94587078
40,22,8,22,6,0,2,240.1846768,49.01178191,22.40677503,11.54928549
40,21,8,22,7,0,2,252.5277428,60.31501283,22.88320165,11.54928549
40,20,8,22,8,0,2,247.207767,67.88027991,22.83245429,11.54928549
40,22,8,23,5,0,2,266.6899048,48.94606091,22.61784727,11.54928549
40,21,8,23,6,0,2,266.2964301,57.42424584,22.78384586,11.54928549
40,20,8,23,7,0,2,272.0591019,63.6552223,22.7822159,11.54928549
40,26,8,24,0,0,2,209.7255073,42.39993739,19.7993422,12.36509588
40,21,8,24,5,0,2,303.5353757,57.1370764,23.06933245,11.54928549
40,20,8,24,6,0,2,307.5770987,68.99036072,23.264248,11.54928549
40,25,8,25,0,0,2,228.9174546,41.46513483,22.28256704,11.46030734
40,20,8,25,5,0,2,320.8334048,76.43887694,24.58821694,11.54928549
40.2,25.8,8,24,0,0,2,201.3850165,43.11997897,20.69281465,12.36509588
40.2,24.8,8,25,0,0,2,219.6305639,41.74833289,20.05180444,11.46030734
39,23,8,21,6,1,2,207.8239131,43.06835805,21.28215109,11.26495328
39,22,8,21,7,1,2,204.531262,50.72737009,22.16944976,10.94587078
39,20,8,21,9,1,2,204.7796735,73.13369163,18.89347106,11.54928549
39,23,8,22,5,1,2,206.3927989,41.86085317,21.26704325,11.26495328
39,22,8,22,6,1,2,206.1769244,47.43541753,21.67742584,10.94587078
39,21,8,22,7,1,2,212.4565239,61.7875865,22.07253362,11.54928549
39,20,8,22,8,1,2,220.7260823,67.3133901,20.3925979,11.54928549
39,22,8,23,5,1,2,228.7541087,45.54851948,21.21205172,10.94587078
39,21,8,23,6,1,2,241.1452216,55.37204679,22.2334473,11.54928549
39,20,8,23,7,1,2,245.9584094,65.6924664,20.55321503,11.54928549
39,21,8,24,5,1,2,269.7408836,52.66335129,21.77028607,11.54928549
39,20,8,24,6,1,2,282.4653123,66.79583908,21.8838538,11.54928549
39,25,8,25,0,1,2,212.9695296,40.86477131,22.91812283,12.42415444
39,20,8,25,5,1,2,305.622262,72.28815046,21.87566374,11.54928549
39.2,24.8,8,25,0,1,2,203.6083071,40.98484803,20.37292595,11.46030734
38,25,8,25,0,2,2,203.4988267,40.19418987,21.48674701,12.42415444
39,20,9,20,10,0,2,213.1157792,69.11156008,20.8053364,11.54928549
39,24,9,21,5,0,2,207.9355093,43.05396357,21.76646387,11.70590656
39,23,9,21,6,0,2,206.9358092,43.05744701,21.82980811,10.94587078
39,22,9,21,7,0,2,204.7473335,48.0278634,21.27457638,11.54928549
39,21,9,21,8,0,2,201.6363105,60.47784342,21.14500534,11.54928549
39,20,9,21,9,0,2,226.4343438,63.22788712,20.84938665,11.54928549
39,23,9,22,5,0,2,221.2653885,41.85265319,21.93058485,10.94587078
39,22,9,22,6,0,2,223.2040887,48.23886203,21.56968515,11.54928549
39,21,9,22,7,0,2,244.0155283,53.1542426,22.51581637,11.54928549
39,20,9,22,8,0,2,239.0291312,63.52428714,22.12282924,11.54928549
39,22,9,23,5,0,2,245.0504343,45.10284999,22.23268158,11.54928549
39,21,9,23,6,0,2,262.3945541,47.52909495,22.0744753,11.54928549
39,20,9,23,7,0,2,257.5492901,64.36783225,22.45593527,11.54928549
39,26,9,24,0,0,2,211.7182756,42.40153837,19.79718975,12.36509588
39,21,9,24,5,0,2,290.1396316,47.7872843,22.18352187,11.54928549
39,20,9,24,6,0,2,294.8458858,60.28099271,22.93090356,11.54928549
39,25,9,25,0,0,2,234.9566248,41.79196725,20.61913629,11.46030734
39,20,9,25,5,0,2,313.3988527,60.91960213,22.73367025,11.54928549
38,23,9,22,5,1,2,200.8087098,40.07320548,20.86229104,11.26495328
38,20,9,22,8,1,2,211.695489,68.61529887,22.69787856,11.54928549
38,22,9,23,5,1,2,213.8873019,42.64846183,21.29212154,10.94587078
38,21,9,23,6,1,2,230.4336582,50.08046855,22.21035218,11.54928549
38,20,9,23,7,1,2,235.6551027,65.2744613,22.34431249,11.54928549
38,21,9,24,5,1,2,257.6583083,47.65913733,21.82485347,11.54928549
38,20,9,24,6,1,2,256.7261533,60.48039375,22.05923873,11.54928549
38,25,9,25,0,1,2,213.4652283,40.8782464,21.43720138,12.42415444
38,20,9,25,5,1,2,294.8574538,59.38307247,21.79118657,11.54928549
37,25,9,25,0,2,2,203.5736974,40.49576947,20.37233855,12.42415444
38,20,10,20,10,0,2,203.2827931,65.76051513,20.78580492,11.54928549
38,20,10,21,9,0,2,211.8931617,61.24982024,20.02527753,11.54928549
38,23,10,22,5,0,2,210.8052107,40.58484642,21.73720987,10.94587078
38,22,10,22,6,0,2,204.6765477,45.10245122,21.00422989,11.54928549
38,21,10,22,7,0,2,219.8449813,49.23089398,21.52112165,11.54928549
38,20,10,22,8,0,2,230.787236,54.43523032,21.85909977,11.54928549
38,22,10,23,5,0,2,227.8837722,42.7198352,21.27414647,11.54928549
38,21,10,23,6,0,2,242.625813,47.13165458,21.7284048,11.54928549
38,20,10,23,7,0,2,241.2438398,52.85011155,21.58594731,11.54928549
38,21,10,24,5,0,2,265.9478046,46.03213838,21.61579372,11.54928549
38,20,10,24,6,0,2,264.7772898,49.77093606,22.46580149,11.54928549
38,25,10,25,0,0,2,222.1394774,40.93472585,20.24489212,11.46030734
38,20,10,25,5,0,2,299.0045926,49.55666164,22.26909056,11.54928549
37,22,10,23,5,1,2,207.4548823,41.31199493,20.63814096,10.94587078
37,21,10,23,6,1,2,203.7061414,48.53488116,21.11082345,11.54928549
37,20,10,23,7,1,2,220.1143817,54.82388418,21.49311666,11.54928549
37,21,10,24,5,1,2,238.2751217,44.48503023,20.60525107,11.54928549
37,20,10,24,6,1,2,244.1130426,52.5277834,21.06277095,11.54928549
37,25,10,25,0,1,2,214.6442155,40.16239863,19.85817664,12.42415444
37,20,11,21,9,0,2,208.4203517,54.66481025,20.94899751,11.54928549
37,20,11,22,8,0,2,214.0448574,50.51875911,22.14235848,11.54928549
37,22,11,23,5,0,2,207.5292388,42.87838032,21.67733613,10.94587078
37,21,11,23,6,0,2,225.6084075,44.5936791,22.04289642,11.54928549
37,20,11,23,7,0,2,224.0435946,49.53125316,22.46362692,11.54928549
37,21,11,24,5,0,2,247.6037017,43.46075007,21.72325228,11.54928549
37,20,11,24,6,0,2,240.6436663,50.51397286,22.39368738,11.54928549
37,25,11,25,0,0,2,213.9455353,40.32466587,20.71824441,11.46030734
37,20,11,25,5,0,2,281.0343081,45.76709108,21.53010749,11.54928549
36,20,12,21,9,0,2,201.344616,50.78375532,19.8939004,11.54928549
36,20,12,22,8,0,2,209.8160927,51.34499223,21.1925192,11.54928549
36,21,12,23,6,0,2,201.332583,44.82092787,21.15407013,11.54928549
36,20,12,23,7,0,2,219.1515966,48.9730431,21.57120833,11.54928549
36,21,12,24,5,0,2,223.2921279,44.34705836,20.55387225,11.54928549
36,20,12,24,6,0,2,229.9929523,47.61408039,21.03234328,11.54928549
36,25,12,25,0,0,2,200.7641236,40.76229337,18.96944297,11.46030734
36,20,12,25,5,0,2,249.1729533,45.336657,20.79908219,11.54928549
35,20,13,22,8,0,2,205.159766,48.60212312,19.73180682,11.54928549
35,21,13,23,6,0,2,200.9552519,42.69572822,19.27345574,11.54928549
35,20,13,23,7,0,2,209.6744771,47.17152382,19.88529572,11.54928549
35,21,13,24,5,0,2,209.0739264,42.54162762,19.59844491,11.54928549
35,20,13,24,6,0,2,224.968913,46.95830103,20.46884758,11.54928549
35,20,13,25,5,0,2,243.4444346,45.402207,19.96036194,11.54928549
34,20,14,24,6,0,2,208.970964,47.52610723,18.25682863,11.54928549
34,20,14,25,5,0,2,230.208057,47.09331563,19.0071288,11.54928549
47,25,0,0,25,0,3,202.6049758,86.48540176,22.03916995,11.26495328
47,24,0,5,21,0,3,205.3945588,86.31529166,29.64744921,10.94587078
47,21,0,8,21,0,3,208.18681,90.57448186,30.41803549,11.54928549
47,21,0,9,20,0,3,202.8485415,85.5488972,32.16948404,11.54928549
47,20,0,9,21,0,3,209.6294967,93.11749563,31.84621655,11.54928549
47,27,0,10,13,0,3,205.1432613,53.58164951,29.03722529,12.42415444
47,26,0,10,14,0,3,211.6005028,54.52950563,29.241986,11.68737853
47,21,0,10,19,0,3,207.9774238,85.27353131,31.13228768,11.54928549
47,20,0,10,20,0,3,221.1020651,91.32686406,32.32938151,11.54928549
47,27,0,11,12,0,3,205.9373126,51.85178689,28.64576246,12.36509588
47,26,0,11,13,0,3,216.5614042,54.86321191,29.50451664,11.68737853
47,25,0,11,14,0,3,214.8699849,61.36675014,30.00834763,11.70590656
47,24,0,11,15,0,3,205.3903916,68.15054195,30.23454127,10.94587078
47,23,0,11,16,0,3,222.6683319,85.23741374,30.73642332,11.54928549
47,22,0,11,17,0,3,233.8632998,85.44545984,30.53343489,11.54928549
47,21,0,11,18,0,3,225.2988713,86.33935832,29.99760495,11.54928549
47,20,0,11,19,0,3,239.8495821,87.28506674,30.17271153,11.54928549
47,26,0,12,12,0,3,220.1022749,52.00109821,29.23838345,11.46030734
47,25,0,12,13,0,3,226.8632121,59.42900358,29.63164246,11.81101164
47,24,0,12,14,0,3,226.0991455,71.13161154,30.19728555,10.94587078
47,23,0,12,15,0,3,238.2043646,71.13425936,30.58234343,11.54928549
47,22,0,12,16,0,3,244.3005386,86.25473748,30.86836689,11.54928549
47,21,0,12,17,0,3,257.8176534,86.26084436,30.4139976,11.54928549
47,20,0,12,18,0,3,258.9584316,87.76286539,30.47830109,11.54928549
47,27,0,13,10,0,3,227.1269817,43.37146802,27.63200194,12.36509588
47,26,0,13,11,0,3,233.2209189,47.47935891,28.1175197,11.46030734
47,25,0,13,12,0,3,238.2642586,57.23046697,28.62485664,11.81101164
47,24,0,13,13,0,3,247.5246187,68.29623032,29.10361192,11.26495328
47,23,0,13,14,0,3,253.4463772,71.44134785,29.71452046,11.54928549
47,22,0,13,15,0,3,256.6006688,83.36549608,30.66050237,11.54928549
47,21,0,13,16,0,3,263.9755639,87.19923743,30.30047801,11.54928549
47,20,0,13,17,0,3,262.426249,87.72530789,30.73755592,11.54928549
47,28,0,14,8,0,3,200.7286332,41.6148252,28.18190722,11.35471999
47,27,0,14,9,0,3,224.0951786,42.10233946,28.77973852,12.36509588
47,26,0,14,10,0,3,245.5590229,45.69471071,29.00468797,11.46030734
47,25,0,14,11,0,3,266.8549902,48.90008102,28.50703143,11.81101164
47,24,0,14,12,0,3,259.7924165,66.51490219,28.93664299,11.26495328
47,23,0,14,13,0,3,264.3946414,73.19640222,29.49792572,10.94587078
47,22,0,14,14,0,3,271.1788071,74.40421603,29.48655847,11.54928549
47,21,0,14,15,0,3,275.2381213,84.47493181,29.7396576,11.54928549
47,20,0,14,16,0,3,281.7830525,84.12738848,30.01109751,11.54928549
47,28,0,15,7,0,3,204.7205331,41.52153495,28.00477783,11.35471999
47,27,0,15,8,0,3,220.6365263,40.67568662,28.30506503,12.36509588
47,26,0,15,9,0,3,257.2511687,44.36071005,28.75016104,11.46030734
47,25,0,15,10,0,3,270.5794408,47.05581908,28.83004645,11.81101164
47,24,0,15,11,0,3,277.1570434,61.36112418,29.95582406,11.26495328
47,23,0,15,12,0,3,283.8753585,70.3492636,29.25265571,10.94587078
47,22,0,15,13,0,3,285.3483495,70.87774528,29.81298191,11.54928549
47,21,0,15,14,0,3,294.6992727,77.08940413,30.4964972,11.54928549
47,20,0,15,15,0,3,301.0004579,83.52024267,29.45729585,11.54928549
47,28,0,16,6,0,3,212.5018029,40.29882174,27.81185763,11.91676098
47,27,0,16,7,0,3,236.0408201,39.44089355,27.57249121,12.36509588
47,26,0,16,8,0,3,276.7773637,40.07519084,29.00178672,11.46030734
47,25,0,16,9,0,3,298.9487763,45.50431666,29.66957929,11.81101164
47,24,0,16,10,0,3,298.8403117,58.25973354,28.24231792,11.26495328
47,23,0,16,11,0,3,300.7351154,64.5103849,28.79018708,10.94587078
47,22,0,16,12,0,3,309.7513558,66.24598967,29.32837248,11.54928549
47,21,0,16,13,0,3,314.4434556,71.59178539,29.67213755,11.54928549
47,20,0,16,14,0,3,331.7142642,76.9489355,29.88378596,11.54928549
47,28,0,17,5,0,3,214.3150449,42.69889986,27.83309169,11.91676098
47,27,0,17,6,0,3,241.4479389,39.04137303,27.65470973,11.35471999
47,26,0,17,7,0,3,276.7932297,38.40443024,27.83861254,11.46030734
47,25,0,17,8,0,3,290.9823117,45.89065877,29.60392277,11.81101164
47,24,0,17,9,0,3,312.7600647,52.89944239,28.34895947,11.26495328
47,23,0,17,10,0,3,315.6191395,61.70271438,27.76267693,10.94587078
47,22,0,17,11,0,3,332.6399446,63.23777333,28.61994364,11.54928549
47,21,0,17,12,0,3,323.0064176,63.76604012,29.43497614,11.54928549
47,20,0,17,13,0,3,330.9625644,74.0577486,29.5889076,11.54928549
47,27,0,18,5,0,3,243.6231833,42.07453217,29.05565311,11.35471999
47,26,0,18,6,0,3,273.8600366,39.57186444,27.9317379,12.42415444
47,25,0,18,7,0,3,304.9796161,43.78167423,29.21184484,11.68737853
47,24,0,18,8,0,3,320.9719768,54.64898171,27.07536914,11.26495328
47,23,0,18,9,0,3,333.3146753,55.40173071,27.65075969,10.94587078
47,22,0,18,10,0,3,337.3541073,61.59797181,28.68579268,11.54928549
47,21,0,18,11,0,3,351.2155509,63.94437902,29.05247157,11.54928549
47,20,0,18,12,0,3,349.9751444,69.51122012,28.86934169,11.54928549
47,26,0,19,5,0,3,269.1436176,41.58273349,29.75776247,12.42415444
47,25,0,19,6,0,3,312.3613888,45.6340252,29.86993928,11.68737853
47,24,0,19,7,0,3,349.6581808,52.15405177,29.27222395,11.70590656
47,23,0,19,8,0,3,342.4550276,54.21208287,26.97830529,10.94587078
47,22,0,19,9,0,3,347.0302468,62.04114199,27.55034786,11.54928549
47,21,0,19,10,0,3,369.5182747,64.01646944,28.23931738,11.54928549
47,20,0,19,11,0,3,375.4338092,75.56164745,28.55999538,11.54928549
47,30,0,20,0,0,3,204.823383,44.85748031,25.38913752,11.54411899
47,25,0,20,5,0,3,337.2301158,46.9079208,31.1025591,11.68737853
47,24,0,20,6,0,3,353.2811075,51.62653093,31.30796528,11.70590656
47,23,0,20,7,0,3,368.4251176,55.45624205,28.93823996,10.94587078
47,22,0,20,8,0,3,367.4269028,62.21301462,27.79828646,11.54928549
47,21,0,20,9,0,3,377.048951,72.49968085,27.52294778,11.54928549
47,20,0,20,10,0,3,376.2299172,73.2990996,27.60581713,11.54928549
47,29,0,21,0,0,3,228.5593221,43.0835901,26.10393201,11.6088616
47,24,0,21,5,0,3,368.349351,52.94996205,32.299966,11.70590656
47,23,0,21,6,0,3,373.7693772,66.19990386,30.07462989,10.94587078
47,22,0,21,7,0,3,382.0800789,68.67909654,29.19299375,11.54928549
47,21,0,21,8,0,3,391.3718681,72.72253799,29.11401625,11.54928549
47,20,0,21,9,0,3,393.8594674,77.19538487,27.83986251,11.54928549
47,28,0,22,0,0,3,295.9127261,42.38665969,27.88108171,11.91676098
47,23,0,22,5,0,3,388.9515466,70.08076805,29.79729461,10.94587078
47,22,0,22,6,0,3,401.4543117,76.30511904,29.29869924,11.54928549
47,21,0,22,7,0,3,395.4582519,73.07511664,30.06887402,11.54928549
47,20,0,22,8,0,3,400.7489926,83.76032803,29.33605854,11.54928549
47,27,0,23,0,0,3,327.9740779,45.48817606,27.56626151,11.35471999
47,22,0,23,5,0,3,412.8392303,82.96833955,28.92739163,11.54928549
47,21,0,23,6,0,3,413.2389936,83.31950877,30.27717927,11.54928549
47,20,0,23,7,0,3,407.0363429,92.12319771,30.43647226,11.54928549
47,26,0,24,0,0,3,345.337466,55.667435,25.60193091,12.36509588
47,21,0,24,5,0,3,431.7565193,88.88054555,28.77612928,11.54928549
47,20,0,24,6,0,3,431.5608458,93.22327935,29.96181408,11.54928549
47,25,0,25,0,0,3,352.028301,61.71351377,25.81711346,11.46030734
47,20,0,25,5,0,3,436.3261842,95.46369613,29.23968143,11.54928549
47.2,22.8,0,12,15,0,3,207.2286335,71.2764089,31.1948501,11.54928549
47.2,21.8,0,12,16,0,3,215.8835807,86.46732934,31.39847252,11.54928549
47.2,22.8,0,13,14,0,3,218.2499796,71.05174584,30.67273066,11.54928549
47.2,21.8,0,13,15,0,3,227.3417361,81.25524755,30.97833395,11.54928549
47.2,24.8,0,14,11,0,3,210.2492933,50.61657987,28.74361667,11.81101164
47.2,23.8,0,14,12,0,3,210.6976919,68.88698054,29.29988738,10.94587078
47.2,22.8,0,14,13,0,3,218.9210997,73.83001871,29.64819913,11.54928549
47.2,21.8,0,14,14,0,3,233.4786212,75.86828656,30.99729718,11.54928549
47.2,25.8,0,15,9,0,3,225.5386353,43.54169156,27.69985245,11.46030734
47.2,24.8,0,15,10,0,3,238.6160035,45.98964979,29.24946779,11.81101164
47.2,23.8,0,15,11,0,3,236.4965268,61.98755472,29.22660581,11.26495328
47.2,22.8,0,15,12,0,3,248.0378356,68.73403461,28.72198375,10.94587078
47.2,21.8,0,15,13,0,3,247.3370224,70.67066055,29.97366972,11.54928549
47.2,26.8,0,16,7,0,3,211.2919784,39.91998849,27.44240771,12.36509588
47.2,25.8,0,16,8,0,3,258.7837909,39.34883874,28.45822631,11.46030734
47.2,24.8,0,16,9,0,3,265.6010793,45.88373492,28.88076463,11.81101164
47.2,23.8,0,16,10,0,3,265.3177852,56.98750616,28.53972045,11.26495328
47.2,22.8,0,16,11,0,3,278.9218155,63.558153,28.80275665,10.94587078
47.2,21.8,0,16,12,0,3,288.2723578,67.12321134,29.87760586,11.54928549
47.2,26.8,0,17,6,0,3,212.8699126,39.49456163,26.82306678,12.36509588
47.2,25.8,0,17,7,0,3,256.3977967,38.72165131,27.14509894,11.46030734
47.2,24.8,0,17,8,0,3,270.7140258,45.25493754,28.86996243,11.81101164
47.2,23.8,0,17,9,0,3,283.0183402,54.41511597,29.12586062,11.26495328
47.2,22.8,0,17,10,0,3,290.9402485,59.05761128,27.8220408,10.94587078
47.2,21.8,0,17,11,0,3,301.2641129,63.37068647,27.89636988,11.54928549
47.2,26.8,0,18,5,0,3,244.3361702,40.57604539,29.47937986,11.35471999
47.2,25.8,0,18,6,0,3,260.0254412,39.12029333,27.50688244,11.46030734
47.2,24.8,0,18,7,0,3,281.3492381,44.53897379,28.506691,11.81101164
47.2,23.8,0,18,8,0,3,296.9719403,52.43136547,28.28142025,11.26495328
47.2,22.8,0,18,9,0,3,305.1383071,55.72962563,28.39572404,10.94587078
47.2,21.8,0,18,10,0,3,307.7776778,61.08124073,27.5941217,11.54928549
47.2,25.8,0,19,5,0,3,260.5725454,40.53452914,30.34386103,12.42415444
47.2,24.8,0,19,6,0,3,292.8854335,43.11036687,29.61791184,11.81101164
47.2,23.8,0,19,7,0,3,317.833365,52.82901947,28.69795668,11.26495328
47.2,22.8,0,19,8,0,3,330.233992,55.24895217,27.3519669,10.94587078
47.2,21.8,0,19,9,0,3,328.4302744,62.36917643,27.46801334,11.54928549
47.2,24.8,0,20,5,0,3,322.2315794,45.49364591,30.03484285,11.68737853
47.2,23.8,0,20,6,0,3,332.0051971,52.19669481,31.49815701,11.26495328
47.2,22.8,0,20,7,0,3,351.2334889,55.64161702,29.44151233,10.94587078
47.2,21.8,0,20,8,0,3,349.1226365,65.79710804,28.09860643,11.54928549
47.2,20.8,0,20,9,0,3,351.1174253,70.44542852,27.73367785,11.54928549
47.2,28.8,0,21,0,0,3,224.1132314,45.64260728,23.32473097,12.03031036
47.2,23.8,0,21,5,0,3,350.6984278,61.73592484,31.65870741,11.70590656
47.2,22.8,0,21,6,0,3,368.3886553,64.26537312,31.74476418,10.94587078
47.2,21.8,0,21,7,0,3,371.2074866,67.99648814,29.02768476,11.54928549
47.2,20.8,0,21,8,0,3,373.0415845,70.5225404,29.55303799,11.54928549
47.2,27.8,0,22,0,0,3,274.8964747,41.51520177,28.79541059,11.91676098
47.2,22.8,0,22,5,0,3,376.7751913,73.02885023,32.40901444,10.94587078
47.2,21.8,0,22,6,0,3,390.7001315,72.92780641,30.29272749,11.54928549
47.2,20.8,0,22,7,0,3,390.798016,70.78054944,29.88611787,11.54928549
47.2,26.8,0,23,0,0,3,307.0720886,47.82220833,29.38272422,11.35471999
47.2,21.8,0,23,5,0,3,419.3424751,81.78691797,30.09505238,11.54928549
47.2,20.8,0,23,6,0,3,414.4931829,83.94820779,29.85516043,11.54928549
47.2,25.8,0,24,0,0,3,328.688842,54.94145995,29.48921578,12.42415444
47.2,20.8,0,24,5,0,3,415.5214019,89.57916706,30.26595174,11.54928549
47.2,24.8,0,25,0,0,3,321.7196809,60.81197629,27.96726991,11.68737853
46,20,0,10,20,1,3,214.1379847,97.42196323,30.4888229,11.54928549
46,25,0,11,14,1,3,206.0670165,65.05713224,29.96396308,11.81101164
46,24,0,11,15,1,3,202.5946925,76.66502172,30.71341036,11.26495328
46,23,0,11,16,1,3,201.8758801,88.27386419,30.80028608,10.94587078
46,22,0,11,17,1,3,215.8123891,88.07858353,30.42666973,11.54928549
46,21,0,11,18,1,3,231.4488423,88.43716271,30.44663922,11.54928549
46,20,0,11,19,1,3,250.3326809,89.11838337,30.63340962,11.54928549
46,25,0,12,13,1,3,213.4330063,63.42379668,29.49532976,11.81101164
46,24,0,12,14,1,3,224.0282818,75.79525819,29.61878778,11.26495328
46,23,0,12,15,1,3,221.3229125,81.06056785,30.64146617,10.94587078
46,22,0,12,16,1,3,239.5472717,87.7497213,30.46324054,11.54928549
46,21,0,12,17,1,3,248.6654617,88.65270718,30.77576473,11.54928549
46,20,0,12,18,1,3,261.9426077,90.06176064,30.5653148,11.54928549
46,26,0,13,11,1,3,210.4638984,54.10490455,29.12462152,11.46030734
46,25,0,13,12,1,3,223.0787499,61.87405448,29.42145804,11.81101164
46,24,0,13,13,1,3,224.6486862,71.88314972,28.43348957,11.26495328
46,23,0,13,14,1,3,236.0367634,76.0642372,30.1607434,10.94587078
46,22,0,13,15,1,3,254.0673177,87.75113948,30.02379764,11.54928549
46,21,0,13,16,1,3,263.0213047,88.94270717,29.91987604,11.54928549
46,20,0,13,17,1,3,270.5540345,89.90267808,30.35780583,11.54928549
46,26,0,14,10,1,3,211.6291573,51.57614699,28.70264086,12.42415444
46,25,0,14,11,1,3,230.7468959,60.82208074,28.63213552,11.81101164
46,24,0,14,12,1,3,241.4680238,67.88810575,29.26625138,11.26495328
46,23,0,14,13,1,3,249.6676607,77.77351307,29.30666861,10.94587078
46,22,0,14,14,1,3,259.1135146,80.5352461,29.8419671,11.54928549
46,21,0,14,15,1,3,261.0536461,87.41004643,29.91868714,11.54928549
46,20,0,14,16,1,3,268.603914,86.07936767,30.35280446,11.54928549
46,27,0,15,8,1,3,206.6503386,47.020016,27.97807687,11.35471999
46,26,0,15,9,1,3,217.2028204,51.30341377,28.87507837,12.42415444
46,25,0,15,10,1,3,249.964286,56.87726789,28.10086656,11.68737853
46,24,0,15,11,1,3,267.2179031,63.10879076,27.91603321,11.26495328
46,23,0,15,12,1,3,279.6664297,72.93640664,29.69838141,10.94587078
46,22,0,15,13,1,3,280.2699276,74.99222894,30.370638,11.54928549
46,21,0,15,14,1,3,283.9460638,84.76755711,29.45823982,11.54928549
46,20,0,15,15,1,3,283.0692258,84.36876427,30.45116929,11.54928549
46,26,0,16,8,1,3,217.7704256,46.36493012,28.96929267,12.42415444
46,25,0,16,9,1,3,266.5917354,55.41212944,29.41046284,11.68737853
46,24,0,16,10,1,3,288.6938343,62.4853366,27.79938788,11.70590656
46,23,0,16,11,1,3,290.9297925,74.18388478,27.89727963,10.94587078
46,22,0,16,12,1,3,288.2013428,69.53756837,28.86131997,11.54928549
46,21,0,16,13,1,3,301.7541605,79.58899864,29.99069934,11.54928549
46,20,0,16,14,1,3,309.3684917,83.44973556,29.37376755,11.54928549
46,26,0,17,7,1,3,227.1105183,41.37789391,27.84948031,12.42415444
46,25,0,17,8,1,3,264.6040479,49.363954,28.14925274,11.68737853
46,24,0,17,9,1,3,299.8730086,54.52938865,28.46401792,11.70590656
46,23,0,17,10,1,3,304.5629777,68.46282842,28.06916095,10.94587078
46,22,0,17,11,1,3,307.9528215,70.56721774,28.77845962,11.54928549
46,21,0,17,12,1,3,308.2735859,71.19899704,27.82823149,11.54928549
46,20,0,17,13,1,3,320.9595193,82.88850181,29.71970404,11.54928549
46,27,0,18,5,1,3,206.79878,44.48364183,29.61648783,11.35471999
46,26,0,18,6,1,3,237.4279894,40.81584733,30.45124584,12.42415444
46,25,0,18,7,1,3,262.0707481,44.26665879,29.06743357,11.68737853
46,24,0,18,8,1,3,304.3249985,51.85300805,26.68458272,11.70590656
46,23,0,18,9,1,3,311.3055145,65.49877228,27.24247559,10.94587078
46,22,0,18,10,1,3,317.440412,69.05495201,28.67311237,11.54928549
46,21,0,18,11,1,3,320.521466,72.85179695,28.6835607,11.54928549
46,20,0,18,12,1,3,329.8352742,77.89276799,28.78672858,11.54928549
46,26,0,19,5,1,3,241.7984411,43.59803205,31.11332363,12.42415444
46,25,0,19,6,1,3,267.7878221,45.04644167,31.29891995,11.68737853
46,24,0,19,7,1,3,314.2933503,44.77732842,29.25007033,11.70590656
46,23,0,19,8,1,3,331.7831205,59.73568184,26.91562189,10.94587078
46,22,0,19,9,1,3,336.3423294,68.8549162,27.32668101,11.54928549
46,21,0,19,10,1,3,355.9561993,73.10188777,27.63924193,11.54928549
46,20,0,19,11,1,3,367.5062314,84.0778961,28.78627366,11.54928549
46,25,0,20,5,1,3,293.2015765,44.61930789,32.43422903,11.68737853
46,24,0,20,6,1,3,344.4319292,50.20279458,30.61307153,11.70590656
46,23,0,20,7,1,3,357.4231558,55.83754341,29.09745018,10.94587078
46,22,0,20,8,1,3,350.1744302,67.71202459,29.09624152,11.54928549
46,21,0,20,9,1,3,357.2112513,77.58934561,27.49057126,11.54928549
46,20,0,20,10,1,3,371.6625829,78.84289362,27.9163881,11.54928549
46,29,0,21,0,1,3,211.472056,40.64438713,27.8147905,11.6088616
46,24,0,21,5,1,3,345.845922,53.76445423,30.2578794,11.70590656
46,23,0,21,6,1,3,354.0523133,67.99781715,29.56001898,10.94587078
46,22,0,21,7,1,3,367.0314929,67.07354003,30.45756344,11.54928549
46,21,0,21,8,1,3,376.5153915,74.89627933,29.64079873,11.54928549
46,20,0,21,9,1,3,374.6124319,81.9420123,28.85750117,11.54928549
46,28,0,22,0,1,3,261.3105706,43.77982595,27.52672928,11.91676098
46,23,0,22,5,1,3,366.1838004,71.47311102,27.84006191,11.26495328
46,22,0,22,6,1,3,370.166385,72.79892008,29.56741774,11.54928549
46,21,0,22,7,1,3,383.8572143,73.63592126,30.79485544,11.54928549
46,20,0,22,8,1,3,377.0488336,78.87539835,30.4228295,11.54928549
46,27,0,23,0,1,3,294.1412112,48.44021569,24.43120518,11.35471999
46,22,0,23,5,1,3,381.1401561,75.46395176,26.62996882,10.94587078
46,21,0,23,6,1,3,396.0020239,82.28041911,28.08892421,11.54928549
46,20,0,23,7,1,3,401.3168817,84.54199592,30.71906347,11.54928549
46,26,0,24,0,1,3,321.8509396,55.08890114,25.65634938,12.36509588
46,21,0,24,5,1,3,410.2070148,88.56337676,27.13062037,11.54928549
46,20,0,24,6,1,3,412.7541278,87.62233864,28.00776446,11.54928549
46,25,0,25,0,1,3,334.9600328,65.95557634,25.85717721,11.46030734
46,20,0,25,5,1,3,428.0267851,89.73587718,26.2889585,11.54928549
46.2,21.8,0,13,15,1,3,204.1229969,86.27739238,30.09741837,11.54928549
46.2,21.8,0,14,14,1,3,204.2014488,84.8450841,29.75563157,11.54928549
46.2,23.8,0,15,11,1,3,208.282132,64.16573176,26.99931758,11.26495328
46.2,22.8,0,15,12,1,3,230.5002483,73.67119259,27.12039867,10.94587078
46.2,21.8,0,15,13,1,3,239.255568,75.67859206,28.78438732,11.54928549
46.2,24.8,0,16,9,1,3,205.8375284,53.88337795,27.91840017,11.68737853
46.2,23.8,0,16,10,1,3,235.6719943,60.55134017,26.64984354,11.26495328
46.2,22.8,0,16,11,1,3,235.1083594,73.21282311,27.10648613,10.94587078
46.2,21.8,0,16,12,1,3,239.7958664,68.16617868,27.44226733,11.54928549
46.2,24.8,0,17,8,1,3,235.3496663,48.12544007,27.2375907,11.68737853
46.2,23.8,0,17,9,1,3,248.7494176,53.96762973,27.23258334,11.70590656
46.2,22.8,0,17,10,1,3,242.063505,69.41464381,26.00093896,10.94587078
46.2,21.8,0,17,11,1,3,257.8425009,71.56158273,27.33617803,11.54928549
46.2,24.8,0,18,7,1,3,240.8446788,43.93869068,27.64408465,11.68737853
46.2,23.8,0,18,8,1,3,259.0999825,49.94759912,27.67368527,11.70590656
46.2,22.8,0,18,9,1,3,268.1295115,66.46098678,25.64713873,10.94587078
46.2,21.8,0,18,10,1,3,260.310607,69.69129035,26.60272628,11.54928549
46.2,25.8,0,19,5,1,3,208.1060918,44.43592981,29.36205173,12.42415444
46.2,24.8,0,19,6,1,3,230.3317972,42.97959859,29.3262679,11.68737853
46.2,23.8,0,19,7,1,3,273.971248,45.58884646,30.30357117,11.70590656
46.2,22.8,0,19,8,1,3,282.7885311,62.79834587,27.0390823,10.94587078
46.2,21.8,0,19,9,1,3,276.9873367,71.59163655,25.67829812,11.54928549
46.2,24.8,0,20,5,1,3,255.2777951,44.87425767,30.51321602,11.68737853
46.2,23.8,0,20,6,1,3,302.0127031,49.15343128,30.59836805,11.70590656
46.2,22.8,0,20,7,1,3,309.8292015,57.93556824,28.62214486,10.94587078
46.2,21.8,0,20,8,1,3,308.0565869,71.96784586,28.76287989,11.54928549
46.2,23.8,0,21,5,1,3,311.9355332,55.61063912,30.10677009,11.70590656
46.2,22.8,0,21,6,1,3,314.2116652,66.51264625,29.30614309,10.94587078
46.2,21.8,0,21,7,1,3,319.2377239,70.07002431,28.78780195,11.54928549
46.2,20.8,0,21,8,1,3,327.0485033,69.70891312,29.8163372,11.54928549
46.2,27.8,0,22,0,1,3,241.0322023,42.82667678,27.63719949,11.91676098
46.2,22.8,0,22,5,1,3,326.675086,70.50730469,28.55553879,10.94587078
46.2,21.8,0,22,6,1,3,339.6489907,73.96054553,27.51135607,11.54928549
46.2,20.8,0,22,7,1,3,351.6781438,72.73486246,30.13318161,11.54928549
46.2,26.8,0,23,0,1,3,263.5180874,47.45112619,28.294416,11.35471999
46.2,21.8,0,23,5,1,3,347.331063,77.51945889,27.20080533,11.54928549
46.2,20.8,0,23,6,1,3,359.1002318,85.04576479,28.01724218,11.54928549
46.2,25.8,0,24,0,1,3,286.3224061,56.80346405,27.74671452,12.36509588
46.2,20.8,0,24,5,1,3,370.056745,85.97746411,26.75004318,11.54928549
46.2,24.8,0,25,0,1,3,305.5767016,65.63674361,27.84743509,11.46030734
45,21,0,11,18,2,3,206.002133,90.98472065,27.50342272,11.54928549
45,20,0,11,19,2,3,236.1438749,91.03763624,27.5295926,11.54928549
45,21,0,12,17,2,3,216.1236298,90.51962363,27.18422446,11.54928549
45,20,0,12,18,2,3,235.7402986,90.87203029,27.37798627,11.54928549
45,22,0,13,15,2,3,205.4989687,87.3665981,26.94096816,11.54928549
45,21,0,13,16,2,3,228.1410388,90.02595263,26.88614017,11.54928549
45,20,0,13,17,2,3,237.1326694,92.15662219,27.2191684,11.54928549
45,24,0,14,12,2,3,217.9781612,75.79892312,26.06123275,11.70590656
45,23,0,14,13,2,3,222.8660459,81.40473325,26.35712328,10.94587078
45,22,0,14,14,2,3,233.4405829,82.94833203,26.90218103,11.54928549
45,21,0,14,15,2,3,245.8573862,89.7612054,27.2035849,11.54928549
45,20,0,14,16,2,3,255.6286035,88.29495419,27.13741058,11.54928549
45,24,0,15,11,2,3,220.7923872,72.51127256,25.36934831,11.70590656
45,23,0,15,12,2,3,245.8933495,79.83088994,27.63797187,10.94587078
45,22,0,15,13,2,3,251.1978201,80.25799747,26.36844508,11.54928549
45,21,0,15,14,2,3,255.5580179,86.73139326,27.05887317,11.54928549
45,20,0,15,15,2,3,256.9640202,85.28227601,26.73353453,11.54928549
45,24,0,16,10,2,3,224.7113135,67.81242691,25.43036081,11.70590656
45,23,0,16,11,2,3,254.4852342,76.20237835,25.87165171,10.94587078
45,22,0,16,12,2,3,263.1798241,75.14276323,26.19820986,11.54928549
45,21,0,16,13,2,3,263.4001476,77.9673856,27.32647933,11.54928549
45,20,0,16,14,2,3,263.6418588,85.87228171,26.47170334,11.54928549
45,24,0,17,9,2,3,226.2495656,64.22857803,25.83150203,11.70590656
45,23,0,17,10,2,3,269.2135534,67.57886971,26.01701831,10.94587078
45,22,0,17,11,2,3,263.8842151,76.68909069,25.72642183,11.54928549
45,21,0,17,12,2,3,276.8444032,79.69843452,25.77416751,11.54928549
45,20,0,17,13,2,3,280.5454738,82.99828112,26.77740142,11.54928549
45,25,0,18,7,2,3,222.9558688,53.23118571,25.33002321,11.46030734
45,24,0,18,8,2,3,232.2871305,60.93695737,24.83054196,11.81101164
45,23,0,18,9,2,3,278.3649524,66.706199,25.00178382,10.94587078
45,22,0,18,10,2,3,289.9219313,73.08204862,26.15652745,11.54928549
45,21,0,18,11,2,3,292.8522928,78.03765418,25.83131482,11.54928549
45,20,0,18,12,2,3,294.1254871,87.38328405,25.97858422,11.54928549
45,25,0,19,6,2,3,221.2375624,55.39730147,26.83989869,11.46030734
45,24,0,19,7,2,3,247.1812619,60.81056474,24.63466744,11.81101164
45,23,0,19,8,2,3,291.7982005,65.7706568,23.21825287,11.26495328
45,22,0,19,9,2,3,303.9588066,73.05484529,25.04518743,11.54928549
45,21,0,19,10,2,3,305.5853621,76.79359754,26.47561267,11.54928549
45,20,0,19,11,2,3,313.1964205,83.73375841,25.85131225,11.54928549
45,25,0,20,5,2,3,239.4472264,53.05347153,27.45654088,11.46030734
45,24,0,20,6,2,3,251.8101658,62.66344056,25.16242494,11.81101164
45,23,0,20,7,2,3,307.927279,64.92981677,24.65868103,11.26495328
45,22,0,20,8,2,3,311.9784383,77.27430685,25.00143433,10.94587078
45,21,0,20,9,2,3,320.6963525,79.91286178,25.28136486,11.54928549
45,20,0,20,10,2,3,323.480667,79.61276944,24.76028048,11.54928549
45,24,0,21,5,2,3,282.8389724,66.5763317,24.88739578,11.81101164
45,23,0,21,6,2,3,293.1739015,70.13527906,24.64500798,11.26495328
45,22,0,21,7,2,3,321.3223049,80.20462296,25.44578503,10.94587078
45,21,0,21,8,2,3,333.2461385,80.54389506,25.37536426,11.54928549
45,20,0,21,9,2,3,352.7644174,80.62752035,25.16003138,11.54928549
45,28,0,22,0,2,3,218.9080264,45.75041976,26.11802462,12.03031036
45,23,0,22,5,2,3,297.1863838,73.57594817,24.38074795,11.26495328
45,22,0,22,6,2,3,325.9228731,80.61514314,25.43897639,10.94587078
45,21,0,22,7,2,3,348.6181351,83.24284198,25.71687658,11.54928549
45,20,0,22,8,2,3,365.4239587,87.12121134,25.43986615,11.54928549
45,27,0,23,0,2,3,244.9588138,48.73927375,24.79116569,11.91676098
45,22,0,23,5,2,3,330.8450515,79.70066176,24.69398756,10.94587078
45,21,0,23,6,2,3,350.1804914,87.07590879,24.99284366,11.54928549
45,20,0,23,7,2,3,366.4302081,88.86884021,25.41034374,11.54928549
45,26,0,24,0,2,3,283.3795109,61.11020934,25.07023664,11.35471999
45,21,0,24,5,2,3,363.4719743,87.89772036,24.8643755,11.54928549
45,20,0,24,6,2,3,383.4567906,90.65070434,24.98666755,11.54928549
45,25,0,25,0,2,3,287.8990187,58.8412998,24.14970936,12.42415444
45,20,0,25,5,2,3,376.1452238,92.55234613,25.40955746,11.54928549
45.2,23.8,0,17,9,2,3,204.9204617,62.5671802,22.3773617,11.70590656
45.2,22.8,0,17,10,2,3,217.847913,69.81049506,22.16509458,10.94587078
45.2,21.8,0,17,11,2,3,210.1778936,78.39701545,23.42467145,11.54928549
45.2,23.8,0,18,8,2,3,212.2686516,63.18305137,22.35163722,11.70590656
45.2,22.8,0,18,9,2,3,219.8421848,69.4088173,20.68275214,10.94587078
45.2,21.8,0,18,10,2,3,232.3640306,73.12356712,23.18473564,11.54928549
45.2,24.8,0,19,6,2,3,207.5794411,51.37045476,25.33723446,11.46030734
45.2,23.8,0,19,7,2,3,222.805474,61.02934767,24.54904633,11.70590656
45.2,22.8,0,19,8,2,3,257.9979666,66.70130052,21.82777447,10.94587078
45.2,21.8,0,19,9,2,3,244.7571375,74.67743564,22.30306881,11.54928549
45.2,24.8,0,20,5,2,3,224.8346179,52.88058788,25.31689801,11.46030734
45.2,23.8,0,20,6,2,3,239.6540884,60.4733437,24.9635059,11.81101164
45.2,22.8,0,20,7,2,3,275.7313179,68.6192379,24.28311633,11.26495328
45.2,21.8,0,20,8,2,3,278.9152635,78.24131822,24.47529169,11.54928549
45.2,23.8,0,21,5,2,3,265.0735969,66.94564554,25.93644668,11.81101164
45.2,22.8,0,21,6,2,3,278.9034745,72.77963132,23.84626432,11.26495328
45.2,21.8,0,21,7,2,3,288.0397,82.24784307,24.40100254,10.94587078
45.2,20.8,0,21,8,2,3,283.8142429,78.20217767,24.61636935,11.54928549
45.2,22.8,0,22,5,2,3,279.3394426,73.76211292,24.12328599,11.26495328
45.2,21.8,0,22,6,2,3,302.6758496,81.89479119,23.51382143,10.94587078
45.2,20.8,0,22,7,2,3,318.736268,82.96012628,24.08294201,11.54928549
45.2,26.8,0,23,0,2,3,231.6493937,49.93427684,26.53247912,11.91676098
45.2,21.8,0,23,5,2,3,307.6058453,80.12263421,23.46984573,10.94587078
45.2,20.8,0,23,6,2,3,324.7520221,87.67701541,24.26833556,11.54928549
45.2,25.8,0,24,0,2,3,265.6205898,59.6444505,26.11560595,11.35471999
45.2,20.8,0,24,5,2,3,328.4559233,87.79359351,24.46468758,11.54928549
45.2,24.8,0,25,0,2,3,286.1890847,58.52023984,26.57038421,12.42415444
44,20,0,12,18,3,3,201.9176971,92.5649101,23.36568005,11.54928549
44,21,0,14,15,3,3,200.7894619,92.71873342,23.96138213,11.54928549
44,20,0,14,16,3,3,217.6577433,89.50816471,24.06398158,11.54928549
44,22,0,15,13,3,3,200.3374979,82.55425169,23.22132282,11.54928549
44,21,0,15,14,3,3,207.9533941,89.26634623,23.22800636,11.54928549
44,20,0,15,15,3,3,211.423,87.49599978,23.18164464,11.54928549
44,22,0,16,12,3,3,219.7359063,78.94789678,22.31799725,10.94587078
44,21,0,16,13,3,3,225.0076861,82.4147063,22.33934399,11.54928549
44,20,0,16,14,3,3,209.3574836,90.26399631,23.44574639,11.54928549
44,23,0,17,10,3,3,207.9729639,68.949939,21.23819771,11.26495328
44,22,0,17,11,3,3,230.9323628,77.96785979,21.63818301,10.94587078
44,21,0,17,12,3,3,232.945128,82.78542641,22.1154694,11.54928549
44,20,0,17,13,3,3,234.735794,86.53463151,21.64430493,11.54928549
44,23,0,18,9,3,3,218.5211623,71.01356521,21.56683154,11.26495328
44,22,0,18,10,3,3,240.4321128,78.49548488,21.3322521,10.94587078
44,21,0,18,11,3,3,249.688348,81.78058969,21.11523277,11.54928549
44,20,0,18,12,3,3,250.4689371,89.31584756,21.61989762,11.54928549
44,24,0,19,7,3,3,218.570092,63.0147723,22.20622158,11.81101164
44,23,0,19,8,3,3,238.646684,66.46615811,23.33873038,11.26495328
44,22,0,19,9,3,3,267.9552128,82.9332952,21.78859211,10.94587078
44,21,0,19,10,3,3,262.2739311,83.77544146,20.92809017,11.54928549
44,20,0,19,11,3,3,260.5141087,85.38053553,21.03101753,11.54928549
44,25,0,20,5,3,3,222.3557173,62.98729226,25.61653998,12.42415444
44,24,0,20,6,3,3,231.7895096,66.8443371,23.62250154,11.68737853
44,23,0,20,7,3,3,255.613827,73.60910077,23.55037866,11.26495328
44,22,0,20,8,3,3,287.0385325,79.00016092,23.11310748,10.94587078
44,21,0,20,9,3,3,286.4945741,85.59105588,22.99162024,11.54928549
44,20,0,20,10,3,3,278.5600689,84.60818676,21.69952154,11.54928549
44,24,0,21,5,3,3,247.6217593,71.78522788,23.44407119,11.68737853
44,23,0,21,6,3,3,279.133196,76.63497305,23.62115207,11.70590656
44,22,0,21,7,3,3,287.997052,79.91948376,24.00578921,10.94587078
44,21,0,21,8,3,3,305.0473109,84.13848731,23.31596155,11.54928549
44,20,0,21,9,3,3,294.5774978,85.09196158,23.48192306,11.54928549
44,23,0,22,5,3,3,281.377532,76.17555298,22.77280628,11.70590656
44,22,0,22,6,3,3,283.6186614,84.34828847,23.75811264,10.94587078
44,21,0,22,7,3,3,305.8175111,89.73592015,23.984165,11.54928549
44,20,0,22,8,3,3,310.7297678,90.87091265,23.72251849,11.54928549
44,27,0,23,0,3,3,228.1484451,57.73755016,24.98961539,11.91676098
44,22,0,23,5,3,3,282.1916933,81.45018602,23.15870877,10.94587078
44,21,0,23,6,3,3,307.2879777,95.95129761,23.95028534,11.54928549
44,20,0,23,7,3,3,331.3411616,93.49740428,23.86176584,11.54928549
44,26,0,24,0,3,3,260.7781516,67.72067389,24.41379974,11.35471999
44,21,0,24,5,3,3,305.7774657,95.08682257,24.16541948,11.54928549
44,20,0,24,6,3,3,329.2320986,97.10761865,24.05220803,11.54928549
44,25,0,25,0,3,3,271.1630662,65.34263999,24.73335627,12.42415444
44,20,0,25,5,3,3,326.8052929,96.3287539,24.40465401,11.54928549
44.2,22.8,0,18,9,3,3,200.2668047,73.52877737,19.30610466,11.26495328
44.2,21.8,0,18,10,3,3,209.796143,77.05355846,19.48380645,10.94587078
44.2,23.8,0,19,7,3,3,213.4812615,63.55948871,22.52294981,11.81101164
44.2,22.8,0,19,8,3,3,215.7700323,67.96687188,21.42818124,11.26495328
44.2,21.8,0,19,9,3,3,236.963063,84.62155423,20.8408847,10.94587078
44.2,24.8,0,20,5,3,3,206.6475489,61.12257307,24.26411978,11.46030734
44.2,23.8,0,20,6,3,3,221.8433923,65.78927885,23.68376672,11.81101164
44.2,22.8,0,20,7,3,3,240.9618306,73.82440257,23.10524293,11.26495328
44.2,21.8,0,20,8,3,3,258.2271004,80.67744747,22.37737429,10.94587078
44.2,23.8,0,21,5,3,3,239.1357155,72.30005396,23.84556371,11.81101164
44.2,22.8,0,21,6,3,3,269.2117148,77.32269464,22.33483232,11.26495328
44.2,21.8,0,21,7,3,3,272.7656211,81.75048661,23.45478931,10.94587078
44.2,20.8,0,21,8,3,3,287.9903081,82.29782466,23.23276959,11.54928549
44.2,22.8,0,22,5,3,3,266.8117451,77.06234051,23.13195863,11.26495328
44.2,21.8,0,22,6,3,3,272.6839441,84.69643483,22.68106483,10.94587078
44.2,20.8,0,22,7,3,3,294.0055461,86.42004859,23.47037201,11.54928549
44.2,26.8,0,23,0,3,3,209.5815361,58.60975976,26.09034125,11.91676098
44.2,21.8,0,23,5,3,3,274.4962824,83.90146643,22.74718393,10.94587078
44.2,20.8,0,23,6,3,3,300.6163132,92.0426634,23.27715119,11.54928549
44.2,25.8,0,24,0,3,3,247.9114655,63.08483452,25.08753214,11.35471999
44.2,20.8,0,24,5,3,3,307.4073001,91.89423631,23.87141244,11.54928549
44.2,24.8,0,25,0,3,3,271.0057212,64.06049005,25.00018491,12.42415444
43,21,0,17,12,4,3,206.397926,84.91181201,20.58530994,11.54928549
43,20,0,17,13,4,3,207.1478945,89.68158191,21.12083258,11.54928549
43,21,0,18,11,4,3,226.4854844,86.07580288,20.76442006,11.54928549
43,20,0,18,12,4,3,231.9499233,88.84023123,20.59671423,11.54928549
43,23,0,19,8,4,3,203.9496105,72.06861739,22.05068838,11.70590656
43,22,0,19,9,4,3,213.3189483,79.1333599,21.03158271,10.94587078
43,21,0,19,10,4,3,231.7010822,87.07304822,20.52822924,11.54928549
43,20,0,19,11,4,3,238.7141547,87.24450101,20.12042397,11.54928549
43,24,0,20,6,4,3,213.5600772,68.12765347,21.684433,11.68737853
43,23,0,20,7,4,3,220.7854033,76.86334489,22.75981721,11.70590656
43,22,0,20,8,4,3,250.0286289,80.9353064,22.83574669,10.94587078
43,21,0,20,9,4,3,238.5445445,86.53435719,22.19101144,11.54928549
43,20,0,20,10,4,3,251.0718295,87.94729849,20.9056078,11.54928549
43,24,0,21,5,4,3,239.9151943,71.41708722,22.01414722,11.68737853
43,23,0,21,6,4,3,257.9675222,76.20837839,22.69782904,11.70590656
43,22,0,21,7,4,3,269.8749496,80.23292151,22.45597288,10.94587078
43,21,0,21,8,4,3,272.0050442,89.29169815,23.3078633,11.54928549
43,20,0,21,9,4,3,283.3780547,87.03875351,22.44477899,11.54928549
43,23,0,22,5,4,3,261.6709037,77.4437767,22.88412433,11.70590656
43,22,0,22,6,4,3,266.1792837,78.96955411,22.82142905,10.94587078
43,21,0,22,7,4,3,272.3796869,95.59275836,22.71071516,11.54928549
43,20,0,22,8,4,3,288.2861604,90.46635059,22.34396019,11.54928549
43,27,0,23,0,4,3,206.9593238,61.77418984,24.05260651,11.91676098
43,22,0,23,5,4,3,267.5728032,83.26637024,23.32396717,10.94587078
43,21,0,23,6,4,3,271.5193154,92.37547184,23.12580246,11.54928549
43,20,0,23,7,4,3,287.8278192,95.97907404,22.83731177,11.54928549
43,26,0,24,0,4,3,214.8371284,68.54122806,23.01628265,11.35471999
43,21,0,24,5,4,3,270.1443288,92.31541837,23.33682249,11.54928549
43,20,0,24,6,4,3,281.5912802,99.08526432,23.36553274,11.54928549
43,25,0,25,0,4,3,247.469111,69.6203984,24.29635946,12.36509588
43,20,0,25,5,4,3,276.1686984,100.8504928,23.98275609,11.54928549
43.2,21.8,0,19,9,4,3,203.4326899,81.21564093,20.81501861,10.94587078
43.2,23.8,0,20,6,4,3,205.6218393,69.8976825,21.15110839,11.68737853
43.2,22.8,0,20,7,4,3,212.366785,76.07625048,20.93446424,11.70590656
43.2,21.8,0,20,8,4,3,230.4807337,80.98775875,22.06747906,10.94587078
43.2,23.8,0,21,5,4,3,222.3528788,73.12205591,21.78506925,11.68737853
43.2,22.8,0,21,6,4,3,249.5485423,76.3846035,21.15423079,11.70590656
43.2,21.8,0,21,7,4,3,260.8838773,80.75996176,21.58513029,10.94587078
43.2,20.8,0,21,8,4,3,265.3356879,87.50191866,21.17922265,11.54928549
43.2,22.8,0,22,5,4,3,245.5323963,77.18881071,21.5530496,11.70590656
43.2,21.8,0,22,6,4,3,263.4077501,79.80082971,22.47536882,10.94587078
43.2,20.8,0,22,7,4,3,270.0298875,92.6736496,21.63999242,11.54928549
43.2,21.8,0,23,5,4,3,268.0444698,82.69142081,22.80378567,10.94587078
43.2,20.8,0,23,6,4,3,265.8862638,93.64548847,22.17374945,11.54928549
43.2,25.8,0,24,0,4,3,204.8694192,65.66624651,23.97619812,11.35471999
43.2,20.8,0,24,5,4,3,269.3061184,95.55254915,23.08270026,11.54928549
43.2,24.8,0,25,0,4,3,243.6424275,69.30757881,24.50570034,12.36509588
42,20,0,19,11,5,3,212.7137984,88.41293531,18.5323699,11.54928549
42,23,0,20,7,5,3,202.0147531,79.13898345,20.94843984,11.81101164
42,22,0,20,8,5,3,221.9711187,80.69367225,20.90732101,10.94587078
42,21,0,20,9,5,3,246.4423702,83.59521265,20.20031967,11.54928549
42,20,0,20,10,5,3,236.2675396,89.12832291,20.1379502,11.54928549
42,24,0,21,5,5,3,218.272967,80.93131309,20.36822712,11.46030734
42,23,0,21,6,5,3,228.0465258,78.2699135,21.42074789,11.81101164
42,22,0,21,7,5,3,246.389033,82.13471426,20.89980171,11.26495328
42,21,0,21,8,5,3,263.4151031,82.67780501,21.01405336,11.54928549
42,20,0,21,9,5,3,251.546327,92.39582994,20.33524791,11.54928549
42,23,0,22,5,5,3,249.418264,78.20515333,21.96673743,11.81101164
42,22,0,22,6,5,3,256.0228807,84.45299658,21.62841561,11.26495328
42,21,0,22,7,5,3,261.8720304,90.54381857,20.98421459,10.94587078
42,20,0,22,8,5,3,265.6067622,94.25069684,21.12696858,11.54928549
42,22,0,23,5,5,3,254.3921829,83.62298089,22.43060797,11.26495328
42,21,0,23,6,5,3,264.4071923,90.64327563,21.92176661,10.94587078
42,20,0,23,7,5,3,269.5109025,94.71959911,21.67473145,11.54928549
42,26,0,24,0,5,3,200.8146711,71.82463483,19.89990208,11.91676098
42,21,0,24,5,5,3,257.9928364,89.91153269,22.76223416,10.94587078
42,20,0,24,6,5,3,259.4947226,98.9252891,22.2457381,11.54928549
42,25,0,25,0,5,3,228.9949551,70.11090731,21.81545891,11.35471999
42,20,0,25,5,5,3,265.8829074,98.53784132,21.78907448,11.54928549
42.2,21.8,0,20,8,5,3,204.9495922,81.90504266,19.08962867,10.94587078
42.2,20.8,0,20,9,5,3,231.6665023,82.86692523,19.53265055,11.54928549
42.2,23.8,0,21,5,5,3,202.9923827,79.64609868,20.14452935,11.46030734
42.2,22.8,0,21,6,5,3,216.034054,78.11501008,20.08117478,11.70590656
42.2,21.8,0,21,7,5,3,231.948601,82.43963484,18.97524287,10.94587078
42.2,20.8,0,21,8,5,3,239.7865116,82.83747748,18.97821713,11.54928549
42.2,22.8,0,22,5,5,3,226.8346198,78.03590912,20.20187615,11.81101164
42.2,21.8,0,22,6,5,3,240.5040681,82.6077785,20.16020538,11.26495328
42.2,20.8,0,22,7,5,3,247.0010626,88.28589489,19.56997719,11.54928549
42.2,21.8,0,23,5,5,3,246.7014023,85.48350757,21.10522664,11.26495328
42.2,20.8,0,23,6,5,3,246.5830426,90.68408525,20.95470758,10.94587078
42.2,20.8,0,24,5,5,3,249.7201311,87.73268456,21.38145078,10.94587078
42.2,24.8,0,25,0,5,3,228.5720984,69.06163143,21.70264696,12.36509588
41,20,0,20,10,6,3,205.330981,86.90376114,18.86797139,11.54928549
41,21,0,21,8,6,3,216.2159598,85.71049831,18.81750273,10.94587078
41,20,0,21,9,6,3,215.34796,92.17249804,18.81216358,11.54928549
41,23,0,22,5,6,3,202.6391358,78.26730592,18.3488554,11.68737853
41,22,0,22,6,6,3,220.217831,83.18962118,18.48364509,11.26495328
41,21,0,22,7,6,3,234.2024412,86.849741,18.58288835,10.94587078
41,20,0,22,8,6,3,228.8965676,92.74272902,19.05177837,11.54928549
41,22,0,23,5,6,3,223.6306463,85.18023757,18.79658664,11.70590656
41,21,0,23,6,6,3,225.7722828,86.40833088,18.39695994,10.94587078
41,20,0,23,7,6,3,226.4328452,95.09980045,18.61203968,11.54928549
41,21,0,24,5,6,3,230.3058875,86.09530733,18.92069327,10.94587078
41,20,0,24,6,6,3,239.3748836,94.91145893,19.25848128,11.54928549
41,20,0,25,5,6,3,232.4657972,96.67441453,18.94790223,11.54928549
41.2,20.8,0,21,8,6,3,201.8778526,85.84236451,17.53733032,10.94587078
41.2,21.8,0,22,6,6,3,217.9501226,85.1327907,16.52782003,11.26495328
41.2,20.8,0,22,7,6,3,218.8695095,90.5173067,15.91905308,10.94587078
41.2,21.8,0,23,5,6,3,212.1791136,86.52388392,17.25188899,11.26495328
41.2,20.8,0,23,6,6,3,217.9195137,88.55658487,16.1882644,10.94587078
41.2,20.8,0,24,5,6,3,235.1162989,88.26352048,17.13556372,10.94587078
40,20,0,21,9,7,3,206.6886952,88.8619809,14.33052894,11.54928549
40,21,0,22,7,7,3,206.330678,86.09457367,15.77156513,10.94587078
40,20,0,22,8,7,3,211.0686905,89.41818095,15.2122166,11.54928549
40,20,0,23,7,7,3,205.5017252,91.4349777,15.66592747,11.54928549
40,21,0,24,5,7,3,205.619132,85.25946905,16.7128068,10.94587078
40,20,0,24,6,7,3,210.719718,91.93939153,17.15605366,11.54928549
40,20,0,25,5,7,3,210.6889427,92.23463985,17.63804161,11.54928549
40.2,20.8,0,24,5,7,3,207.9985599,85.09513672,15.29163339,10.94587078
31.2,29.8,0,20,0,16,3,202.172429,66.15230381,19.30645209,11.10254813
29.2,30.8,0,19,0,18,3,203.2475914,58.99516036,19.47611965,9.610361387
28.2,30.8,0,19,0,19,3,212.5132285,65.8235928,18.99659137,11.84487948
27.2,30.8,0,19,0,20,3,211.4858647,67.27292595,18.98809669,11.84487948
42,21,5,16,13,0,3,200.115972,63.14753728,23.66222497,11.54928549
42,20,5,16,14,0,3,206.0789731,67.2506447,24.75963147,11.54928549
42,24,5,17,9,0,3,202.6602765,46.5333394,24.09426293,11.70590656
42,21,5,17,12,0,3,209.5474122,59.2861508,23.71110671,11.54928549
42,20,5,17,13,0,3,212.427307,65.70338579,24.50512569,11.54928549
42,25,5,18,7,0,3,204.3509033,39.01555952,23.79046666,11.68737853
42,24,5,18,8,0,3,211.2928487,44.08505287,23.78176504,11.70590656
42,23,5,18,9,0,3,220.9738743,47.88059692,24.6344267,10.94587078
42,22,5,18,10,0,3,220.2720686,55.90895215,24.52084558,11.54928549
42,21,5,18,11,0,3,224.8989893,57.63002073,23.42811455,11.54928549
42,20,5,18,12,0,3,238.4755937,65.98259862,24.61645887,11.54928549
42,25,5,19,6,0,3,205.5170086,38.17665289,23.78005133,11.68737853
42,24,5,19,7,0,3,222.2676721,43.5987422,23.92254725,11.70590656
42,23,5,19,8,0,3,222.3462839,47.18074019,24.00229378,10.94587078
42,22,5,19,9,0,3,221.6154508,52.06021267,25.12958651,11.54928549
42,21,5,19,10,0,3,244.0295225,54.74106959,23.26261868,11.54928549
42,20,5,19,11,0,3,255.1737336,59.28860382,23.98356096,11.54928549
42,25,5,20,5,0,3,202.9582092,38.11004271,24.78897241,11.68737853
42,24,5,20,6,0,3,225.1595097,42.20911884,24.7425451,11.70590656
42,23,5,20,7,0,3,231.4066367,46.83691425,25.71183295,10.94587078
42,22,5,20,8,0,3,246.1752481,52.22236231,25.14794529,11.54928549
42,21,5,20,9,0,3,264.5478677,56.32124052,22.76846946,11.54928549
42,20,5,20,10,0,3,277.1634159,61.61970396,23.06120323,11.54928549
42,24,5,21,5,0,3,228.8837668,40.02556313,24.83396368,11.70590656
42,23,5,21,6,0,3,239.9679451,48.09220316,24.96772824,10.94587078
42,22,5,21,7,0,3,270.0489338,51.94190632,25.73815306,11.54928549
42,21,5,21,8,0,3,281.3341694,57.07579582,23.64256596,11.54928549
42,20,5,21,9,0,3,284.8715869,62.48576102,22.71333424,11.54928549
42,23,5,22,5,0,3,255.5922609,48.82879565,24.98378828,10.94587078
42,22,5,22,6,0,3,275.0067909,55.87036186,25.83098471,11.54928549
42,21,5,22,7,0,3,292.0951099,60.33432015,24.64074841,11.54928549
42,20,5,22,8,0,3,304.0087437,64.94383944,25.28491989,11.54928549
42,22,5,23,5,0,3,302.3637161,60.10924638,26.19563638,11.54928549
42,21,5,23,6,0,3,319.039832,62.26669226,25.53403381,11.54928549
42,20,5,23,7,0,3,316.5271377,68.85497944,24.70600295,11.54928549
42,26,5,24,0,0,3,231.3929216,42.14902193,25.21846314,12.36509588
42,21,5,24,5,0,3,334.0139574,70.21078418,26.33091934,11.54928549
42,20,5,24,6,0,3,337.891786,79.03950836,24.19096372,11.54928549
42,25,5,25,0,0,3,278.4449545,45.51037508,26.32464682,11.46030734
42,20,5,25,5,0,3,332.4017086,90.59003327,24.27082426,11.54928549
42.2,24.8,5,19,6,0,3,200.7610477,39.36856419,21.6103716,11.68737853
42.2,24.8,5,20,5,0,3,209.3528985,38.6217273,23.06265191,11.68737853
42.2,23.8,5,21,5,0,3,210.1831102,39.58145941,23.54631467,11.70590656
42.2,25.8,5,24,0,0,3,218.7510526,43.55043959,21.38575706,12.36509588
42.2,24.8,5,25,0,0,3,275.3747987,43.71864262,26.25196967,11.46030734
42.4,25.6,5,24,0,0,3,209.9741148,43.93143613,19.03430229,12.42415444
42.4,24.6,5,25,0,0,3,262.2964067,43.32907279,21.17942143,11.46030734
42.6,24.4,5,25,0,0,3,249.0187862,42.54007558,17.90090269,11.68737853
41,23,5,18,9,1,3,208.7086791,50.50287546,22.32622334,10.94587078
41,22,5,18,10,1,3,204.9092135,57.62256532,20.85065142,11.54928549
41,21,5,18,11,1,3,201.5768686,65.68869943,21.6163386,11.54928549
41,23,5,19,8,1,3,217.9575003,48.23114097,21.97706365,10.94587078
41,22,5,19,9,1,3,217.1996028,57.20916187,20.73544871,11.54928549
41,21,5,19,10,1,3,208.4351696,60.51661307,20.55691364,11.54928549
41,20,5,19,11,1,3,212.7967383,67.33393716,21.33272713,11.54928549
41,23,5,20,7,1,3,214.4469004,45.51589302,22.54126243,11.26495328
41,22,5,20,8,1,3,227.1747811,53.97107071,22.09268055,11.54928549
41,21,5,20,9,1,3,234.9396686,61.52215296,19.94985094,11.54928549
41,20,5,20,10,1,3,239.2818134,69.17157777,20.80813347,11.54928549
41,24,5,21,5,1,3,200.0354559,42.17383443,23.80196866,11.81101164
41,23,5,21,6,1,3,226.8252269,46.23632836,23.87944902,11.26495328
41,22,5,21,7,1,3,252.4629129,54.72751163,24.02017793,10.94587078
41,21,5,21,8,1,3,260.3488563,55.30693107,20.74653501,11.54928549
41,20,5,21,9,1,3,270.5072233,67.49309316,20.91665715,11.54928549
41,23,5,22,5,1,3,245.2200592,47.51505597,24.05049329,11.26495328
41,22,5,22,6,1,3,264.0242912,53.13973617,24.72064279,10.94587078
41,21,5,22,7,1,3,280.9218179,59.78007821,22.7714858,11.54928549
41,20,5,22,8,1,3,302.4428212,67.11948699,21.78999398,11.54928549
41,22,5,23,5,1,3,276.7998071,61.83548032,25.2129964,10.94587078
41,21,5,23,6,1,3,306.4897157,62.71195326,22.50275245,11.54928549
41,20,5,23,7,1,3,313.7644473,73.01263893,22.2995307,11.54928549
41,26,5,24,0,1,3,224.3937154,42.84895636,25.53893465,11.35471999
41,21,5,24,5,1,3,324.1872798,78.30416383,23.5649971,11.54928549
41,20,5,24,6,1,3,324.5109983,79.84888599,22.43886859,11.54928549
41,25,5,25,0,1,3,258.1066676,46.52376292,25.83375188,12.42415444
41,20,5,25,5,1,3,331.5822392,96.28444364,23.07906368,11.54928549
41.2,25.8,5,24,0,1,3,209.5468194,42.50623782,23.13481279,12.36509588
41.2,24.8,5,25,0,1,3,255.1874269,45.95447396,25.44698968,11.46030734
41.4,24.6,5,25,0,1,3,244.2034442,45.85593871,22.89193638,11.46030734
41.6,24.4,5,25,0,1,3,232.5349332,45.15098505,19.54463677,11.46030734
40,22,5,19,9,2,3,208.7337534,56.19515117,19.5656694,10.94587078
40,21,5,19,10,2,3,202.4041865,65.86630771,19.6819075,11.54928549
40,22,5,20,8,2,3,218.821478,52.65835354,20.12227744,10.94587078
40,21,5,20,9,2,3,207.6207767,58.86432983,19.15981849,11.54928549
40,20,5,20,10,2,3,209.2697489,73.03034558,19.74189501,11.54928549
40,22,5,21,7,2,3,226.5646008,55.09599877,21.71022598,10.94587078
40,21,5,21,8,2,3,240.0487623,60.64827172,21.03422746,11.54928549
40,20,5,21,9,2,3,247.5325307,74.99283593,20.54071254,11.54928549
40,23,5,22,5,2,3,211.7166085,43.61636034,23.97319836,11.26495328
40,22,5,22,6,2,3,248.3749211,54.94485725,23.49268489,10.94587078
40,21,5,22,7,2,3,271.4079496,66.62499202,21.23146418,11.54928549
40,20,5,22,8,2,3,272.9935875,77.26500377,21.8090607,11.54928549
40,22,5,23,5,2,3,271.3422699,54.40306162,24.03440195,10.94587078
40,21,5,23,6,2,3,293.851915,71.1466988,22.14197238,11.54928549
40,20,5,23,7,2,3,315.2191879,87.23560353,21.50076676,11.54928549
40,26,5,24,0,2,3,212.3965579,42.07213161,25.09295844,11.35471999
40,21,5,24,5,2,3,291.3311968,80.68342529,22.05867838,11.54928549
40,20,5,24,6,2,3,315.9022999,87.19161507,22.19952629,11.54928549
40,25,5,25,0,2,3,240.2140596,45.87214957,24.96251735,12.42415444
40,20,5,25,5,2,3,311.0505975,92.65572042,22.23880938,11.54928549
40.2,24.8,5,25,0,2,3,225.1117621,45.93240911,25.64296426,12.42415444
40.4,24.6,5,25,0,2,3,213.4893266,47.23789548,22.38470491,12.42415444
40.6,24.4,5,25,0,2,3,206.3281781,47.12541087,20.27987054,11.46030734
39,21,5,21,8,3,3,215.9152764,65.914542,18.54217028,11.54928549
39,20,5,21,9,3,3,228.9185527,78.1940445,19.47283328,11.54928549
39,22,5,22,6,3,3,207.3594016,57.00306432,19.71592163,10.94587078
39,21,5,22,7,3,3,253.7497837,69.79481017,18.81796522,11.54928549
39,20,5,22,8,3,3,261.81815,81.15128727,19.50476664,11.54928549
39,22,5,23,5,3,3,234.6531219,58.68969395,20.93790248,10.94587078
39,21,5,23,6,3,3,251.5447762,76.95442875,19.98385719,11.54928549
39,20,5,23,7,3,3,277.984751,84.15788503,20.32933482,11.54928549
39,21,5,24,5,3,3,243.6176064,79.02135078,20.26057581,11.54928549
39,20,5,24,6,3,3,277.2477676,87.52100324,21.00049127,11.54928549
39,25,5,25,0,3,3,222.4330474,45.01945902,21.53968396,12.36509588
39,20,5,25,5,3,3,279.6814436,90.27611701,20.92752071,11.54928549
39.2,24.8,5,25,0,3,3,213.1537306,48.56451551,21.9631277,12.36509588
38,20,5,21,9,4,3,203.8706318,79.65034281,18.73960301,11.54928549
38,21,5,22,7,4,3,206.569669,73.28682808,18.31585211,11.54928549
38,20,5,22,8,4,3,222.8619402,85.80262154,18.57615106,11.54928549
38,22,5,23,5,4,3,204.4541689,58.98683598,18.66168567,11.26495328
38,21,5,23,6,4,3,229.4192088,74.59497194,18.10088832,10.94587078
38,20,5,23,7,4,3,241.2196754,90.56025795,19.53187917,11.54928549
38,21,5,24,5,4,3,229.6441522,73.91160593,18.30992452,10.94587078
38,20,5,24,6,4,3,235.5647467,85.08412202,19.15985745,11.54928549
38,25,5,25,0,4,3,206.0344576,47.16309471,19.00372708,12.36509588
38,20,5,25,5,4,3,239.9531517,88.45254553,19.3136215,11.54928549
37,21,5,24,5,5,3,203.1957954,77.04994777,15.32629668,10.94587078
37,20,5,25,5,5,3,211.7949382,86.88408072,16.71227972,11.54928549
41,21,6,17,12,0,3,203.0381964,62.95990979,23.22901909,11.54928549
41,20,6,17,13,0,3,207.0334648,67.13547647,23.51716831,11.54928549
41,24,6,18,8,0,3,202.5989812,42.4128241,22.9685433,11.70590656
41,23,6,18,9,0,3,212.8152575,47.75900307,23.87094556,10.94587078
41,22,6,18,10,0,3,205.0635252,56.84028498,23.99666339,11.54928549
41,21,6,18,11,0,3,206.0751224,57.16327134,22.64070221,11.54928549
41,20,6,18,12,0,3,223.4225144,63.98653695,23.27907062,11.54928549
41,24,6,19,7,0,3,208.7292263,42.48190114,21.83326335,11.70590656
41,23,6,19,8,0,3,219.3570578,48.33987726,23.31853718,10.94587078
41,22,6,19,9,0,3,223.5871157,53.87893595,24.00210521,11.54928549
41,21,6,19,10,0,3,223.7680557,54.01936807,22.17708469,11.54928549
41,20,6,19,11,0,3,244.6801526,63.80713342,22.27531616,11.54928549
41,24,6,20,6,0,3,218.6736292,43.6745817,23.57530883,11.70590656
41,23,6,20,7,0,3,223.9866005,50.04009151,22.41123356,10.94587078
41,22,6,20,8,0,3,230.5152881,52.86841901,23.96765971,11.54928549
41,21,6,20,9,0,3,250.8056746,54.79906466,23.12195822,11.54928549
41,20,6,20,10,0,3,257.2423153,57.93226706,22.23255838,11.54928549
41,24,6,21,5,0,3,224.2945855,41.31768025,24.19546726,11.70590656
41,23,6,21,6,0,3,225.944063,45.98864262,23.77004013,10.94587078
41,22,6,21,7,0,3,254.9548833,53.96357161,23.774474,11.54928549
41,21,6,21,8,0,3,274.1713371,55.74023659,23.04879727,11.54928549
41,20,6,21,9,0,3,279.4779208,58.24647364,22.05670014,11.54928549
41,23,6,22,5,0,3,242.1805584,42.62827173,23.87760485,10.94587078
41,22,6,22,6,0,3,259.3015153,58.40443856,24.70264303,11.54928549
41,21,6,22,7,0,3,277.7135978,59.99303317,24.95888807,11.54928549
41,20,6,22,8,0,3,285.7980662,61.56308819,22.1009093,11.54928549
41,22,6,23,5,0,3,285.4472589,57.57344906,24.82405031,11.54928549
41,21,6,23,6,0,3,300.6388311,64.95619951,25.2339752,11.54928549
41,20,6,23,7,0,3,309.0260257,69.99641962,23.05369869,11.54928549
41,26,6,24,0,0,3,219.1552225,43.15884782,22.94354376,12.36509588
41,21,6,24,5,0,3,327.0529339,73.02785957,25.6367519,11.54928549
41,20,6,24,6,0,3,321.5879838,82.18191649,23.03272135,11.54928549
41,25,6,25,0,0,3,265.4695854,44.31111946,26.62209503,11.46030734
41,20,6,25,5,0,3,331.719687,90.34800725,24.04219279,11.54928549
41.2,25.8,6,24,0,0,3,209.0858555,43.15525997,20.21727412,12.36509588
41.2,24.8,6,25,0,0,3,252.9295057,43.76609047,23.14138888,11.46030734
41.4,24.6,6,25,0,0,3,248.0841733,43.46231116,19.70474085,11.46030734
40,22,6,18,10,1,3,201.7677159,54.39262217,21.75941807,11.54928549
40,23,6,19,8,1,3,204.3306098,50.8863011,20.93722111,10.94587078
40,22,6,19,9,1,3,211.6636404,55.87471652,21.76296161,11.54928549
40,20,6,19,11,1,3,203.6707848,67.70632774,20.16184961,11.54928549
40,23,6,20,7,1,3,214.2359882,50.3664909,21.39051237,11.26495328
40,22,6,20,8,1,3,223.2976226,54.27797139,22.04588984,10.94587078
40,21,6,20,9,1,3,216.303934,62.81968507,19.66777516,11.54928549
40,20,6,20,10,1,3,217.7107226,71.484946,19.42036775,11.54928549
40,23,6,21,6,1,3,218.1721336,46.13496677,23.10320129,11.26495328
40,22,6,21,7,1,3,223.151013,53.27939547,23.13698776,10.94587078
40,21,6,21,8,1,3,246.1888275,58.57440475,20.082664,11.54928549
40,20,6,21,9,1,3,252.8146146,68.32613878,19.15743559,11.54928549
40,23,6,22,5,1,3,229.2085353,45.11860316,24.04791581,11.26495328
40,22,6,22,6,1,3,244.6382122,54.8489079,24.00163761,10.94587078
40,21,6,22,7,1,3,256.85532,59.46060074,21.73955605,11.54928549
40,20,6,22,8,1,3,273.4654209,74.07807092,20.73731801,11.54928549
40,22,6,23,5,1,3,262.3665672,52.48199532,24.2098486,10.94587078
40,21,6,23,6,1,3,283.3853948,61.13884621,24.48981552,11.54928549
40,20,6,23,7,1,3,306.5757838,76.85728872,21.55656004,11.54928549
40,26,6,24,0,1,3,212.6521486,42.22718291,24.04211547,11.35471999
40,21,6,24,5,1,3,313.7666896,69.70246517,24.3095108,11.54928549
40,20,6,24,6,1,3,316.9188931,83.01361283,23.19655694,11.54928549
40,25,6,25,0,1,3,236.9445497,43.02503545,25.63588316,12.42415444
40,20,6,25,5,1,3,322.1477099,86.84839704,22.86024206,11.54928549
40.2,25.8,6,24,0,1,3,201.7253053,42.16274998,20.3944947,12.36509588
40.2,24.8,6,25,0,1,3,225.3233777,42.41817843,24.59060817,11.46030734
40.4,24.6,6,25,0,1,3,221.1431699,42.54290038,21.10377059,11.46030734
39,22,6,20,8,2,3,201.7747256,59.41071592,20.75447169,10.94587078
39,22,6,21,7,2,3,210.3692394,54.06095751,22.00140025,10.94587078
39,21,6,21,8,2,3,212.9468414,68.04151229,20.64019191,11.54928549
39,20,6,21,9,2,3,221.3230575,74.75924524,19.42374197,11.54928549
39,23,6,22,5,2,3,207.6914495,44.39737417,22.62004065,11.70590656
39,22,6,22,6,2,3,221.6825391,51.50956604,22.25952438,10.94587078
39,21,6,22,7,2,3,244.2859772,65.91930965,20.20408821,11.54928549
39,20,6,22,8,2,3,251.2216296,73.51007038,20.3003487,11.54928549
39,22,6,23,5,2,3,232.0828743,49.88192692,23.12943697,10.94587078
39,21,6,23,6,2,3,270.6788343,69.24978874,20.84337364,11.54928549
39,20,6,23,7,2,3,279.2602031,79.30473427,19.76830675,11.54928549
39,26,6,24,0,2,3,206.671445,41.93573181,23.95360509,11.35471999
39,21,6,24,5,2,3,282.1008252,74.28430706,22.0145052,11.54928549
39,20,6,24,6,2,3,302.6162435,81.55274211,20.63006632,11.54928549
39,25,6,25,0,2,3,238.1610144,42.17879039,24.28927754,12.42415444
39,20,6,25,5,2,3,311.4749954,85.46211508,21.51183386,11.54928549
39.2,24.8,6,25,0,2,3,219.9227587,41.84292367,23.65055055,12.42415444
38,20,6,21,9,3,3,200.5250161,80.46048575,19.25112181,11.54928549
38,21,6,22,7,3,3,202.3912218,67.14808788,19.13222779,11.54928549
38,20,6,22,8,3,3,240.5345827,81.92225465,20.00250079,11.54928549
38,22,6,23,5,3,3,210.3473715,52.8570462,22.14567745,10.94587078
38,21,6,23,6,3,3,231.2527696,67.65419973,19.33781568,11.54928549
38,20,6,23,7,3,3,262.9966129,79.10823768,19.37071718,11.54928549
38,21,6,24,5,3,3,242.7320946,71.45707877,20.30035526,11.54928549
38,20,6,24,6,3,3,269.3521491,85.94906899,19.74669949,11.54928549
38,25,6,25,0,3,3,218.0509153,42.71291364,20.71064742,12.36509588
38,20,6,25,5,3,3,276.8981798,86.43746339,21.18944338,11.54928549
38.2,24.8,6,25,0,3,3,204.622729,42.45258535,20.98775537,12.36509588
37,25,6,25,0,4,3,203.196932,42.97858712,18.61440879,11.35471999
40,21,7,17,12,0,3,202.807948,61.9492849,22.3026758,11.54928549
40,20,7,17,13,0,3,200.870741,61.85419247,22.39339978,11.54928549
40,20,7,18,12,0,3,205.0313861,61.99538347,23.40407649,11.54928549
40,23,7,19,8,0,3,207.4984626,45.83367585,21.28064748,10.94587078
40,22,7,19,9,0,3,206.489913,55.73411021,23.06497177,11.54928549
40,21,7,19,10,0,3,215.2857979,59.82532849,23.55625183,11.54928549
40,20,7,19,11,0,3,226.1280546,61.54041408,22.03853653,11.54928549
40,24,7,20,6,0,3,205.5781837,42.72744327,21.70780704,11.70590656
40,23,7,20,7,0,3,208.9694171,45.41328281,21.69347006,10.94587078
40,22,7,20,8,0,3,217.6576346,54.52548859,21.53466426,11.54928549
40,21,7,20,9,0,3,223.6657778,60.0155118,22.64158535,11.54928549
40,20,7,20,10,0,3,245.6419108,59.64416849,22.26009145,11.54928549
40,24,7,21,5,0,3,223.550324,41.68777868,23.65354475,11.70590656
40,23,7,21,6,0,3,220.9705399,43.75769198,23.05702371,10.94587078
40,22,7,21,7,0,3,226.6627238,56.45469212,21.95193938,11.54928549
40,21,7,21,8,0,3,255.4164307,62.38880767,22.60366756,11.54928549
40,20,7,21,9,0,3,258.67541,66.67788414,20.3912244,11.54928549
40,23,7,22,5,0,3,226.2313584,42.06034635,23.60643613,10.94587078
40,22,7,22,6,0,3,250.8815429,50.87519953,23.84264533,11.54928549
40,21,7,22,7,0,3,264.3891396,59.94578537,23.8573133,11.54928549
40,20,7,22,8,0,3,263.7688029,66.69755945,20.87331695,11.54928549
40,22,7,23,5,0,3,267.722818,46.75001314,24.23368847,11.54928549
40,21,7,23,6,0,3,281.8090905,59.45322408,24.30268837,11.54928549
40,20,7,23,7,0,3,284.7541284,68.08126681,22.6697774,11.54928549
40,26,7,24,0,0,3,203.221485,42.94127885,20.59137422,12.36509588
40,21,7,24,5,0,3,300.0539463,58.09410273,24.02707019,11.54928549
40,20,7,24,6,0,3,303.6385245,76.2872804,24.91069021,11.54928549
40,25,7,25,0,0,3,238.0858479,42.30193614,24.0904218,11.46030734
40,20,7,25,5,0,3,327.8773382,81.73461934,24.57332565,11.54928549
40.2,24.8,7,25,0,0,3,237.7820261,41.96218173,20.92388993,11.46030734
39,23,7,20,7,1,3,204.2539991,45.08807955,21.01381193,11.26495328
39,22,7,20,8,1,3,203.1441118,54.09868445,21.10009219,10.94587078
39,20,7,20,10,1,3,203.1914931,76.5197045,18.92025914,11.54928549
39,23,7,21,6,1,3,213.5279982,43.31091994,22.58728434,11.26495328
39,22,7,21,7,1,3,216.4264312,52.32389134,22.56462384,10.94587078
39,21,7,21,8,1,3,211.3177788,61.32484604,21.47170218,11.54928549
39,20,7,21,9,1,3,230.0912405,67.79761728,19.20107054,11.54928549
39,23,7,22,5,1,3,216.222527,42.22411538,23.4205043,11.26495328
39,22,7,22,6,1,3,215.2275262,47.56484764,22.95528789,10.94587078
39,21,7,22,7,1,3,233.5415402,56.96928159,22.76745298,11.54928549
39,20,7,22,8,1,3,250.8077327,66.50839866,21.33457156,11.54928549
39,22,7,23,5,1,3,251.2286876,45.17073716,24.10277829,10.94587078
39,21,7,23,6,1,3,258.8646766,58.86022684,23.88451242,11.54928549
39,20,7,23,7,1,3,270.8100543,66.71632763,21.52631641,11.54928549
39,21,7,24,5,1,3,294.7017155,58.62267121,24.36386331,11.54928549
39,20,7,24,6,1,3,303.7241037,73.13956092,22.35011897,11.54928549
39,25,7,25,0,1,3,234.3173086,41.82685387,24.47593159,12.42415444
39,20,7,25,5,1,3,317.7879107,77.24453166,22.85500548,11.54928549
39.2,24.8,7,25,0,1,3,212.2058195,41.42729648,21.82510694,12.42415444
38,22,7,22,6,2,3,207.5696221,47.99363331,20.78492223,10.94587078
38,21,7,22,7,2,3,211.1597458,57.73537287,19.93656348,11.54928549
38,20,7,22,8,2,3,220.7138588,74.98908891,19.10595125,11.54928549
38,22,7,23,5,2,3,212.7325506,48.10203857,22.06260857,10.94587078
38,21,7,23,6,2,3,244.1897355,55.87523725,21.29132933,11.54928549
38,20,7,23,7,2,3,245.1988577,74.51678798,19.08234155,11.54928549
38,21,7,24,5,2,3,271.6458394,58.40275899,22.16913607,11.54928549
38,20,7,24,6,2,3,286.5598021,74.0620485,19.98918254,11.54928549
38,25,7,25,0,2,3,225.1833243,40.47586677,23.40367648,12.42415444
38,20,7,25,5,2,3,302.1076571,78.53784222,21.08516048,11.54928549
38.2,24.8,7,25,0,2,3,211.0828446,40.26853133,22.25095976,12.42415444
37,25,7,25,0,3,3,207.0423763,40.46721972,20.57180192,12.36509588
39,20,8,18,12,0,3,200.7972394,70.19290725,22.87744737,11.54928549
39,20,8,19,11,0,3,212.0902399,70.19805253,22.01473137,11.54928549
39,24,8,20,6,0,3,200.155851,43.86382434,21.59504285,11.70590656
39,23,8,20,7,0,3,206.2103772,42.09647216,20.59424989,10.94587078
39,22,8,20,8,0,3,206.9468795,51.67243414,20.78865605,11.54928549
39,21,8,20,9,0,3,203.5309111,60.59580374,21.61658198,11.54928549
39,20,8,20,10,0,3,223.3837347,69.37817791,19.62890708,11.54928549
39,24,8,21,5,0,3,217.9251814,42.96082832,22.85217262,11.70590656
39,23,8,21,6,0,3,213.6012796,44.12210647,22.15191546,10.94587078
39,22,8,21,7,0,3,213.1866812,48.77430387,21.32309027,11.54928549
39,21,8,21,8,0,3,230.436592,57.52292812,21.30802215,11.54928549
39,20,8,21,9,0,3,237.9220365,63.68092573,20.78541579,11.54928549
39,23,8,22,5,0,3,222.3966048,43.04497229,22.56999064,11.26495328
39,22,8,22,6,0,3,226.9382146,49.21740898,22.36763458,11.54928549
39,21,8,22,7,0,3,252.3424879,54.53671083,22.76529568,11.54928549
39,20,8,22,8,0,3,256.1824093,65.21704047,21.96762292,11.54928549
39,22,8,23,5,0,3,259.5927514,45.00955098,23.34490372,10.94587078
39,21,8,23,6,0,3,270.5760041,50.09841258,22.94962697,11.54928549
39,20,8,23,7,0,3,268.3520258,62.66680044,23.04977944,11.54928549
39,21,8,24,5,0,3,289.801591,49.39864887,24.08702486,11.54928549
39,20,8,24,6,0,3,290.1437192,63.17098474,24.31034933,11.54928549
39,25,8,25,0,0,3,223.5459103,41.20137157,22.41171995,11.46030734
39,20,8,25,5,0,3,318.0918362,66.68988462,24.78672038,11.54928549
38,23,8,21,6,1,3,210.5855105,43.83618126,21.63862569,11.26495328
38,22,8,21,7,1,3,210.3582422,46.15389774,22.12813015,10.94587078
38,23,8,22,5,1,3,209.8476548,41.25411384,21.50220215,11.26495328
38,22,8,22,6,1,3,212.8853465,44.89513919,21.83679404,10.94587078
38,21,8,22,7,1,3,221.1093644,54.04474097,22.3877209,11.54928549
38,20,8,22,8,1,3,232.9382542,65.87863186,20.91460042,11.54928549
38,22,8,23,5,1,3,235.0155957,41.82525645,22.52360619,10.94587078
38,21,8,23,6,1,3,252.615903,51.33172414,22.11744591,11.54928549
38,20,8,23,7,1,3,256.1399055,65.81939693,21.72876006,11.54928549
38,21,8,24,5,1,3,280.0474107,50.118251,23.04981608,11.54928549
38,20,8,24,6,1,3,284.7489818,64.72660718,22.24341388,11.54928549
38,25,8,25,0,1,3,215.1138351,40.27300048,23.09668934,12.42415444
38,20,8,25,5,1,3,309.281303,67.3423543,23.08238657,11.54928549
37,25,8,25,0,2,3,209.5111684,39.40049305,21.73016136,12.42415444
38,20,9,20,10,0,3,209.8868167,66.83588837,21.61124608,11.54928549
38,24,9,21,5,0,3,202.8350727,42.49680732,22.29779794,11.81101164
38,23,9,21,6,0,3,205.8460581,43.03294388,21.86430021,10.94587078
38,22,9,21,7,0,3,205.2046725,46.72893375,20.55874994,11.54928549
38,21,9,21,8,0,3,203.9238401,52.68741496,20.71728235,11.54928549
38,20,9,21,9,0,3,228.0424859,60.42183694,20.70671609,11.54928549
38,23,9,22,5,0,3,220.5133557,43.68906073,22.34305199,11.26495328
38,22,9,22,6,0,3,223.1371895,46.62358796,21.88259712,11.54928549
38,21,9,22,7,0,3,241.4585097,50.8989321,22.49263785,11.54928549
38,20,9,22,8,0,3,243.4390588,62.25616858,21.76904778,11.54928549
38,22,9,23,5,0,3,237.4706299,43.74824761,22.75480133,10.94587078
38,21,9,23,6,0,3,258.4138538,49.28422426,22.38146261,11.54928549
38,20,9,23,7,0,3,264.202272,56.03260674,22.82764634,11.54928549
38,21,9,24,5,0,3,274.1794528,47.09295371,23.25967153,11.54928549
38,20,9,24,6,0,3,272.7078388,55.04642027,23.42036825,11.54928549
38,25,9,25,0,0,3,220.6295293,41.17047264,20.8364421,11.46030734
38,20,9,25,5,0,3,303.8097787,56.16237968,23.71485768,11.54928549
37,23,9,22,5,1,3,202.3257973,41.86557558,20.13044738,11.26495328
37,22,9,22,6,1,3,203.3098346,44.08424798,20.8553914,10.94587078
37,21,9,22,7,1,3,204.6739393,51.19196545,21.7826209,11.54928549
37,20,9,22,8,1,3,221.5056197,61.54131075,20.42441391,11.54928549
37,22,9,23,5,1,3,215.1597557,41.96045832,20.91879342,10.94587078
37,21,9,23,6,1,3,226.0587745,50.24559002,21.44280775,11.54928549
37,20,9,23,7,1,3,239.68704,61.28778281,21.68936921,11.54928549
37,21,9,24,5,1,3,252.3309589,46.79147485,20.86707552,11.54928549
37,20,9,24,6,1,3,262.9014308,56.29902621,21.17521616,11.54928549
37,25,9,25,0,1,3,207.9268867,41.35557599,20.80787757,12.42415444
37,20,9,25,5,1,3,287.6774448,56.79563083,21.75917419,11.54928549
37,20,10,21,9,0,3,206.2779365,50.03708051,20.83139209,11.54928549
37,23,10,22,5,0,3,207.8498952,40.3328141,22.50470938,11.26495328
37,22,10,22,6,0,3,202.3856713,43.54735624,21.29325777,10.94587078
37,21,10,22,7,0,3,217.2267624,47.33848244,20.95076091,11.54928549
37,20,10,22,8,0,3,234.7029852,52.18901472,21.12880103,11.54928549
37,22,10,23,5,0,3,218.2099858,43.39576142,21.68510212,10.94587078
37,21,10,23,6,0,3,252.013287,46.6404278,21.98768291,11.54928549
37,20,10,23,7,0,3,248.830017,53.90656797,22.26857622,11.54928549
37,21,10,24,5,0,3,264.7813807,45.12293632,22.45125061,11.54928549
37,20,10,24,6,0,3,264.4996881,51.01199017,22.40724276,11.54928549
37,25,10,25,0,0,3,212.9452105,40.93211263,20.09722895,11.46030734
37,20,10,25,5,0,3,293.2714118,49.23570971,22.80420419,11.54928549
36,25,10,25,0,1,3,204.928594,39.93952935,19.13194476,12.42415444
36,20,11,22,8,0,3,200.8558557,49.25632053,20.51015129,11.54928549
36,22,11,23,5,0,3,201.8520256,42.45887496,21.33507445,10.94587078
36,21,11,23,6,0,3,216.0180171,44.80531763,21.55726453,11.54928549
36,20,11,23,7,0,3,222.8074033,48.854784,21.67455402,11.54928549
36,21,11,24,5,0,3,247.1874077,44.78959486,20.84508038,11.54928549
36,20,11,24,6,0,3,247.4471445,46.78374754,21.5464416,11.54928549
36,25,11,25,0,0,3,208.718065,40.7333199,19.48768829,11.46030734
36,20,11,25,5,0,3,270.5159468,44.79467186,21.1713729,11.54928549
35,21,12,23,6,0,3,204.7180359,42.79097706,21.2182056,11.54928549
35,20,12,23,7,0,3,206.0141519,48.3731835,21.95136953,11.54928549
35,21,12,24,5,0,3,222.7520491,43.83741876,20.69490354,11.54928549
35,20,12,24,6,0,3,231.5717311,45.73300694,21.46617005,11.54928549
35,20,12,25,5,0,3,261.4759382,45.95508037,20.92418593,11.54928549
34,20,13,22,8,0,3,200.0000339,49.44866595,19.33700779,11.54928549
34,20,13,23,7,0,3,202.5058973,45.90191542,20.8894999,11.54928549
34,21,13,24,5,0,3,211.2880573,40.84957375,19.87378748,11.54928549
34,20,13,24,6,0,3,217.8601228,47.27563026,20.38051898,11.54928549
34,20,13,25,5,0,3,247.4925776,45.3282678,20.43304155,11.54928549
46,25,0,0,25,0,4,201.9590723,79.13004209,22.26436498,11.26495328
46,20,0,8,22,0,4,204.5401313,94.45403355,31.8844012,11.54928549
46,21,0,9,20,0,4,200.1400257,85.5931626,32.50890966,11.54928549
46,27,0,10,13,0,4,205.9521052,49.98615711,29.38439183,12.36509588
46,26,0,10,14,0,4,202.0738269,53.66783104,29.48986029,11.46030734
46,20,0,10,20,0,4,216.7586862,87.56409625,31.89558698,11.54928549
46,26,0,11,13,0,4,214.8601139,50.60345771,30.20973379,11.46030734
46,25,0,11,14,0,4,206.0928342,57.04679453,29.94984263,11.81101164
46,23,0,11,16,0,4,204.8484919,74.97874028,31.03254488,11.54928549
46,21,0,11,18,0,4,205.8026751,85.02588994,30.80348678,11.54928549
46,20,0,11,19,0,4,218.334528,88.70096265,30.9304742,11.54928549
46,27,0,12,11,0,4,207.5007472,47.26770412,28.60081328,12.36509588
46,26,0,12,12,0,4,226.4104684,48.9279622,29.36572282,11.46030734
46,25,0,12,13,0,4,217.5592377,54.57792731,30.12417034,11.81101164
46,24,0,12,14,0,4,235.5172501,65.35681168,30.70963765,11.26495328
46,23,0,12,15,0,4,231.3279289,69.46016034,30.90324343,11.54928549
46,22,0,12,16,0,4,250.7583658,82.34309481,31.13527285,11.54928549
46,21,0,12,17,0,4,246.3331404,83.45866565,30.87942708,11.54928549
46,20,0,12,18,0,4,260.3013095,87.51787068,31.12591249,11.54928549
46,27,0,13,10,0,4,209.2837514,44.04642361,26.88794429,12.36509588
46,26,0,13,11,0,4,223.5981395,47.46889175,29.32748337,11.46030734
46,25,0,13,12,0,4,227.8461471,52.84199847,28.60000902,11.81101164
46,24,0,13,13,0,4,233.1631141,63.13845116,29.62106165,11.26495328
46,23,0,13,14,0,4,236.8126227,65.49260147,30.481006,10.94587078
46,22,0,13,15,0,4,248.598462,76.70349229,30.49944662,11.54928549
46,21,0,13,16,0,4,254.5479903,85.09267997,30.59961463,11.54928549
46,20,0,13,17,0,4,256.1132681,88.05781412,31.12613106,11.54928549
46,28,0,14,8,0,4,206.4616762,45.14083102,27.51874082,11.35471999
46,27,0,14,9,0,4,217.7606263,43.34068831,27.67399653,12.36509588
46,26,0,14,10,0,4,246.5961801,47.16674848,27.40546091,11.46030734
46,25,0,14,11,0,4,254.4441417,49.97864711,28.03269704,11.81101164
46,24,0,14,12,0,4,264.9127337,61.57945183,29.10795941,11.26495328
46,23,0,14,13,0,4,266.3735201,67.20886231,30.01250537,10.94587078
46,22,0,14,14,0,4,274.1497433,68.59670101,30.54307827,11.54928549
46,21,0,14,15,0,4,269.6290647,83.38288543,30.51142485,11.54928549
46,20,0,14,16,0,4,282.3348134,83.82097562,29.90586769,11.54928549
46,28,0,15,7,0,4,208.2864848,44.89510138,29.06538097,11.91676098
46,27,0,15,8,0,4,224.1228814,42.71954621,28.1735606,12.36509588
46,26,0,15,9,0,4,255.635518,41.74587096,28.37574116,11.46030734
46,25,0,15,10,0,4,265.7439406,49.35483463,28.6374939,11.81101164
46,24,0,15,11,0,4,276.752266,61.44395797,28.63094752,11.26495328
46,23,0,15,12,0,4,275.3688799,65.07338808,29.08565911,10.94587078
46,22,0,15,13,0,4,282.0945069,69.37035441,29.71123619,11.54928549
46,21,0,15,14,0,4,286.7566276,72.82814489,30.46700254,11.54928549
46,20,0,15,15,0,4,291.6597847,82.0581004,30.92772187,11.54928549
46,28,0,16,6,0,4,216.8869923,42.60042518,27.87212834,11.91676098
46,27,0,16,7,0,4,240.5743302,40.08376831,27.98718942,11.35471999
46,26,0,16,8,0,4,274.1207233,42.62612551,29.37327383,12.42415444
46,25,0,16,9,0,4,287.8855598,47.72727895,29.73273788,11.81101164
46,24,0,16,10,0,4,295.1276161,59.00795499,27.89621073,11.26495328
46,23,0,16,11,0,4,300.5144578,65.45493141,27.78508128,10.94587078
46,22,0,16,12,0,4,310.2817684,69.15914501,28.41172236,11.54928549
46,21,0,16,13,0,4,316.7229951,68.31208163,30.05279262,11.54928549
46,20,0,16,14,0,4,329.4173812,73.58734643,29.78102643,11.54928549
46,28,0,17,5,0,4,221.0253919,42.75529206,26.74314596,11.91676098
46,27,0,17,6,0,4,240.4753597,41.49955927,27.34720251,11.35471999
46,26,0,17,7,0,4,266.8587472,37.90707089,28.06393631,12.42415444
46,25,0,17,8,0,4,292.9239433,43.63125139,29.85942477,11.68737853
46,24,0,17,9,0,4,304.5785278,58.04702656,27.88955488,11.26495328
46,23,0,17,10,0,4,312.6684377,61.75497815,27.12116897,10.94587078
46,22,0,17,11,0,4,328.6557499,66.46472508,29.46444818,11.54928549
46,21,0,17,12,0,4,322.9288946,69.32723861,28.57272349,11.54928549
46,20,0,17,13,0,4,338.837287,73.16570207,29.3627185,11.54928549
46,27,0,18,5,0,4,249.3770245,42.62784521,26.79693675,11.35471999
46,26,0,18,6,0,4,261.4895605,40.19140187,26.86043528,12.42415444
46,25,0,18,7,0,4,303.6341741,44.39108364,28.90046905,11.68737853
46,24,0,18,8,0,4,316.6543567,54.56868536,27.70980344,11.70590656
46,23,0,18,9,0,4,330.8363253,56.07398519,27.87656541,10.94587078
46,22,0,18,10,0,4,342.325141,64.95670528,28.14736015,11.54928549
46,21,0,18,11,0,4,350.7154148,70.35278508,28.05011482,11.54928549
46,20,0,18,12,0,4,350.8364007,76.02756497,29.03814389,11.54928549
46,26,0,19,5,0,4,264.906524,40.79852714,28.24507758,12.42415444
46,25,0,19,6,0,4,305.1957553,47.23178203,27.55372629,11.68737853
46,24,0,19,7,0,4,339.6134463,52.59338094,28.66414203,11.70590656
46,23,0,19,8,0,4,338.448861,55.80906894,27.27756461,10.94587078
46,22,0,19,9,0,4,344.5332187,58.85512408,28.08499687,11.54928549
46,21,0,19,10,0,4,366.2098483,68.27186712,28.17795475,11.54928549
46,20,0,19,11,0,4,378.1655042,77.26355177,27.92405864,11.54928549
46,30,0,20,0,0,4,204.0513162,44.57193421,23.44566085,11.49467614
46,25,0,20,5,0,4,326.9550541,47.82064523,29.03813985,11.68737853
46,24,0,20,6,0,4,348.2517325,48.91271468,28.98958471,11.70590656
46,23,0,20,7,0,4,360.3276032,56.42922632,26.41945089,10.94587078
46,22,0,20,8,0,4,371.3528368,63.01748443,26.39554778,11.54928549
46,21,0,20,9,0,4,376.1502602,75.31281389,27.99036671,11.54928549
46,20,0,20,10,0,4,381.4478837,82.1354617,28.35319567,11.54928549
46,29,0,21,0,0,4,226.7525212,44.70272473,24.16482016,11.6088616
46,24,0,21,5,0,4,367.6195093,51.05305611,29.6714048,11.70590656
46,23,0,21,6,0,4,373.5170619,59.41946768,28.06004464,10.94587078
46,22,0,21,7,0,4,387.5001319,67.92229465,26.27354364,11.54928549
46,21,0,21,8,0,4,381.5559078,76.11716552,27.3442017,11.54928549
46,20,0,21,9,0,4,384.6530243,86.50445438,27.04085423,11.54928549
46,28,0,22,0,0,4,301.2964795,45.95831759,27.41514552,11.91676098
46,23,0,22,5,0,4,383.3046233,68.41817627,27.85934209,10.94587078
46,22,0,22,6,0,4,392.1549244,72.27906159,27.49888229,11.54928549
46,21,0,22,7,0,4,389.9900664,76.71581348,28.48408798,11.54928549
46,20,0,22,8,0,4,392.5100921,90.867912,27.04052408,11.54928549
46,27,0,23,0,0,4,318.2231324,46.32565043,26.48479561,11.35471999
46,22,0,23,5,0,4,410.4282745,80.98265419,27.35214343,11.54928549
46,21,0,23,6,0,4,401.6565609,86.23030937,28.20886157,11.54928549
46,20,0,23,7,0,4,398.2776409,95.05829653,29.01675714,11.54928549
46,26,0,24,0,0,4,342.2872946,53.42676635,24.59107133,12.36509588
46,21,0,24,5,0,4,425.7674926,94.90673027,28.10381296,11.54928549
46,20,0,24,6,0,4,427.546216,96.27053017,28.09775969,11.54928549
46,25,0,25,0,0,4,355.0234319,64.26823362,24.78848833,11.46030734
46,20,0,25,5,0,4,431.929628,98.92366278,27.22459024,11.54928549
46.2,21.8,0,12,16,0,4,207.5799724,84.60383398,31.35326156,11.54928549
46.2,20.8,0,12,17,0,4,221.483732,83.76731179,33.31608364,11.54928549
46.2,22.8,0,13,14,0,4,205.5499152,67.22204335,30.23124701,11.54928549
46.2,21.8,0,13,15,0,4,221.3988902,81.87642547,30.55638757,11.54928549
46.2,20.8,0,13,16,0,4,230.1125774,85.12353354,30.85508687,11.54928549
46.2,24.8,0,14,11,0,4,215.5604076,49.42646002,28.34448633,11.81101164
46.2,23.8,0,14,12,0,4,210.1823236,61.56904871,29.46963585,11.26495328
46.2,22.8,0,14,13,0,4,219.5647926,67.69802101,29.54209124,10.94587078
46.2,21.8,0,14,14,0,4,232.3152848,72.44125198,30.65618142,11.54928549
46.2,20.8,0,14,15,0,4,234.6928389,82.6741177,30.57564271,11.54928549
46.2,25.8,0,15,9,0,4,220.6732732,41.90004563,27.23200621,11.46030734
46.2,24.8,0,15,10,0,4,232.8062435,45.41110469,28.08659494,11.81101164
46.2,23.8,0,15,11,0,4,233.3533055,61.7201446,28.11453967,11.26495328
46.2,22.8,0,15,12,0,4,246.6810645,65.36446855,29.13155214,10.94587078
46.2,21.8,0,15,13,0,4,249.6097677,71.28180489,30.17892781,11.54928549
46.2,20.8,0,15,14,0,4,258.1586277,71.83330322,30.4831484,11.54928549
46.2,26.8,0,16,7,0,4,210.6130691,39.73673268,27.07799544,12.36509588
46.2,25.8,0,16,8,0,4,251.8483357,42.36575904,28.5560131,11.46030734
46.2,24.8,0,16,9,0,4,273.3863533,45.79017038,28.59504726,11.81101164
46.2,23.8,0,16,10,0,4,273.9291908,59.80303025,29.29754299,11.26495328
46.2,22.8,0,16,11,0,4,281.8405237,65.41857275,28.05948893,10.94587078
46.2,21.8,0,16,12,0,4,289.2046418,69.20193075,28.82028527,11.54928549
46.2,20.8,0,16,13,0,4,300.282208,72.85060568,29.51369659,11.54928549
46.2,27.8,0,17,5,0,4,209.3073808,41.91751485,28.45358467,11.91676098
46.2,26.8,0,17,6,0,4,223.4585547,41.24802473,27.658929,11.35471999
46.2,25.8,0,17,7,0,4,258.0778271,37.50242767,27.05344883,11.46030734
46.2,24.8,0,17,8,0,4,269.1397586,45.55165379,28.88092754,11.81101164
46.2,23.8,0,17,9,0,4,278.9671552,57.19167099,29.44476206,11.26495328
46.2,22.8,0,17,10,0,4,290.7807511,61.42402666,27.7899566,10.94587078
46.2,21.8,0,17,11,0,4,307.9228073,68.8042488,29.15980318,11.54928549
46.2,20.8,0,17,12,0,4,306.8638024,69.09070614,28.96051236,11.54928549
46.2,26.8,0,18,5,0,4,241.9849952,43.52163662,27.84132043,11.35471999
46.2,25.8,0,18,6,0,4,256.6343262,40.44128735,27.43777575,12.42415444
46.2,24.8,0,18,7,0,4,288.2622111,41.5105951,28.19347426,11.81101164
46.2,23.8,0,18,8,0,4,297.7526957,55.52966851,28.31766814,11.26495328
46.2,22.8,0,18,9,0,4,314.881971,57.26990664,27.61079988,10.94587078
46.2,21.8,0,18,10,0,4,308.7890436,63.39000808,27.98230875,11.54928549
46.2,20.8,0,18,11,0,4,326.0503773,69.71570075,28.90898295,11.54928549
46.2,25.8,0,19,5,0,4,256.6773948,39.98639765,27.67406288,12.42415444
46.2,24.8,0,19,6,0,4,282.9750151,45.22868461,28.22237208,11.68737853
46.2,23.8,0,19,7,0,4,312.0823228,52.58025087,29.18482059,11.26495328
46.2,22.8,0,19,8,0,4,324.4883109,54.22007356,27.43237481,10.94587078
46.2,21.8,0,19,9,0,4,327.6416343,64.92028782,26.91474928,11.54928549
46.2,20.8,0,19,10,0,4,347.6296622,67.47426737,28.47336481,11.54928549
46.2,24.8,0,20,5,0,4,311.0121265,44.11955382,29.01805564,11.68737853
46.2,23.8,0,20,6,0,4,326.6007316,52.54482897,29.39196902,11.70590656
46.2,22.8,0,20,7,0,4,347.9749317,57.85046545,28.31778078,10.94587078
46.2,21.8,0,20,8,0,4,364.7812617,64.59816974,26.83369938,11.54928549
46.2,20.8,0,20,9,0,4,356.9133209,77.0224087,27.80056737,11.54928549
46.2,28.8,0,21,0,0,4,229.3644021,44.72421092,22.55640256,12.03031036
46.2,23.8,0,21,5,0,4,341.608357,51.64090788,30.29251003,11.70590656
46.2,22.8,0,21,6,0,4,367.7124017,63.85234642,30.51673057,10.94587078
46.2,21.8,0,21,7,0,4,379.3558116,70.99950908,27.59032532,11.54928549
46.2,20.8,0,21,8,0,4,370.8528673,73.66172152,28.17275905,11.54928549
46.2,27.8,0,22,0,0,4,273.1669451,45.34017736,27.17930935,11.91676098
46.2,22.8,0,22,5,0,4,370.6332189,70.03954701,30.9951797,10.94587078
46.2,21.8,0,22,6,0,4,388.0314447,77.1262562,29.5351532,11.54928549
46.2,20.8,0,22,7,0,4,385.4069183,76.64405632,29.11473128,11.54928549
46.2,26.8,0,23,0,0,4,290.96557,45.94855056,27.5448973,11.35471999
46.2,21.8,0,23,5,0,4,398.9330692,81.33480724,29.57961444,11.54928549
46.2,20.8,0,23,6,0,4,394.0963736,87.51727266,29.17698649,11.54928549
46.2,25.8,0,24,0,0,4,319.3106275,56.11605718,27.37327473,12.36509588
46.2,20.8,0,24,5,0,4,418.4802556,95.22806403,29.39831346,11.54928549
46.2,24.8,0,25,0,0,4,324.4604375,61.29465008,25.99990755,11.46030734
46.4,25.6,0,14,10,0,4,202.9557342,44.89532567,27.7507488,11.46030734
46.4,25.6,0,15,9,0,4,204.3442305,45.29269613,28.83809614,11.46030734
46.4,25.6,0,16,8,0,4,248.6969133,41.63934131,28.03179287,11.46030734
46.4,26.6,0,17,6,0,4,214.0697786,40.89063326,27.61086141,12.36509588
46.4,26.6,0,18,5,0,4,219.1348911,44.25212955,28.27471276,12.36509588
45,20,0,10,20,1,4,215.7676806,90.30009282,31.45905808,11.54928549
45,25,0,11,14,1,4,208.0131413,64.13687372,29.78441891,11.81101164
45,24,0,11,15,1,4,201.6054749,71.99013048,31.04609033,11.26495328
45,23,0,11,16,1,4,200.3189209,83.56476365,31.10945808,10.94587078
45,22,0,11,17,1,4,210.2899311,87.74678774,30.94740033,11.54928549
45,21,0,11,18,1,4,236.1396454,90.62782777,31.16058683,11.54928549
45,20,0,11,19,1,4,232.9790192,88.68600928,30.62273206,11.54928549
45,25,0,12,13,1,4,212.2618564,57.41920112,30.49216934,11.81101164
45,24,0,12,14,1,4,221.1469878,69.22702188,29.64165829,11.26495328
45,23,0,12,15,1,4,213.3828129,81.7442968,30.90195692,10.94587078
45,22,0,12,16,1,4,229.179108,87.17165799,30.58677113,11.54928549
45,21,0,12,17,1,4,247.5702305,88.71868096,31.16838897,11.54928549
45,20,0,12,18,1,4,261.7266244,88.28580384,31.01766046,11.54928549
45,26,0,13,11,1,4,205.1196493,52.8765202,28.53716023,12.42415444
45,25,0,13,12,1,4,229.740586,56.26325434,29.75082683,11.81101164
45,24,0,13,13,1,4,235.4493485,65.44886425,30.06447673,11.26495328
45,23,0,13,14,1,4,240.1166101,75.46295795,29.92274408,10.94587078
45,22,0,13,15,1,4,254.1072513,81.73891822,29.82239492,11.54928549
45,21,0,13,16,1,4,257.8343363,89.73295182,30.42918714,11.54928549
45,20,0,13,17,1,4,272.5812832,89.43442198,30.71213152,11.54928549
45,26,0,14,10,1,4,203.3448373,52.38113708,28.1702269,12.42415444
45,25,0,14,11,1,4,234.3340382,57.86610855,29.20519245,11.68737853
45,24,0,14,12,1,4,229.7769088,62.74864874,28.88692395,11.70590656
45,23,0,14,13,1,4,248.5425454,78.28088051,30.83159536,10.94587078
45,22,0,14,14,1,4,257.5868764,79.08050169,31.05232868,11.54928549
45,21,0,14,15,1,4,258.4487206,87.72951043,30.1670813,11.54928549
45,20,0,14,16,1,4,268.1806725,86.93480827,30.12414233,11.54928549
45,26,0,15,9,1,4,213.8120236,51.36626729,29.39554506,12.42415444
45,25,0,15,10,1,4,242.7657479,56.25925842,28.28809049,11.68737853
45,24,0,15,11,1,4,269.2325194,63.48108149,28.30224038,11.70590656
45,23,0,15,12,1,4,280.8022061,73.75175915,29.37621809,10.94587078
45,22,0,15,13,1,4,280.1409548,75.50033468,30.45466922,11.54928549
45,21,0,15,14,1,4,281.7498717,86.26772131,30.89903658,11.54928549
45,20,0,15,15,1,4,294.3917535,81.36249317,30.78935181,11.54928549
45,26,0,16,8,1,4,227.2609861,48.13631291,28.82842426,12.42415444
45,25,0,16,9,1,4,263.0120582,54.01317373,29.57792843,11.68737853
45,24,0,16,10,1,4,292.6246674,61.21987799,27.92295016,11.70590656
45,23,0,16,11,1,4,296.643779,73.11170168,29.25773326,10.94587078
45,22,0,16,12,1,4,302.3383035,72.27370656,29.49273299,11.54928549
45,21,0,16,13,1,4,301.1014923,75.25382733,29.41756535,11.54928549
45,20,0,16,14,1,4,310.5979339,81.61220056,29.86469648,11.54928549
45,26,0,17,7,1,4,225.9287721,46.4057763,29.20381789,12.42415444
45,25,0,17,8,1,4,247.598385,52.52638437,29.34519348,11.68737853
45,24,0,17,9,1,4,294.9456567,57.34714398,27.78198529,11.70590656
45,23,0,17,10,1,4,305.8529031,70.99895833,28.1423069,10.94587078
45,22,0,17,11,1,4,307.58883,70.03798272,28.47459134,11.54928549
45,21,0,17,12,1,4,319.3986434,70.96045422,29.65410321,11.54928549
45,20,0,17,13,1,4,330.590394,81.04810356,29.35917904,11.54928549
45,27,0,18,5,1,4,219.5632566,45.68532489,28.15522805,11.35471999
45,26,0,18,6,1,4,233.3155932,45.0500094,28.8232441,12.42415444
45,25,0,18,7,1,4,254.131898,48.36911678,29.39630416,11.68737853
45,24,0,18,8,1,4,295.3396033,55.75416533,28.35411673,11.70590656
45,23,0,18,9,1,4,307.4989769,65.50107718,27.28510031,10.94587078
45,22,0,18,10,1,4,327.1186893,70.32572853,28.01115244,11.54928549
45,21,0,18,11,1,4,334.8373465,73.97062393,28.51893996,11.54928549
45,20,0,18,12,1,4,340.7597151,73.70697525,29.07589719,11.54928549
45,26,0,19,5,1,4,243.6471172,46.42684444,30.13876907,12.36509588
45,25,0,19,6,1,4,264.7071034,50.66434617,29.8464536,11.68737853
45,24,0,19,7,1,4,311.0073909,55.89043021,27.93933719,11.70590656
45,23,0,19,8,1,4,331.0662407,61.66475796,27.07504488,10.94587078
45,22,0,19,9,1,4,330.0188705,71.33057462,28.49282242,11.54928549
45,21,0,19,10,1,4,342.8230655,72.25964769,28.24878285,11.54928549
45,20,0,19,11,1,4,361.1679225,82.84564758,28.75404993,11.54928549
45,25,0,20,5,1,4,291.9474556,50.94834689,29.21829985,11.46030734
45,24,0,20,6,1,4,334.3592893,55.23802016,29.94863081,11.81101164
45,23,0,20,7,1,4,349.9937865,65.12180212,27.62290345,10.94587078
45,22,0,20,8,1,4,351.2519985,72.1349066,27.92328975,11.54928549
45,21,0,20,9,1,4,367.0797968,80.43672061,27.83710066,11.54928549
45,20,0,20,10,1,4,377.3107017,84.41026838,28.06030908,11.54928549
45,29,0,21,0,1,4,214.3915972,42.22027898,25.56779811,11.6088616
45,24,0,21,5,1,4,326.3695222,58.86765856,29.59146341,11.81101164
45,23,0,21,6,1,4,354.9004412,70.7678496,28.79778208,11.26495328
45,22,0,21,7,1,4,363.3307689,79.21577544,29.44034599,11.54928549
45,21,0,21,8,1,4,377.0672601,82.12378443,28.17568246,11.54928549
45,20,0,21,9,1,4,377.0436167,85.98463388,27.93974488,11.54928549
45,28,0,22,0,1,4,265.8090553,44.23093912,25.43961995,11.91676098
45,23,0,22,5,1,4,364.2203723,74.29197353,26.5648087,11.26495328
45,22,0,22,6,1,4,358.0551932,81.32025136,27.00019095,10.94587078
45,21,0,22,7,1,4,381.8274924,85.19183601,29.38557454,11.54928549
45,20,0,22,8,1,4,377.7534345,89.37970019,29.7507925,11.54928549
45,27,0,23,0,1,4,286.2079785,47.99307491,24.35181517,11.35471999
45,22,0,23,5,1,4,382.8561206,84.77024201,25.21496687,10.94587078
45,21,0,23,6,1,4,405.7665292,92.45432196,27.47133903,11.54928549
45,20,0,23,7,1,4,402.7025217,96.93193174,29.84066979,11.54928549
45,26,0,24,0,1,4,319.5416066,56.90204082,23.6390206,12.36509588
45,21,0,24,5,1,4,411.3208767,94.66488965,25.97230485,11.54928549
45,20,0,24,6,1,4,415.3235717,95.42172026,26.77902385,11.54928549
45,25,0,25,0,1,4,339.4624935,64.10454002,24.18020047,11.46030734
45,20,0,25,5,1,4,422.897835,97.69818555,25.02684871,11.54928549
45.2,21.8,0,13,15,1,4,201.741229,82.71784145,30.5573368,11.54928549
45.2,20.8,0,13,16,1,4,212.4634307,87.76638631,30.48179712,11.54928549
45.2,21.8,0,14,14,1,4,204.3671657,79.95481704,30.78472506,11.54928549
45.2,20.8,0,14,15,1,4,219.7751617,87.43687733,30.34486362,11.54928549
45.2,22.8,0,15,12,1,4,209.9765175,74.78578607,28.25270077,10.94587078
45.2,21.8,0,15,13,1,4,218.6079058,75.1707522,29.21776111,11.54928549
45.2,20.8,0,15,14,1,4,227.4127628,82.41667907,30.12681896,11.54928549
45.2,24.8,0,16,9,1,4,224.1941872,53.45962291,28.57381657,11.68737853
45.2,23.8,0,16,10,1,4,249.4073188,60.99473416,28.49083474,11.70590656
45.2,22.8,0,16,11,1,4,249.8880973,74.5413336,28.04613168,10.94587078
45.2,21.8,0,16,12,1,4,246.5485162,69.90745698,28.63842339,11.54928549
45.2,20.8,0,16,13,1,4,258.9810049,74.77058523,28.75721422,11.54928549
45.2,25.8,0,17,7,1,4,207.3413209,44.51217054,27.79301,12.42415444
45.2,24.8,0,17,8,1,4,239.0766979,50.18032427,28.84287862,11.68737853
45.2,23.8,0,17,9,1,4,255.3351498,56.41339328,28.20311922,11.70590656
45.2,22.8,0,17,10,1,4,253.7799355,68.79300311,27.59602397,10.94587078
45.2,21.8,0,17,11,1,4,269.448209,71.04511665,28.52194032,11.54928549
45.2,20.8,0,17,12,1,4,276.9885537,69.64581662,29.19339666,11.54928549
45.2,25.8,0,18,6,1,4,207.684181,45.22649002,27.54082061,12.42415444
45.2,24.8,0,18,7,1,4,228.6694232,46.83757346,27.54855611,11.68737853
45.2,23.8,0,18,8,1,4,256.1686194,52.47917509,29.23927756,11.70590656
45.2,22.8,0,18,9,1,4,269.2961764,66.85305869,27.49848937,10.94587078
45.2,21.8,0,18,10,1,4,281.0060028,74.16272025,27.75015804,11.54928549
45.2,20.8,0,18,11,1,4,289.1884914,71.0520577,28.01963293,11.54928549
45.2,25.8,0,19,5,1,4,217.8091267,45.70800007,29.79990514,12.42415444
45.2,24.8,0,19,6,1,4,228.9397827,48.08519018,29.10250231,11.68737853
45.2,23.8,0,19,7,1,4,285.3947769,53.49521494,28.82906654,11.70590656
45.2,22.8,0,19,8,1,4,297.9599072,63.67919691,27.28108494,10.94587078
45.2,21.8,0,19,9,1,4,291.2055857,71.77530708,27.92980574,11.54928549
45.2,20.8,0,19,10,1,4,308.4309204,74.93924062,28.20428327,11.54928549
45.2,24.8,0,20,5,1,4,262.5532624,46.24259973,28.72758006,11.68737853
45.2,23.8,0,20,6,1,4,301.6085393,55.48065464,30.9729987,11.70590656
45.2,22.8,0,20,7,1,4,315.0104792,67.65491594,27.89935602,10.94587078
45.2,21.8,0,20,8,1,4,315.2362237,72.95254772,27.22495385,11.54928549
45.2,20.8,0,20,9,1,4,326.4771954,78.47527454,28.16422546,11.54928549
45.2,28.8,0,21,0,1,4,203.0689691,43.31392233,24.77016639,11.6088616
45.2,23.8,0,21,5,1,4,309.5982098,59.51460861,29.45338713,11.70590656
45.2,22.8,0,21,6,1,4,323.0455598,75.21764957,30.36887186,10.94587078
45.2,21.8,0,21,7,1,4,333.6925313,80.26926436,29.29119931,11.54928549
45.2,20.8,0,21,8,1,4,343.1442947,79.79268478,28.21120108,11.54928549
45.2,27.8,0,22,0,1,4,255.9145365,43.36880675,27.38879827,11.91676098
45.2,22.8,0,22,5,1,4,334.133165,78.61316095,29.13882723,10.94587078
45.2,21.8,0,22,6,1,4,348.0256522,81.92208865,28.02157265,11.54928549
45.2,20.8,0,22,7,1,4,354.9195203,85.94776301,30.1268219,11.54928549
45.2,26.8,0,23,0,1,4,275.8654444,48.15337646,27.20971789,11.35471999
45.2,21.8,0,23,5,1,4,359.5458906,85.81285186,27.36310757,10.94587078
45.2,20.8,0,23,6,1,4,375.4885724,91.56637836,28.39764753,11.54928549
45.2,25.8,0,24,0,1,4,298.076539,57.38572214,24.85247044,12.36509588
45.2,20.8,0,24,5,1,4,379.7227041,93.65036592,27.05544875,11.54928549
45.2,24.8,0,25,0,1,4,314.7369295,62.8201928,24.99363199,11.46030734
44,24,0,10,16,2,4,200.2348818,81.35758803,29.93075234,11.26495328
44,20,0,10,20,2,4,204.7406414,92.2113655,29.66698917,11.54928549
44,22,0,11,17,2,4,205.6907181,87.84375553,30.09544894,11.54928549
44,21,0,11,18,2,4,209.3251155,90.0797553,29.31845799,11.54928549
44,20,0,11,19,2,4,239.2051744,90.91310742,29.42517856,11.54928549
44,24,0,12,14,2,4,218.3736389,74.66201893,28.54242502,11.70590656
44,23,0,12,15,2,4,213.5084,82.8678811,28.75750867,10.94587078
44,22,0,12,16,2,4,214.4811975,87.77612304,29.44974916,11.54928549
44,21,0,12,17,2,4,229.6665369,89.10403108,29.6958655,11.54928549
44,20,0,12,18,2,4,252.793806,88.05370764,30.00406978,11.54928549
44,24,0,13,13,2,4,212.9727978,73.73985218,29.78198865,11.70590656
44,23,0,13,14,2,4,217.1127496,77.8386411,29.21052383,10.94587078
44,22,0,13,15,2,4,208.6694557,81.55092215,28.75723316,11.54928549
44,21,0,13,16,2,4,234.0837142,88.88702256,28.65495738,11.54928549
44,20,0,13,17,2,4,248.4915249,90.33689927,29.53917987,11.54928549
44,24,0,14,12,2,4,227.4345875,73.36585018,27.51309075,11.70590656
44,23,0,14,13,2,4,223.6970888,73.43312532,30.25722683,10.94587078
44,22,0,14,14,2,4,243.7030437,79.91597673,29.01859702,11.54928549
44,21,0,14,15,2,4,249.5115396,89.2468447,29.31546449,11.54928549
44,20,0,14,16,2,4,264.0894165,86.48006615,29.18258445,11.54928549
44,24,0,15,11,2,4,231.3190683,71.02893337,27.7899203,11.70590656
44,23,0,15,12,2,4,251.1277393,72.99645807,28.28378019,10.94587078
44,22,0,15,13,2,4,271.8427032,78.17739269,28.77158335,11.54928549
44,21,0,15,14,2,4,273.3215213,78.95289966,29.83617186,11.54928549
44,20,0,15,15,2,4,272.5115767,79.92477958,29.63843799,11.54928549
44,25,0,16,9,2,4,206.3687533,57.18387907,28.38770582,11.46030734
44,24,0,16,10,2,4,221.5394911,67.06504556,26.93788439,11.70590656
44,23,0,16,11,2,4,265.3175446,71.86413695,28.89143443,10.94587078
44,22,0,16,12,2,4,280.5605445,75.10527913,28.30046178,11.54928549
44,21,0,16,13,2,4,270.6566122,75.73835783,28.39236306,11.54928549
44,20,0,16,14,2,4,276.977126,81.81266978,29.22049887,11.54928549
44,25,0,17,8,2,4,200.1649012,53.48383693,26.72006333,11.46030734
44,24,0,17,9,2,4,223.7528162,59.95084908,27.41555417,11.81101164
44,23,0,17,10,2,4,274.7449369,64.56505175,28.20699443,10.94587078
44,22,0,17,11,2,4,286.0985855,74.82854877,27.56605404,11.54928549
44,21,0,17,12,2,4,296.4350267,76.68037777,28.83753347,11.54928549
44,20,0,17,13,2,4,289.6009664,80.68039213,28.6565258,11.54928549
44,25,0,18,7,2,4,220.0618651,53.62907942,26.94134364,11.46030734
44,24,0,18,8,2,4,236.3709083,56.53037784,25.87590172,11.81101164
44,23,0,18,9,2,4,279.2572681,61.31615349,26.35979305,11.26495328
44,22,0,18,10,2,4,293.544643,72.13429042,28.60264202,10.94587078
44,21,0,18,11,2,4,313.8283944,77.16235326,27.70262551,11.54928549
44,20,0,18,12,2,4,310.2785434,80.42263977,28.04954131,11.54928549
44,25,0,19,6,2,4,224.2406474,53.39714329,27.77019183,11.46030734
44,24,0,19,7,2,4,252.9647503,56.38028498,25.42686342,11.81101164
44,23,0,19,8,2,4,288.4227237,63.05031308,24.86413658,11.26495328
44,22,0,19,9,2,4,317.4221886,70.34633721,26.10292386,10.94587078
44,21,0,19,10,2,4,323.6175463,72.96940725,27.81374326,11.54928549
44,20,0,19,11,2,4,330.6114573,85.71132969,27.93973568,11.54928549
44,25,0,20,5,2,4,241.207736,51.6026042,27.46062257,11.46030734
44,24,0,20,6,2,4,266.8287788,59.49959445,26.10995087,11.81101164
44,23,0,20,7,2,4,301.9300516,64.80707813,25.39307417,11.26495328
44,22,0,20,8,2,4,329.1789083,81.01480539,25.87539261,10.94587078
44,21,0,20,9,2,4,333.6906417,77.79049221,25.41683042,11.54928549
44,20,0,20,10,2,4,340.7571917,80.57407214,25.69328127,11.54928549
44,29,0,21,0,2,4,202.4703236,41.39077822,25.59596655,11.54411899
44,24,0,21,5,2,4,284.8496693,58.47946443,26.25979595,11.81101164
44,23,0,21,6,2,4,295.8894782,68.60627449,25.45933652,11.26495328
44,22,0,21,7,2,4,340.1842751,81.38293174,26.53060911,10.94587078
44,21,0,21,8,2,4,352.3529859,83.12900335,26.55480374,11.54928549
44,20,0,21,9,2,4,352.580557,83.14437057,25.91760699,11.54928549
44,28,0,22,0,2,4,234.4504319,49.08324753,25.63924961,12.03031036
44,23,0,22,5,2,4,299.9116946,72.3757385,24.77836398,11.26495328
44,22,0,22,6,2,4,327.6551032,81.41979087,26.42143391,10.94587078
44,21,0,22,7,2,4,352.2889435,87.32600078,26.72038488,11.54928549
44,20,0,22,8,2,4,369.9951579,88.2695678,26.63364761,11.54928549
44,27,0,23,0,2,4,261.604988,52.82929084,23.72540513,11.91676098
44,22,0,23,5,2,4,341.3975104,81.79735699,25.39236637,10.94587078
44,21,0,23,6,2,4,373.2933455,86.38646073,25.98706849,11.54928549
44,20,0,23,7,2,4,384.4950106,89.10971897,26.47896736,11.54928549
44,26,0,24,0,2,4,298.4630233,60.24278953,23.96750658,11.35471999
44,21,0,24,5,2,4,379.4897659,87.55411257,24.83111323,11.54928549
44,20,0,24,6,2,4,393.282467,89.51421054,25.56402412,11.54928549
44,25,0,25,0,2,4,304.3839456,60.50743499,24.46634982,12.42415444
44,20,0,25,5,2,4,392.1059015,92.46451136,24.79074945,11.54928549
44.2,20.8,0,15,14,2,4,205.1435861,82.33913789,26.20530601,11.54928549
44.2,22.8,0,16,11,2,4,210.0036201,76.36444907,25.50962826,10.94587078
44.2,21.8,0,16,12,2,4,222.9312266,73.98611478,26.26108017,11.54928549
44.2,20.8,0,16,13,2,4,218.2038431,75.06040508,25.45712259,11.54928549
44.2,22.8,0,17,10,2,4,226.8485013,65.67704077,23.99441003,10.94587078
44.2,21.8,0,17,11,2,4,215.3459576,75.76037114,24.42148837,11.54928549
44.2,20.8,0,17,12,2,4,231.897382,76.01183533,26.33610187,11.54928549
44.2,23.8,0,18,8,2,4,211.351765,54.66052524,24.31158202,11.81101164
44.2,22.8,0,18,9,2,4,239.5414015,62.96570526,22.89324789,10.94587078
44.2,21.8,0,18,10,2,4,249.9627042,72.33523174,24.9515804,11.54928549
44.2,20.8,0,18,11,2,4,243.2505086,75.76397376,24.79924341,11.54928549
44.2,24.8,0,19,6,2,4,211.111395,48.23164078,25.67475961,11.46030734
44.2,23.8,0,19,7,2,4,228.8779983,58.20270478,23.81664678,11.81101164
44.2,22.8,0,19,8,2,4,253.8251118,64.02965506,23.28401287,11.26495328
44.2,21.8,0,19,9,2,4,265.9988292,72.33488782,24.16112671,11.54928549
44.2,20.8,0,19,10,2,4,255.3297788,75.59589674,25.01343733,11.54928549
44.2,24.8,0,20,5,2,4,220.0144244,49.67636541,25.71013907,11.46030734
44.2,23.8,0,20,6,2,4,236.2319542,58.59637084,26.10970672,11.81101164
44.2,22.8,0,20,7,2,4,273.1428755,65.45845329,24.10564581,11.26495328
44.2,21.8,0,20,8,2,4,282.7650673,78.17334561,23.70075152,10.94587078
44.2,20.8,0,20,9,2,4,284.8945946,80.35597669,24.52401687,11.54928549
44.2,23.8,0,21,5,2,4,264.9136395,61.74927499,26.22288484,11.81101164
44.2,22.8,0,21,6,2,4,272.8748972,68.29964569,24.57202563,11.26495328
44.2,21.8,0,21,7,2,4,302.3581177,80.96621988,24.30565559,10.94587078
44.2,20.8,0,21,8,2,4,301.4110693,81.95707166,23.91922919,11.54928549
44.2,27.8,0,22,0,2,4,210.1664792,49.77030451,25.81029645,12.03031036
44.2,22.8,0,22,5,2,4,272.3194046,71.73350622,24.08811606,11.26495328
44.2,21.8,0,22,6,2,4,305.2707325,80.359495,24.02276719,10.94587078
44.2,20.8,0,22,7,2,4,308.2683974,86.37955097,24.66009136,11.54928549
44.2,26.8,0,23,0,2,4,232.0927561,54.73493241,25.40718604,11.91676098
44.2,21.8,0,23,5,2,4,316.2376996,79.94616301,23.61477618,10.94587078
44.2,20.8,0,23,6,2,4,334.016914,86.40305051,24.97509461,11.54928549
44.2,25.8,0,24,0,2,4,273.1182627,63.23385268,24.14017852,11.35471999
44.2,20.8,0,24,5,2,4,341.3939831,88.45548914,24.33100867,11.54928549
44.2,24.8,0,25,0,2,4,285.3255589,58.80293867,24.19686999,12.42415444
43,20,0,14,16,3,4,211.8875271,86.55947108,24.75593505,11.54928549
43,21,0,15,14,3,4,208.527696,79.16856339,23.7453885,11.54928549
43,20,0,15,15,3,4,215.2591195,81.59417676,24.43582726,11.54928549
43,22,0,16,12,3,4,227.833692,76.25675092,22.98230203,10.94587078
43,21,0,16,13,3,4,227.1331949,78.83606639,23.76900703,11.54928549
43,20,0,16,14,3,4,209.4676471,82.98488701,23.98508909,11.54928549
43,22,0,17,11,3,4,226.7539195,74.97713704,22.34449227,10.94587078
43,21,0,17,12,3,4,233.8841653,81.02374065,22.76803583,11.54928549
43,20,0,17,13,3,4,238.6245632,81.66376834,23.59231971,11.54928549
43,23,0,18,9,3,4,210.1664681,64.63150733,22.71636705,11.26495328
43,22,0,18,10,3,4,248.9268364,74.68915435,22.35664259,10.94587078
43,21,0,18,11,3,4,254.291372,81.63364596,21.89500666,11.54928549
43,20,0,18,12,3,4,249.7654626,85.38005394,22.42899176,11.54928549
43,24,0,19,7,3,4,202.3888162,61.62692537,22.04874853,11.68737853
43,23,0,19,8,3,4,235.5126914,66.08617486,22.28170119,11.26495328
43,22,0,19,9,3,4,251.8620231,73.78381758,21.96787923,10.94587078
43,21,0,19,10,3,4,261.9826194,80.67238139,22.11601417,11.54928549
43,20,0,19,11,3,4,256.4507792,85.73680775,22.20221098,11.54928549
43,25,0,20,5,3,4,206.7103351,57.78305314,24.90739189,12.42415444
43,24,0,20,6,3,4,226.5328293,61.0871021,23.8824569,11.68737853
43,23,0,20,7,3,4,243.5143344,71.49548444,23.79036231,11.70590656
43,22,0,20,8,3,4,272.0363637,76.42794758,22.57588607,10.94587078
43,21,0,20,9,3,4,276.3949349,86.53229969,22.22077902,11.54928549
43,20,0,20,10,3,4,266.4606499,84.4619007,22.34825289,11.54928549
43,24,0,21,5,3,4,238.3381098,65.80901121,23.17649273,11.68737853
43,23,0,21,6,3,4,265.3506409,72.69476638,22.86559509,11.70590656
43,22,0,21,7,3,4,275.5067639,78.47420149,23.93942197,10.94587078
43,21,0,21,8,3,4,282.9084176,85.30763388,23.73792573,11.54928549
43,20,0,21,9,3,4,280.7021781,83.87493824,22.51249142,11.54928549
43,23,0,22,5,3,4,275.8322068,73.2910544,22.40950318,11.70590656
43,22,0,22,6,3,4,278.6454061,80.76023661,23.77771738,10.94587078
43,21,0,22,7,3,4,299.5193311,89.37772298,24.09717041,11.54928549
43,20,0,22,8,3,4,297.6123031,90.70477735,23.75571699,11.54928549
43,27,0,23,0,3,4,230.5531783,52.51610728,22.2915488,11.91676098
43,22,0,23,5,3,4,284.2420029,78.94208763,23.13608173,10.94587078
43,21,0,23,6,3,4,305.832726,90.61321633,23.71122152,11.54928549
43,20,0,23,7,3,4,315.0688539,90.23896141,23.55110814,11.54928549
43,26,0,24,0,3,4,258.4202253,60.55048893,22.74175777,11.35471999
43,21,0,24,5,3,4,302.2129214,91.69423759,23.14904373,11.54928549
43,20,0,24,6,3,4,321.8569145,96.82266543,23.43236994,11.54928549
43,25,0,25,0,3,4,275.8918179,61.73362849,23.3145388,12.36509588
43,20,0,25,5,3,4,329.9465121,98.97767939,23.02116463,11.54928549
43.2,20.8,0,17,12,3,4,202.4464439,79.89559923,21.53793867,11.54928549
43.2,21.8,0,18,10,3,4,213.2726531,79.26220911,20.82018854,10.94587078
43.2,20.8,0,18,11,3,4,225.3142911,81.53374099,20.97484055,11.54928549
43.2,23.8,0,19,7,3,4,202.0991347,62.05012256,22.25009324,11.81101164
43.2,22.8,0,19,8,3,4,217.7766905,64.50057622,21.25850676,11.26495328
43.2,21.8,0,19,9,3,4,238.3526803,81.1440286,21.53210201,10.94587078
43.2,20.8,0,19,10,3,4,235.2227705,80.39727395,20.99117433,11.54928549
43.2,23.8,0,20,6,3,4,218.7017176,61.07034441,23.52401007,11.81101164
43.2,22.8,0,20,7,3,4,225.7917257,70.95697802,22.98186985,11.26495328
43.2,21.8,0,20,8,3,4,260.7453484,77.43476038,22.50313277,10.94587078
43.2,20.8,0,20,9,3,4,265.8133117,85.74746153,21.92463842,11.54928549
43.2,23.8,0,21,5,3,4,228.0625674,67.80318755,25.04500785,11.68737853
43.2,22.8,0,21,6,3,4,264.2056136,74.58197267,22.77102053,11.70590656
43.2,21.8,0,21,7,3,4,261.5005644,81.27439465,23.25457327,10.94587078
43.2,20.8,0,21,8,3,4,280.3761185,84.44659879,23.66203832,11.54928549
43.2,22.8,0,22,5,3,4,269.7101726,73.86697807,22.933596,11.70590656
43.2,21.8,0,22,6,3,4,278.7480264,81.62193839,23.77710065,10.94587078
43.2,20.8,0,22,7,3,4,294.0854469,87.00801392,23.59871376,11.54928549
43.2,26.8,0,23,0,3,4,216.6909895,52.81818348,24.33855177,11.91676098
43.2,21.8,0,23,5,3,4,273.8877322,80.18009013,22.67495387,10.94587078
43.2,20.8,0,23,6,3,4,302.2133219,90.6704292,23.87930062,11.54928549
43.2,25.8,0,24,0,3,4,246.250943,59.23181563,24.34359683,11.35471999
43.2,20.8,0,24,5,3,4,302.8435526,89.46725123,23.16795169,11.54928549
43.2,24.8,0,25,0,3,4,272.71077,58.98621453,24.42988986,12.42415444
42,21,0,16,13,4,4,202.4663558,82.47162131,22.42193233,11.54928549
42,20,0,16,14,4,4,205.7017556,86.09136216,21.99224835,11.54928549
42,21,0,17,12,4,4,221.0494296,81.42863683,20.6772055,11.54928549
42,20,0,17,13,4,4,219.7234121,83.08685376,22.04099362,11.54928549
42,22,0,18,10,4,4,201.4690887,71.12204693,21.03603423,10.94587078
42,21,0,18,11,4,4,217.3027894,85.41423743,20.51388288,11.54928549
42,20,0,18,12,4,4,235.5373531,91.8087831,20.66974529,11.54928549
42,23,0,19,8,4,4,204.3841139,70.09644777,21.29478479,11.70590656
42,22,0,19,9,4,4,210.5348562,77.95290563,21.54586808,10.94587078
42,21,0,19,10,4,4,225.8428922,85.18839561,20.81929865,11.54928549
42,20,0,19,11,4,4,236.9758937,86.84128017,20.65502623,11.54928549
42,24,0,20,6,4,4,211.9914622,65.09088259,21.99107137,11.68737853
42,23,0,20,7,4,4,212.1211576,74.79581642,22.55736373,11.70590656
42,22,0,20,8,4,4,235.2161239,81.51028699,22.53196891,10.94587078
42,21,0,20,9,4,4,242.5526272,87.74831861,21.20934504,11.54928549
42,20,0,20,10,4,4,267.3371056,88.94917143,21.10736442,11.54928549
42,24,0,21,5,4,4,237.5170849,70.43179935,21.63562209,11.68737853
42,23,0,21,6,4,4,241.5210654,70.88124145,22.5837529,11.70590656
42,22,0,21,7,4,4,267.4835466,81.27591943,22.59192207,10.94587078
42,21,0,21,8,4,4,265.5680794,87.09622534,22.83275542,11.54928549
42,20,0,21,9,4,4,276.0752765,88.91700053,22.14886678,11.54928549
42,23,0,22,5,4,4,266.3129208,72.11272287,22.81074748,11.81101164
42,22,0,22,6,4,4,274.9154863,79.93525482,22.48783864,10.94587078
42,21,0,22,7,4,4,274.7170478,87.95592561,22.58942474,11.54928549
42,20,0,22,8,4,4,289.2786631,93.12348171,22.57851272,11.54928549
42,27,0,23,0,4,4,202.899412,58.31110153,22.35125637,11.91676098
42,22,0,23,5,4,4,262.6062893,82.40574475,22.47457948,11.26495328
42,21,0,23,6,4,4,272.2381366,88.72982364,22.67326123,11.54928549
42,20,0,23,7,4,4,280.0829577,96.6808939,22.92563849,11.54928549
42,26,0,24,0,4,4,233.8322809,65.63011964,21.48780404,11.35471999
42,21,0,24,5,4,4,277.1256357,90.45743529,22.51264165,10.94587078
42,20,0,24,6,4,4,284.4796698,100.8037525,22.74404501,11.54928549
42,25,0,25,0,4,4,257.3880387,66.85802989,20.52347467,12.36509588
42,20,0,25,5,4,4,281.6238604,101.5875559,23.02652054,11.54928549
42.2,20.8,0,18,11,4,4,201.6500049,83.64018512,20.39962945,11.54928549
42.2,20.8,0,19,10,4,4,220.6009652,82.19829838,20.12327313,11.54928549
42.2,22.8,0,20,7,4,4,201.4755052,75.98866763,22.26673575,11.70590656
42.2,21.8,0,20,8,4,4,231.6601248,80.57364584,22.25367028,10.94587078
42.2,20.8,0,20,9,4,4,230.9816001,83.98442102,20.39978332,11.54928549
42.2,23.8,0,21,5,4,4,224.8623098,69.40943556,22.35455336,11.68737853
42.2,22.8,0,21,6,4,4,237.1147905,73.71078643,21.4214831,11.70590656
42.2,21.8,0,21,7,4,4,253.3390902,80.92887252,22.75829444,10.94587078
42.2,20.8,0,21,8,4,4,264.296702,88.78468539,22.19516838,11.54928549
42.2,22.8,0,22,5,4,4,248.4195449,74.78965943,21.94171388,11.70590656
42.2,21.8,0,22,6,4,4,266.5301938,79.25569563,22.79522627,10.94587078
42.2,20.8,0,22,7,4,4,271.7139303,95.32700045,22.32103516,11.54928549
42.2,21.8,0,23,5,4,4,261.2321511,84.29827204,22.5389285,10.94587078
42.2,20.8,0,23,6,4,4,269.3850469,92.56665015,22.86705529,11.54928549
42.2,25.8,0,24,0,4,4,212.2445469,65.7446128,23.1598383,11.35471999
42.2,20.8,0,24,5,4,4,268.5592671,93.05487853,22.42930898,11.54928549
42.2,24.8,0,25,0,4,4,242.2148881,64.11411497,23.2239885,12.36509588
41,21,0,19,10,5,4,202.4179639,84.16728583,19.7141062,11.54928549
41,20,0,19,11,5,4,211.6137802,87.68040745,19.37813061,11.54928549
41,22,0,20,8,5,4,216.3772406,77.88586816,21.66750843,11.26495328
41,21,0,20,9,5,4,233.4028939,82.93902535,21.0774104,10.94587078
41,20,0,20,10,5,4,237.3297041,88.88751422,20.6828152,11.54928549
41,24,0,21,5,5,4,214.8619123,76.51829506,20.92734355,11.46030734
41,23,0,21,6,5,4,227.4841824,74.02086496,21.56767219,11.81101164
41,22,0,21,7,5,4,237.3698466,74.83871024,21.87304526,11.26495328
41,21,0,21,8,5,4,261.7979296,82.59191036,21.48620324,10.94587078
41,20,0,21,9,5,4,249.8479142,92.76346361,21.85576553,11.54928549
41,23,0,22,5,5,4,230.244213,75.29541685,21.6795092,11.81101164
41,22,0,22,6,5,4,254.621262,79.3748585,21.99859475,11.26495328
41,21,0,22,7,5,4,256.9839371,89.26616416,21.88058231,10.94587078
41,20,0,22,8,5,4,257.0405943,93.66468755,21.76697021,11.54928549
41,22,0,23,5,5,4,256.2945658,79.64937075,21.99386828,11.26495328
41,21,0,23,6,5,4,255.8402133,84.44928921,22.23857077,10.94587078
41,20,0,23,7,5,4,262.8017618,92.85113961,21.90200587,11.54928549
41,26,0,24,0,5,4,201.7762028,65.70911291,18.72537494,11.91676098
41,21,0,24,5,5,4,257.6167853,84.47613266,21.55288878,10.94587078
41,20,0,24,6,5,4,264.3495247,94.07657565,21.52810749,11.54928549
41,25,0,25,0,5,4,227.4439941,69.95059523,17.97509085,11.35471999
41,20,0,25,5,5,4,258.3793147,98.77312127,21.78968213,11.54928549
41.2,20.8,0,20,9,5,4,214.9946165,83.45717587,19.37213518,11.54928549
41.2,23.8,0,21,5,5,4,203.3498174,78.15775428,20.45640863,11.46030734
41.2,22.8,0,21,6,5,4,216.6886607,77.69359785,19.8525151,11.81101164
41.2,21.8,0,21,7,5,4,237.6691169,76.73497183,20.97282599,11.26495328
41.2,20.8,0,21,8,5,4,248.6386256,83.34345583,20.5894106,11.54928549
41.2,22.8,0,22,5,5,4,222.1379677,76.43838644,20.27502814,11.81101164
41.2,21.8,0,22,6,5,4,242.7409152,79.13078072,20.62076021,11.26495328
41.2,20.8,0,22,7,5,4,245.9242627,89.36252129,21.20550412,10.94587078
41.2,21.8,0,23,5,5,4,245.9598862,81.86481258,21.06289415,11.26495328
41.2,20.8,0,23,6,5,4,248.234585,89.01204346,21.07742602,10.94587078
41.2,20.8,0,24,5,5,4,246.5754957,85.65425962,20.66541519,10.94587078
41.2,24.8,0,25,0,5,4,218.7692797,70.17388835,19.92967684,11.35471999
40,20,0,20,10,6,4,204.2647419,87.28970144,17.65914997,11.54928549
40,21,0,21,8,6,4,216.6474773,79.43542431,19.55421478,10.94587078
40,20,0,21,9,6,4,218.9837707,91.6779204,19.52991615,11.54928549
40,22,0,22,6,6,4,207.1231378,83.77616899,18.06411113,11.70590656
40,21,0,22,7,6,4,229.5279139,82.92471899,18.48206168,10.94587078
40,20,0,22,8,6,4,220.9004812,89.43891377,19.40479028,11.54928549
40,22,0,23,5,6,4,224.6310606,84.95985209,17.50445695,11.70590656
40,21,0,23,6,6,4,224.0880089,84.90898744,17.38807431,10.94587078
40,20,0,23,7,6,4,233.4299175,89.45408288,18.12702837,11.54928549
40,21,0,24,5,6,4,233.2761453,85.93995975,17.72635286,10.94587078
40,20,0,24,6,6,4,239.1270411,88.95658484,18.18903399,11.54928549
40,20,0,25,5,6,4,234.5594494,90.57529528,17.82136593,11.54928549
40.2,20.8,0,21,8,6,4,206.5748128,80.52911534,17.93104273,10.94587078
40.2,21.8,0,22,6,6,4,211.1392859,83.49060192,17.24937075,11.26495328
40.2,20.8,0,22,7,6,4,214.9746708,83.6192384,17.51942585,10.94587078
40.2,21.8,0,23,5,6,4,208.385584,84.40587805,17.09949606,11.70590656
40.2,20.8,0,23,6,6,4,224.1000342,84.39483065,16.64274207,10.94587078
40.2,20.8,0,24,5,6,4,234.9501298,85.00492856,18.32929231,10.94587078
39,20,0,21,9,7,4,218.2234208,90.02077845,15.41176482,11.54928549
39,20,0,22,8,7,4,210.9465001,90.39853364,16.20945303,11.54928549
39,20,0,23,7,7,4,201.8786499,91.48499365,16.38430803,11.54928549
39,21,0,24,5,7,4,203.3925953,86.32338103,17.01819458,10.94587078
39,20,0,24,6,7,4,200.9412492,91.52468766,16.18369659,11.54928549
39,20,0,25,5,7,4,207.3474706,93.00305325,16.88625236,11.54928549
39.2,20.8,0,24,5,7,4,206.8419383,86.89669411,16.60176877,10.94587078
30.2,30.8,0,19,0,16,4,202.9304348,57.46550892,16.11111259,10.06172281
27.2,30.8,0,19,0,19,4,200.1608547,63.84972051,18.72700356,11.84487948
25.2,30.8,0,19,0,21,4,211.721602,66.65656903,18.66077561,11.84487948
41,21,5,15,14,0,4,200.9112066,62.83528884,28.2200403,11.54928549
41,21,5,16,13,0,4,205.2776509,59.5433481,27.06712187,11.54928549
41,20,5,16,14,0,4,207.3339515,67.55475145,27.46740226,11.54928549
41,25,5,17,8,0,4,204.5873466,43.02657854,26.54281922,11.68737853
41,24,5,17,9,0,4,220.6822879,44.23416307,26.00071039,11.70590656
41,23,5,17,10,0,4,219.8340012,49.68668034,27.16883023,10.94587078
41,22,5,17,11,0,4,221.0425107,54.61718053,26.80668057,11.54928549
41,21,5,17,12,0,4,226.3495531,55.72690645,26.23749883,11.54928549
41,20,5,17,13,0,4,226.5260881,63.43731353,26.95862821,11.54928549
41,25,5,18,7,0,4,210.5642998,40.84249056,26.14943623,11.68737853
41,24,5,18,8,0,4,221.2432626,42.18585715,26.11036902,11.70590656
41,23,5,18,9,0,4,224.1824096,45.32079283,26.84002453,10.94587078
41,22,5,18,10,0,4,222.8554972,54.80936534,27.12320426,11.54928549
41,21,5,18,11,0,4,240.8064162,55.58766057,27.31528412,11.54928549
41,20,5,18,12,0,4,248.5216561,61.83372311,28.0090897,11.54928549
41,25,5,19,6,0,4,203.6925459,38.73329044,24.99572409,11.68737853
41,24,5,19,7,0,4,231.4743474,41.07725254,26.90707058,11.70590656
41,23,5,19,8,0,4,233.7700267,43.73871922,26.69469684,10.94587078
41,22,5,19,9,0,4,228.8963254,49.673471,27.03768345,11.54928549
41,21,5,19,10,0,4,253.7433434,56.63658634,25.2549371,11.54928549
41,20,5,19,11,0,4,267.5094022,57.63744765,26.30249811,11.54928549
41,24,5,20,6,0,4,231.2111354,37.82753508,25.16620863,11.70590656
41,23,5,20,7,0,4,236.8764575,43.26778027,27.69877608,10.94587078
41,22,5,20,8,0,4,250.2134529,50.1959415,28.15873496,11.54928549
41,21,5,20,9,0,4,271.9172024,53.27342156,25.46021548,11.54928549
41,20,5,20,10,0,4,272.2403903,59.2028988,25.17300761,11.54928549
41,24,5,21,5,0,4,237.852946,37.84452737,26.33594578,11.70590656
41,23,5,21,6,0,4,248.0096363,40.9276149,24.95038363,10.94587078
41,22,5,21,7,0,4,277.283275,52.44888136,26.12342634,11.54928549
41,21,5,21,8,0,4,293.0717359,55.14348833,26.10250507,11.54928549
41,20,5,21,9,0,4,287.6673155,59.5835072,25.49630734,11.54928549
41,23,5,22,5,0,4,260.4644276,40.99551103,25.8067613,10.94587078
41,22,5,22,6,0,4,281.8625853,49.1765025,26.9713175,11.54928549
41,21,5,22,7,0,4,300.5466264,57.15968271,24.90573361,11.54928549
41,20,5,22,8,0,4,309.2426891,61.94876132,25.58764218,11.54928549
41,22,5,23,5,0,4,304.2863406,54.18491662,26.16906891,10.94587078
41,21,5,23,6,0,4,316.8167324,61.72366432,27.1024884,11.54928549
41,20,5,23,7,0,4,314.5761869,70.1911831,24.64605179,11.54928549
41,26,5,24,0,0,4,226.3639484,42.40498207,25.57470647,12.36509588
41,21,5,24,5,0,4,324.8731134,65.14848158,27.17766982,11.54928549
41,20,5,24,6,0,4,329.4817905,77.43451515,25.36922374,11.54928549
41,25,5,25,0,0,4,269.8809807,45.81196243,26.22426335,11.46030734
41,20,5,25,5,0,4,337.0418702,87.02236517,24.66938888,11.54928549
41.2,24.8,5,20,5,0,4,201.8872332,37.5476291,23.45268656,11.68737853
41.2,25.8,5,24,0,0,4,212.9507354,43.30261729,21.07820325,12.36509588
41.2,24.8,5,25,0,0,4,268.1975684,44.82097534,25.66041841,11.46030734
41.4,25.6,5,24,0,0,4,203.7988905,43.45934749,19.6133619,12.36509588
41.4,24.6,5,25,0,0,4,262.388066,42.64332656,21.55602244,11.46030734
41.6,24.4,5,25,0,0,4,246.8882324,42.73462661,18.82507777,11.68737853
40,22,5,18,10,1,4,214.0638652,53.78220943,21.87078459,11.54928549
40,21,5,18,11,1,4,202.3862858,56.95839483,23.14108376,11.54928549
40,20,5,18,12,1,4,201.4632795,68.12620493,23.72707841,11.54928549
40,23,5,19,8,1,4,217.3986905,48.04328748,22.79410377,11.26495328
40,22,5,19,9,1,4,222.1065518,53.1149206,21.30637568,11.54928549
40,21,5,19,10,1,4,212.8369748,57.86704486,20.7413162,11.54928549
40,20,5,19,11,1,4,225.3695145,67.33885646,22.63462087,11.54928549
40,23,5,20,7,1,4,224.2717707,43.78278412,22.67857824,11.26495328
40,22,5,20,8,1,4,227.9273789,50.27170729,23.19198118,10.94587078
40,21,5,20,9,1,4,235.8283126,58.55629483,20.6660534,11.54928549
40,20,5,20,10,1,4,243.6206506,65.4400122,21.46263624,11.54928549
40,23,5,21,6,1,4,230.691906,41.15779587,23.61716494,11.26495328
40,22,5,21,7,1,4,246.0188967,48.17652592,23.75756707,10.94587078
40,21,5,21,8,1,4,262.3696277,55.64990986,21.32743992,11.54928549
40,20,5,21,9,1,4,266.0475671,65.95645707,20.6845669,11.54928549
40,23,5,22,5,1,4,240.2165864,41.17091394,24.45245758,11.26495328
40,22,5,22,6,1,4,264.2241014,47.77411051,24.32573282,10.94587078
40,21,5,22,7,1,4,280.1313641,51.27637679,22.46920642,11.54928549
40,20,5,22,8,1,4,288.3516226,66.99722448,21.41252117,11.54928549
40,22,5,23,5,1,4,278.801726,48.89715199,25.51488117,10.94587078
40,21,5,23,6,1,4,295.8174432,58.8124692,23.33397607,11.54928549
40,20,5,23,7,1,4,313.8321691,72.20158338,22.26922289,11.54928549
40,26,5,24,0,1,4,216.46129,41.99415577,24.5313859,11.35471999
40,21,5,24,5,1,4,317.9228696,65.55093285,23.96673661,11.54928549
40,20,5,24,6,1,4,323.2926007,78.74639849,23.20617008,11.54928549
40,25,5,25,0,1,4,250.8242098,44.77964091,24.80698227,12.42415444
40,20,5,25,5,1,4,324.4658206,86.1407835,23.43776457,11.54928549
40.2,25.8,5,24,0,1,4,207.8271865,42.14989791,22.5473832,11.35471999
40.2,24.8,5,25,0,1,4,247.3586256,45.86596462,24.8943692,12.42415444
40.4,24.6,5,25,0,1,4,233.9479476,45.72491646,22.5280715,11.46030734
40.6,24.4,5,25,0,1,4,227.4270513,46.58889296,19.61906139,11.46030734
39,22,5,18,10,2,4,200.6306217,53.798501,20.62389177,10.94587078
39,22,5,19,9,2,4,210.9732463,52.94231802,19.71628012,10.94587078
39,21,5,19,10,2,4,204.9606669,64.82635375,19.62015627,11.54928549
39,22,5,20,8,2,4,213.5523196,51.37693532,20.01721179,10.94587078
39,21,5,20,9,2,4,210.7778503,58.22733117,19.28258201,11.54928549
39,20,5,20,10,2,4,219.8485445,67.96541941,20.17185436,11.54928549
39,23,5,21,6,2,4,204.3358446,45.05206464,23.96327564,11.70590656
39,22,5,21,7,2,4,228.6403569,49.3024696,22.1877091,10.94587078
39,21,5,21,8,2,4,239.9644637,59.85848852,20.44370633,11.54928549
39,20,5,21,9,2,4,243.510941,62.46008688,20.34411469,11.54928549
39,23,5,22,5,2,4,212.1461795,43.32686687,23.66202371,11.70590656
39,22,5,22,6,2,4,237.0973049,52.63470181,23.59029628,10.94587078
39,21,5,22,7,2,4,270.967764,62.62007528,22.24200447,11.54928549
39,20,5,22,8,2,4,270.2315973,66.0610463,21.27768985,11.54928549
39,22,5,23,5,2,4,252.75862,50.10879966,24.26457444,10.94587078
39,21,5,23,6,2,4,279.4633977,69.57436694,22.3083358,11.54928549
39,20,5,23,7,2,4,295.0479798,72.64094671,21.98931567,11.54928549
39,26,5,24,0,2,4,209.8604522,41.73611943,23.56802827,11.35471999
39,21,5,24,5,2,4,285.5275708,75.9968722,22.48270778,11.54928549
39,20,5,24,6,2,4,311.1662931,78.24687651,22.25028401,11.54928549
39,25,5,25,0,2,4,235.283082,43.35376359,22.8235581,12.42415444
39,20,5,25,5,2,4,309.7449132,92.03925176,22.04664102,11.54928549
39.2,25.8,5,24,0,2,4,201.1633883,41.7720097,23.91218199,11.35471999
39.2,24.8,5,25,0,2,4,222.082851,45.59358412,24.41661022,12.42415444
39.4,24.6,5,25,0,2,4,209.6098884,45.63525233,23.04631141,12.42415444
38,21,5,20,9,3,4,210.0553969,67.57342168,18.43743329,11.54928549
38,20,5,20,10,3,4,208.0201871,71.35293887,19.29130361,11.54928549
38,21,5,21,8,3,4,217.0110678,64.56007607,18.40132112,11.54928549
38,20,5,21,9,3,4,232.5955223,75.58758636,18.96685073,11.54928549
38,22,5,22,6,3,4,201.2185838,52.74699164,21.71620678,10.94587078
38,21,5,22,7,3,4,237.0072893,67.69482494,20.39257619,11.54928549
38,20,5,22,8,3,4,259.6670772,73.54190732,20.50400465,11.54928549
38,22,5,23,5,3,4,226.5810277,54.3256476,21.51931849,10.94587078
38,21,5,23,6,3,4,257.6037264,73.98963413,20.65638227,11.54928549
38,20,5,23,7,3,4,291.9590057,84.34381244,22.07256871,11.54928549
38,26,5,24,0,3,4,206.8567112,41.66529202,20.78884557,11.35471999
38,21,5,24,5,3,4,250.3341692,76.32174798,21.06189501,11.54928549
38,20,5,24,6,3,4,285.8103225,86.02173483,21.34168972,11.54928549
38,25,5,25,0,3,4,219.6924931,44.69885766,20.20797082,12.36509588
38,20,5,25,5,3,4,291.6837891,90.17400167,21.31183518,11.54928549
38.2,24.8,5,25,0,3,4,214.9674407,44.27556684,21.25863376,12.36509588
38.4,24.6,5,25,0,3,4,203.9481609,46.43719536,20.25785607,12.36509588
37,21,5,22,7,4,4,200.081365,73.02379607,19.06807241,10.94587078
37,20,5,22,8,4,4,216.3668703,84.68106629,19.27918998,11.54928549
37,21,5,23,6,4,4,222.1392965,69.3173866,19.47754287,10.94587078
37,20,5,23,7,4,4,246.7653963,84.44411133,20.58502265,11.54928549
37,21,5,24,5,4,4,220.8350342,70.46682637,18.04426224,10.94587078
37,20,5,24,6,4,4,234.7426296,84.86747985,20.7081281,11.54928549
37,25,5,25,0,4,4,203.2615692,46.07603443,17.96037748,11.35471999
37,20,5,25,5,4,4,241.8264413,82.7921383,18.83085396,11.54928549
36,20,5,23,7,5,4,202.759199,89.16087662,15.86019992,11.54928549
36,20,5,24,6,5,4,207.1485831,89.16539948,16.01870641,11.54928549
36,20,5,25,5,5,4,218.2961605,84.10559295,16.61680765,11.54928549
40,21,6,17,12,0,4,204.2829738,60.74483519,23.88487618,11.54928549
40,20,6,17,13,0,4,203.9795221,63.56837717,24.19961773,11.54928549
40,24,6,18,8,0,4,207.0911987,40.23422312,24.71850961,11.70590656
40,23,6,18,9,0,4,208.0518883,43.01025568,24.347389,10.94587078
40,22,6,18,10,0,4,216.6646596,51.99269973,25.52231465,11.54928549
40,21,6,18,11,0,4,212.8484842,56.71559607,24.83160964,11.54928549
40,20,6,18,12,0,4,225.4622931,64.94276674,24.04406972,11.54928549
40,24,6,19,7,0,4,208.7027209,41.39097468,23.31645651,11.70590656
40,23,6,19,8,0,4,221.8530238,44.57453605,24.55687461,10.94587078
40,22,6,19,9,0,4,221.446229,50.4480311,24.8311984,11.54928549
40,21,6,19,10,0,4,229.0027885,57.12325036,23.78430455,11.54928549
40,20,6,19,11,0,4,248.8404502,57.84862773,24.6613921,11.54928549
40,24,6,20,6,0,4,219.4572912,42.16462597,23.62236044,11.70590656
40,23,6,20,7,0,4,228.0689954,41.13327658,23.31192605,10.94587078
40,22,6,20,8,0,4,237.085646,49.03025382,24.24316895,11.54928549
40,21,6,20,9,0,4,247.5799826,55.0637944,24.37085555,11.54928549
40,20,6,20,10,0,4,265.9161929,57.27636512,23.2174064,11.54928549
40,24,6,21,5,0,4,221.7538604,41.09023228,24.11529985,11.81101164
40,23,6,21,6,0,4,226.021813,43.48732566,23.14924708,10.94587078
40,22,6,21,7,0,4,248.4548223,49.96355505,23.86594099,11.54928549
40,21,6,21,8,0,4,268.8502251,53.35275713,24.1154244,11.54928549
40,20,6,21,9,0,4,272.6076918,56.65618132,23.70402094,11.54928549
40,23,6,22,5,0,4,227.980471,41.1961033,24.4632073,11.26495328
40,22,6,22,6,0,4,265.6034736,46.40741254,24.55938739,11.54928549
40,21,6,22,7,0,4,285.7720841,53.96633408,24.67389407,11.54928549
40,20,6,22,8,0,4,285.9223164,60.48827521,22.7320861,11.54928549
40,22,6,23,5,0,4,267.7876463,48.86116514,25.08066713,10.94587078
40,21,6,23,6,0,4,288.4023877,51.9968117,25.29655266,11.54928549
40,20,6,23,7,0,4,305.1509993,66.78008449,23.16535824,11.54928549
40,26,6,24,0,0,4,207.3945889,42.16140168,21.80165974,12.36509588
40,21,6,24,5,0,4,308.7612641,62.35971225,25.90719132,11.54928549
40,20,6,24,6,0,4,308.4159773,74.84409414,24.01970491,11.54928549
40,25,6,25,0,0,4,249.5571862,43.21404966,25.57810754,11.46030734
40,20,6,25,5,0,4,314.1869077,85.50715659,24.32225158,11.54928549
40.2,25.8,6,24,0,0,4,201.128507,42.65836271,20.33352368,12.36509588
40.2,24.8,6,25,0,0,4,246.2961689,43.1152254,22.74432272,11.46030734
40.4,24.6,6,25,0,0,4,240.5225274,43.14108331,19.92860034,11.46030734
39,23,6,18,9,1,4,205.5732089,47.89595624,21.85453578,11.26495328
39,22,6,18,10,1,4,204.1551858,50.97687721,22.55217397,11.54928549
39,23,6,19,8,1,4,205.7337979,48.12228746,21.49281331,11.26495328
39,22,6,19,9,1,4,216.5684901,51.40237926,21.94284132,10.94587078
39,21,6,19,10,1,4,201.0195514,54.25110987,21.00565065,11.54928549
39,20,6,19,11,1,4,200.079741,69.5987638,20.50598397,11.54928549
39,23,6,20,7,1,4,213.8429108,44.34286526,21.83798528,11.26495328
39,22,6,20,8,1,4,223.456675,49.20320223,22.15908002,10.94587078
39,21,6,20,9,1,4,209.5841784,57.01122229,20.28557843,11.54928549
39,20,6,20,10,1,4,228.8541983,63.988808,19.99722622,11.54928549
39,23,6,21,6,1,4,221.2105022,41.41755637,22.91704918,11.26495328
39,22,6,21,7,1,4,226.3234833,52.58003119,22.89087021,10.94587078
39,21,6,21,8,1,4,246.3577352,52.30095615,20.27510641,11.54928549
39,20,6,21,9,1,4,258.0187642,59.03578554,19.91877061,11.54928549
39,23,6,22,5,1,4,219.1031175,40.82143901,23.483157,11.26495328
39,22,6,22,6,1,4,236.6613312,48.14978231,24.09158462,10.94587078
39,21,6,22,7,1,4,257.8527215,55.97701674,22.38360265,11.54928549
39,20,6,22,8,1,4,283.1078656,61.12209352,20.72910574,11.54928549
39,22,6,23,5,1,4,264.1132738,46.13572381,24.29751031,10.94587078
39,21,6,23,6,1,4,279.3723327,59.90619841,24.30602818,11.54928549
39,20,6,23,7,1,4,306.8547018,68.31717454,22.9151461,11.54928549
39,26,6,24,0,1,4,204.6058393,41.92426132,23.41245781,11.35471999
39,21,6,24,5,1,4,306.9420651,64.5735165,25.09872071,11.54928549
39,20,6,24,6,1,4,313.5651703,77.41524056,23.10229989,11.54928549
39,25,6,25,0,1,4,242.3991906,41.87676724,24.21513766,12.42415444
39,20,6,25,5,1,4,319.1046222,82.20364508,23.37474304,11.54928549
39.2,24.8,6,25,0,1,4,220.5945696,41.89231343,24.67079901,12.42415444
39.4,24.6,6,25,0,1,4,213.2863006,42.15282049,21.00676428,11.46030734
38,22,6,19,9,2,4,202.9954196,58.26053456,20.92731342,10.94587078
38,22,6,20,8,2,4,206.296433,56.94863076,21.07312308,10.94587078
38,21,6,20,9,2,4,214.3977371,61.9100128,20.03807551,11.54928549
38,20,6,20,10,2,4,202.1438162,69.90377344,20.55644399,11.54928549
38,22,6,21,7,2,4,207.4346795,52.485781,21.5511453,10.94587078
38,21,6,21,8,2,4,214.7125362,61.60303808,19.88836662,11.54928549
38,20,6,21,9,2,4,234.0321847,72.47466186,19.17099847,11.54928549
38,23,6,22,5,2,4,206.9959443,40.43951447,22.77935016,11.70590656
38,22,6,22,6,2,4,212.4434686,48.26498901,23.46151386,10.94587078
38,21,6,22,7,2,4,246.2470266,61.7079299,21.46288328,11.54928549
38,20,6,22,8,2,4,258.7418866,73.24716721,19.25043408,11.54928549
38,22,6,23,5,2,4,225.9115218,48.53919204,23.7355757,10.94587078
38,21,6,23,6,2,4,257.6973134,67.06683773,22.95154659,11.54928549
38,20,6,23,7,2,4,273.7274547,75.35428731,21.49723712,11.54928549
38,26,6,24,0,2,4,203.0555662,41.91168356,22.79886855,11.35471999
38,21,6,24,5,2,4,281.4728431,65.55623166,23.00287741,11.54928549
38,20,6,24,6,2,4,299.5395887,76.31681218,21.36257298,11.54928549
38,25,6,25,0,2,4,241.9159787,41.62901846,22.82131012,12.36509588
38,20,6,25,5,2,4,305.3313093,81.72756686,22.58082626,11.54928549
38.2,24.8,6,25,0,2,4,218.6246527,41.95878372,23.86223466,12.42415444
37,22,6,23,5,3,4,209.1689115,51.63794559,21.68693245,10.94587078
37,25,6,25,0,3,4,227.1056561,42.8640421,19.21164347,12.36509588
37.2,24.8,6,25,0,3,4,208.8869262,42.7908182,20.29340085,12.36509588
36,25,6,25,0,4,4,204.7382361,42.34612573,18.09582009,11.35471999
39,23,7,19,8,0,4,203.3783336,43.5341226,21.79787066,10.94587078
39,22,7,19,9,0,4,211.290129,47.03716967,22.52794691,11.54928549
39,21,7,19,10,0,4,212.062328,52.47968638,24.87478651,11.54928549
39,20,7,19,11,0,4,225.2766412,60.87468586,23.15862444,11.54928549
39,24,7,20,6,0,4,202.6098656,42.71295573,22.15579589,11.70590656
39,23,7,20,7,0,4,209.9351575,43.55105012,22.23856907,10.94587078
39,22,7,20,8,0,4,213.2377881,48.9755989,22.63219613,11.54928549
39,21,7,20,9,0,4,227.1635993,51.89172097,22.79320035,11.54928549
39,20,7,20,10,0,4,255.9868164,55.21576149,22.88542673,11.54928549
39,24,7,21,5,0,4,221.8253245,41.51481262,23.79174016,11.81101164
39,23,7,21,6,0,4,220.143964,44.13975256,22.86683491,10.94587078
39,22,7,21,7,0,4,219.6090917,48.9687875,22.75749979,11.54928549
39,21,7,21,8,0,4,247.0582167,57.16409918,23.16807146,11.54928549
39,20,7,21,9,0,4,264.9453295,56.70807327,20.88209727,11.54928549
39,23,7,22,5,0,4,231.4432445,42.57288857,23.39780453,11.26495328
39,22,7,22,6,0,4,253.5400554,50.25585355,23.89301307,10.94587078
39,21,7,22,7,0,4,264.3704743,54.70280875,23.59640801,11.54928549
39,20,7,22,8,0,4,274.2888933,60.94715383,21.24620735,11.54928549
39,22,7,23,5,0,4,263.9056274,47.13116096,23.91231467,10.94587078
39,21,7,23,6,0,4,274.0618175,51.19689203,24.25904569,11.54928549
39,20,7,23,7,0,4,281.4714286,64.72301959,23.63156616,11.54928549
39,21,7,24,5,0,4,289.7707756,50.47675631,24.3100198,11.54928549
39,20,7,24,6,0,4,300.0968025,69.66388394,24.72754124,11.54928549
39,25,7,25,0,0,4,233.8237137,41.4222479,23.25837192,11.46030734
39,20,7,25,5,0,4,321.6130323,73.89478533,25.2486651,11.54928549
39.2,24.8,7,25,0,0,4,223.2823319,40.83663396,20.88408948,11.46030734
38,22,7,19,9,1,4,203.4063653,55.25483939,21.70548585,10.94587078
38,22,7,20,8,1,4,202.3744641,50.400467,21.44023389,10.94587078
38,21,7,20,9,1,4,201.3838892,61.9536251,20.98974561,11.54928549
38,20,7,20,10,1,4,205.5285115,67.4035844,19.95233249,11.54928549
38,23,7,21,6,1,4,212.8440916,43.03103713,21.76157796,11.26495328
38,22,7,21,7,1,4,214.977857,46.96268636,21.639639,10.94587078
38,21,7,21,8,1,4,212.7399997,58.26049132,21.13082353,11.54928549
38,20,7,21,9,1,4,235.455735,65.4563762,19.77235879,11.54928549
38,23,7,22,5,1,4,207.2423878,40.84480889,23.28960091,11.26495328
38,22,7,22,6,1,4,213.5784918,44.09761263,23.63667109,10.94587078
38,21,7,22,7,1,4,235.3413898,54.85517039,22.72292691,11.54928549
38,20,7,22,8,1,4,252.5747824,65.13243962,20.23175353,11.54928549
38,22,7,23,5,1,4,249.6901106,44.66743651,23.64366556,10.94587078
38,21,7,23,6,1,4,267.3523667,53.64878737,24.32610976,11.54928549
38,20,7,23,7,1,4,274.6508927,65.75157075,22.22007097,11.54928549
38,21,7,24,5,1,4,286.2447418,56.48945695,24.1508266,11.54928549
38,20,7,24,6,1,4,305.660945,67.97393973,22.97574385,11.54928549
38,25,7,25,0,1,4,228.1548873,40.70481202,23.43496362,12.42415444
38,20,7,25,5,1,4,307.1058345,71.2338589,23.3465982,11.54928549
38.2,24.8,7,25,0,1,4,218.5296912,40.51974391,22.5000643,12.42415444
37,20,7,21,9,2,4,203.1655259,73.25867498,18.4209381,11.54928549
37,25,7,25,0,2,4,214.2858442,39.95525439,22.79994909,12.36509588
37.2,24.8,7,25,0,2,4,204.4510586,40.84164547,21.90345046,12.42415444
38,20,8,18,12,0,4,201.1018838,62.0436779,22.71952407,11.54928549
38,20,8,19,11,0,4,208.0258622,64.77050601,23.14316209,11.54928549
38,23,8,20,7,0,4,202.4717729,42.48181425,21.7438846,10.94587078
38,22,8,20,8,0,4,205.4761086,49.46280389,21.42604414,11.54928549
38,21,8,20,9,0,4,210.1706283,53.75461002,22.37388428,11.54928549
38,20,8,20,10,0,4,221.9008471,60.36256609,21.75014586,11.54928549
38,24,8,21,5,0,4,205.277213,41.82249003,23.02219062,11.81101164
38,23,8,21,6,0,4,211.2654719,41.91017161,21.98049339,11.26495328
38,22,8,21,7,0,4,209.5486079,48.74820642,21.36436832,11.54928549
38,21,8,21,8,0,4,212.1344819,49.80442488,21.85789187,11.54928549
38,20,8,21,9,0,4,248.3876933,62.72766944,21.74728799,11.54928549
38,23,8,22,5,0,4,222.1864052,43.89497749,23.3777288,11.26495328
38,22,8,22,6,0,4,230.4118451,47.22794515,22.10160053,10.94587078
38,21,8,22,7,0,4,258.5768202,50.1724063,22.51805721,11.54928549
38,20,8,22,8,0,4,256.7031267,61.74528577,22.13494498,11.54928549
38,22,8,23,5,0,4,250.4490823,43.32083112,23.25726365,10.94587078
38,21,8,23,6,0,4,270.2914556,49.51988159,23.96418561,11.54928549
38,20,8,23,7,0,4,269.0186059,56.60475237,22.9824871,11.54928549
38,21,8,24,5,0,4,282.8812095,47.82648551,23.60774516,11.54928549
38,20,8,24,6,0,4,288.7137741,53.31063249,24.83148094,11.54928549
38,25,8,25,0,0,4,215.3505842,41.47435407,21.91185958,11.46030734
38,20,8,25,5,0,4,315.8097168,59.20964162,24.97038205,11.54928549
37,22,8,21,7,1,4,201.8213805,45.12931068,20.68480746,10.94587078
37,23,8,22,5,1,4,201.6204653,41.30415112,22.54494076,11.26495328
37,22,8,22,6,1,4,212.1746936,45.49699671,22.68089276,10.94587078
37,21,8,22,7,1,4,212.4072998,50.96458144,21.61161991,11.54928549
37,20,8,22,8,1,4,237.6165566,60.82182077,19.96973291,11.54928549
37,22,8,23,5,1,4,223.2873005,41.39426182,23.39682148,10.94587078
37,21,8,23,6,1,4,249.4362379,46.52601239,23.29762668,11.54928549
37,20,8,23,7,1,4,257.9875262,59.43381704,22.43686885,11.54928549
37,21,8,24,5,1,4,268.4977777,48.9231992,23.44358674,11.54928549
37,20,8,24,6,1,4,276.6495845,56.80064232,23.78917721,11.54928549
37,25,8,25,0,1,4,206.3607373,40.2671928,22.21570118,12.42415444
37,20,8,25,5,1,4,305.7177354,62.78579435,23.29951393,11.54928549
37,20,9,20,10,0,4,200.2801062,57.93789552,21.39853819,11.54928549
37,24,9,21,5,0,4,200.1418606,42.57469146,21.98487248,11.81101164
37,23,9,21,6,0,4,202.6870461,42.75949173,21.25679978,11.26495328
37,22,9,21,7,0,4,201.5536559,45.22055189,20.51244768,11.54928549
37,21,9,21,8,0,4,207.3580999,49.76723994,21.49204103,11.54928549
37,20,9,21,9,0,4,230.5165246,54.95611628,21.88633017,11.54928549
37,23,9,22,5,0,4,212.6028827,42.10588836,22.96749821,11.26495328
37,22,9,22,6,0,4,210.3744545,45.5135677,21.26735829,10.94587078
37,21,9,22,7,0,4,226.145839,50.26104795,20.74387224,11.54928549
37,20,9,22,8,0,4,244.6003757,54.79985392,21.47002293,11.54928549
37,22,9,23,5,0,4,229.8950028,44.73951446,23.14486366,10.94587078
37,21,9,23,6,0,4,260.99459,48.41483747,22.93268927,11.54928549
37,20,9,23,7,0,4,257.3317141,53.13045507,21.92006179,11.54928549
37,21,9,24,5,0,4,274.2593437,46.33964652,23.83352968,11.54928549
37,20,9,24,6,0,4,270.6662254,54.28879755,23.76390159,11.54928549
37,25,9,25,0,0,4,207.0867618,41.43952384,20.71839644,12.42415444
37,20,9,25,5,0,4,298.5073156,56.15005386,23.68889883,11.54928549
36,22,9,22,6,1,4,203.6060589,43.77318841,21.29054248,10.94587078
36,21,9,22,7,1,4,207.3769475,49.05230951,20.78343938,11.54928549
36,20,9,22,8,1,4,211.3260761,59.08554618,20.28076535,11.54928549
36,22,9,23,5,1,4,214.2241616,43.14302448,21.93202428,10.94587078
36,21,9,23,6,1,4,224.6346138,47.47593981,21.91731415,11.54928549
36,20,9,23,7,1,4,242.5349002,56.062212,21.57692224,11.54928549
36,25,9,25,0,1,4,205.6112635,40.99358229,20.99155896,12.42415444
36,20,10,21,9,0,4,207.379596,51.28443876,21.73517403,11.54928549
36,23,10,22,5,0,4,206.5818919,40.86908628,23.11787583,11.26495328
36,22,10,22,6,0,4,200.1106536,42.97223286,21.00320032,10.94587078
36,21,10,22,7,0,4,210.2668461,46.62702233,20.39145895,11.54928549
36,20,10,22,8,0,4,231.7518435,52.06539411,20.70413094,11.54928549
36,22,10,23,5,0,4,221.6919135,42.65924579,22.87022,10.94587078
36,21,10,23,6,0,4,246.4142115,47.62377166,22.38309978,11.54928549
36,20,10,23,7,0,4,247.4125564,51.56372323,21.47564638,11.54928549
36,21,10,24,5,0,4,266.0202038,46.7440569,23.11234736,11.54928549
36,20,10,24,6,0,4,263.0859088,49.74622506,23.1429396,11.54928549
36,25,10,25,0,0,4,205.6558638,40.86995325,19.73696567,12.42415444
36,20,10,25,5,0,4,290.7236939,48.75487015,23.61845392,11.54928549
35,21,11,22,7,0,4,201.0932515,42.97540245,19.9618801,11.54928549
35,20,11,22,8,0,4,211.8843403,48.51419539,20.75723636,11.54928549
35,22,11,23,5,0,4,210.9605081,39.15740257,22.07423528,10.94587078
35,21,11,23,6,0,4,219.6312717,44.36931474,21.08186705,11.54928549
35,20,11,23,7,0,4,237.2916483,46.34660251,21.15848802,11.54928549
35,21,11,24,5,0,4,252.284535,44.48907024,21.75342027,11.54928549
35,20,11,24,6,0,4,256.7674464,46.06521362,22.18569962,11.54928549
35,20,11,25,5,0,4,267.0206528,46.80709441,22.32142816,11.54928549
34,20,12,23,7,0,4,205.6873641,47.24118576,20.11123309,11.54928549
34,21,12,24,5,0,4,220.3494332,42.52514947,20.79076281,11.54928549
34,20,12,24,6,0,4,236.4762885,45.70047795,20.74911855,11.54928549
34,20,12,25,5,0,4,254.0539308,45.74333444,20.55624084,11.54928549
45,26,0,0,24,0,5,200.6730973,69.67034952,24.52466066,11.81101164
45,20,0,5,25,0,5,205.3589847,99.19675177,28.38257284,11.54928549
45,25,0,10,15,0,5,200.8180731,52.50889402,30.28820029,11.81101164
45,20,0,10,20,0,5,226.6895621,87.33254702,31.38272119,11.54928549
45,27,0,11,12,0,5,204.0434231,48.76102155,29.3256886,12.36509588
45,26,0,11,13,0,5,208.3850011,48.84407906,29.34902449,11.46030734
45,25,0,11,14,0,5,201.2104601,50.58652167,30.7275824,11.81101164
45,20,0,11,19,0,5,214.2917859,86.50748449,31.299717,11.54928549
45,27,0,12,11,0,5,208.8617867,47.66981882,27.60318304,12.36509588
45,26,0,12,12,0,5,217.6869057,48.15400847,29.61616923,11.46030734
45,25,0,12,13,0,5,222.8786904,48.56202331,29.20182411,11.81101164
45,24,0,12,14,0,5,216.3779342,61.42420481,30.27809707,11.26495328
45,23,0,12,15,0,5,233.431976,66.91107172,31.41362789,10.94587078
45,22,0,12,16,0,5,234.6700526,74.96133032,30.9966535,11.54928549
45,21,0,12,17,0,5,246.1265054,81.94108572,31.07165867,11.54928549
45,20,0,12,18,0,5,243.3539698,84.49442759,31.48239978,11.54928549
45,27,0,13,10,0,5,205.1474795,44.41492367,27.45057479,12.36509588
45,26,0,13,11,0,5,229.9007081,47.05679992,29.20416394,11.46030734
45,25,0,13,12,0,5,237.1012744,50.07421067,28.24987493,11.81101164
45,24,0,13,13,0,5,242.7700242,60.41004218,29.88185961,11.26495328
45,23,0,13,14,0,5,242.6084081,62.49181612,30.20127675,10.94587078
45,22,0,13,15,0,5,255.504455,69.76530563,30.84102222,11.54928549
45,21,0,13,16,0,5,258.1188897,78.55774169,31.45263486,11.54928549
45,20,0,13,17,0,5,255.7009571,85.16575368,31.12414507,11.54928549
45,28,0,14,8,0,5,201.4847525,48.73957467,26.30561628,11.91676098
45,27,0,14,9,0,5,215.6799138,43.85632509,26.57091739,11.35471999
45,26,0,14,10,0,5,234.9381847,46.87060529,28.35057834,11.46030734
45,25,0,14,11,0,5,247.4425812,47.15662888,29.49427052,11.81101164
45,24,0,14,12,0,5,254.87143,60.09402102,28.7057485,11.26495328
45,23,0,14,13,0,5,264.4455438,63.3815931,30.12746639,10.94587078
45,22,0,14,14,0,5,270.4898548,64.96383057,30.18850096,11.54928549
45,21,0,14,15,0,5,272.0432358,77.66803615,30.33056179,11.54928549
45,20,0,14,16,0,5,282.8236876,79.74822437,30.84442197,11.54928549
45,28,0,15,7,0,5,207.8334635,47.50184009,27.02538788,11.91676098
45,27,0,15,8,0,5,221.6551976,44.85509731,26.8843955,11.35471999
45,26,0,15,9,0,5,240.8074876,42.05442987,27.79464826,12.42415444
45,25,0,15,10,0,5,276.9042158,45.10180135,28.17781941,11.81101164
45,24,0,15,11,0,5,269.2116309,60.14521792,27.99824211,11.26495328
45,23,0,15,12,0,5,264.4463742,63.18593833,28.74806207,10.94587078
45,22,0,15,13,0,5,270.5739978,66.7640507,29.9626461,11.54928549
45,21,0,15,14,0,5,279.36363,70.38427578,30.54054567,11.54928549
45,20,0,15,15,0,5,314.6948482,79.03791943,30.30834792,11.54928549
45,28,0,16,6,0,5,205.9814865,45.89055335,27.89963559,11.91676098
45,27,0,16,7,0,5,230.6877983,45.16950527,27.6514353,11.35471999
45,26,0,16,8,0,5,260.6444137,44.99656985,28.58346291,12.42415444
45,25,0,16,9,0,5,273.1721648,43.01002305,28.11222723,11.68737853
45,24,0,16,10,0,5,284.8693084,57.9525944,27.54160919,11.26495328
45,23,0,16,11,0,5,284.8798916,62.93313792,27.37346473,10.94587078
45,22,0,16,12,0,5,288.0623695,64.45540243,29.16163757,11.54928549
45,21,0,16,13,0,5,309.2900144,66.91511577,28.95500199,11.54928549
45,20,0,16,14,0,5,315.9486162,75.35922065,30.53817078,11.54928549
45,28,0,17,5,0,5,217.3343029,44.746115,27.93760496,11.91676098
45,27,0,17,6,0,5,244.4439303,46.24261166,27.31916845,11.35471999
45,26,0,17,7,0,5,254.6889229,42.85401005,27.73990521,12.42415444
45,25,0,17,8,0,5,295.8353001,43.89537191,29.36506667,11.68737853
45,24,0,17,9,0,5,308.2724026,53.07415411,28.17394145,11.70590656
45,23,0,17,10,0,5,309.6528668,58.94956408,27.10185666,10.94587078
45,22,0,17,11,0,5,319.2106016,62.69801806,28.12368039,11.54928549
45,21,0,17,12,0,5,329.3889892,69.26174356,28.2305008,11.54928549
45,20,0,17,13,0,5,344.4905731,73.73891255,28.93760307,11.54928549
45,27,0,18,5,0,5,251.8416899,45.9272626,25.53247854,11.35471999
45,26,0,18,6,0,5,262.9045349,43.8389782,27.46161803,12.42415444
45,25,0,18,7,0,5,302.1798452,44.27555067,28.7585113,11.68737853
45,24,0,18,8,0,5,306.8456102,51.90681719,28.40403014,11.70590656
45,23,0,18,9,0,5,319.2790162,60.71933069,27.56225001,10.94587078
45,22,0,18,10,0,5,329.4005054,63.11177379,28.08014063,11.54928549
45,21,0,18,11,0,5,344.7878439,67.63118051,27.56418329,11.54928549
45,20,0,18,12,0,5,351.2885201,71.12552956,27.91544662,11.54928549
45,26,0,19,5,0,5,266.4979802,43.46512818,26.12632756,12.42415444
45,25,0,19,6,0,5,306.1174314,45.82377963,26.91922023,11.68737853
45,24,0,19,7,0,5,320.9902242,53.81976089,28.64500228,11.70590656
45,23,0,19,8,0,5,332.5438048,60.81279865,27.03379239,10.94587078
45,22,0,19,9,0,5,353.4351714,62.35403037,28.01855015,11.54928549
45,21,0,19,10,0,5,363.3984431,70.57556267,28.29510086,11.54928549
45,20,0,19,11,0,5,369.8675182,74.63028446,27.86267359,11.54928549
45,30,0,20,0,0,5,208.4049395,44.63666295,21.42070733,11.49467614
45,25,0,20,5,0,5,323.6878627,48.12503128,26.90376793,11.68737853
45,24,0,20,6,0,5,344.6728488,52.44241743,27.55533129,11.70590656
45,23,0,20,7,0,5,349.7481579,64.37357369,25.87299495,10.94587078
45,22,0,20,8,0,5,368.0602426,66.46948873,26.95102865,11.54928549
45,21,0,20,9,0,5,374.5839354,74.20327249,27.3931516,11.54928549
45,20,0,20,10,0,5,381.4386017,84.33403491,28.24271397,11.54928549
45,29,0,21,0,0,5,226.1737858,44.94520649,23.52666835,11.6088616
45,24,0,21,5,0,5,361.8501387,53.23633438,28.46939744,11.70590656
45,23,0,21,6,0,5,366.4771722,65.31806331,25.31093907,10.94587078
45,22,0,21,7,0,5,382.4348197,74.19837989,25.1753615,11.54928549
45,21,0,21,8,0,5,378.4258597,79.53054841,27.29222862,11.54928549
45,20,0,21,9,0,5,377.3911308,90.23254745,27.29373683,11.54928549
45,28,0,22,0,0,5,297.2470108,46.1493314,27.13271043,11.91676098
45,23,0,22,5,0,5,378.034919,72.80989929,26.59601293,10.94587078
45,22,0,22,6,0,5,393.0972902,78.99548394,25.96917469,11.54928549
45,21,0,22,7,0,5,391.5407045,78.81992273,25.82649541,11.54928549
45,20,0,22,8,0,5,384.2673269,94.97263783,26.46455375,11.54928549
45,27,0,23,0,0,5,302.7888834,45.51390493,26.33779546,11.35471999
45,22,0,23,5,0,5,403.0814419,85.62792954,26.07043816,11.54928549
45,21,0,23,6,0,5,401.9177602,91.4949859,26.62926244,11.54928549
45,20,0,23,7,0,5,394.3885551,98.29616068,26.80427269,11.54928549
45,26,0,24,0,0,5,325.0165789,52.3351387,24.73373097,12.36509588
45,21,0,24,5,0,5,421.8583435,94.81919919,26.60254218,11.54928549
45,20,0,24,6,0,5,419.9506566,100.8739937,26.72615416,11.54928549
45,25,0,25,0,0,5,348.2770175,62.36846051,25.29128132,11.46030734
45,20,0,25,5,0,5,429.7292939,105.0903623,26.41326746,11.54928549
45.2,20.8,0,12,17,0,5,218.1979124,80.79849819,31.74399108,11.54928549
45.2,23.8,0,13,13,0,5,201.8673493,60.34603882,30.56752946,11.26495328
45.2,22.8,0,13,14,0,5,209.5267291,64.26709661,30.19362917,10.94587078
45.2,21.8,0,13,15,0,5,220.1028517,68.62552987,30.88268446,11.54928549
45.2,20.8,0,13,16,0,5,232.2851896,80.63485613,31.04875226,11.54928549
45.2,24.8,0,14,11,0,5,220.4103744,47.98730412,29.27667526,11.81101164
45.2,23.8,0,14,12,0,5,223.0282764,60.07120584,29.75452179,11.26495328
45.2,22.8,0,14,13,0,5,229.2080334,62.93017066,30.45192554,10.94587078
45.2,21.8,0,14,14,0,5,240.7465442,67.76563321,31.33847804,11.54928549
45.2,20.8,0,14,15,0,5,241.8865844,78.77674879,30.99947364,11.54928549
45.2,25.8,0,15,9,0,5,218.6634193,41.85141003,26.5695624,11.46030734
45.2,24.8,0,15,10,0,5,232.1029568,45.50195025,27.47593904,11.81101164
45.2,23.8,0,15,11,0,5,239.33699,57.71337964,29.00850511,11.26495328
45.2,22.8,0,15,12,0,5,241.4828954,63.79855348,29.16196575,10.94587078
45.2,21.8,0,15,13,0,5,246.4529492,67.61009547,30.50813061,11.54928549
45.2,20.8,0,15,14,0,5,247.3882188,68.33044204,31.02162833,11.54928549
45.2,26.8,0,16,7,0,5,210.3508918,47.12161921,28.07341965,11.35471999
45.2,25.8,0,16,8,0,5,233.5353601,44.88931947,27.55705456,11.46030734
45.2,24.8,0,16,9,0,5,246.0478489,43.18820507,27.13259183,11.81101164
45.2,23.8,0,16,10,0,5,248.8078496,56.90913346,28.03199861,11.26495328
45.2,22.8,0,16,11,0,5,256.0428698,63.78725187,27.56173999,10.94587078
45.2,21.8,0,16,12,0,5,259.6967208,65.99143353,29.55002727,11.54928549
45.2,20.8,0,16,13,0,5,281.8813187,65.8718552,29.588889,11.54928549
45.2,27.8,0,17,5,0,5,203.6397356,44.70643952,29.1600424,11.91676098
45.2,26.8,0,17,6,0,5,227.4712191,46.64247894,28.08571289,11.35471999
45.2,25.8,0,17,7,0,5,257.7315703,42.88271286,28.22875877,12.42415444
45.2,24.8,0,17,8,0,5,273.2535085,45.01410902,28.21210549,11.68737853
45.2,23.8,0,17,9,0,5,287.090507,55.28588998,28.95642662,11.26495328
45.2,22.8,0,17,10,0,5,294.6659421,59.45828942,27.83197013,10.94587078
45.2,21.8,0,17,11,0,5,307.0347397,64.07156094,27.34039641,11.54928549
45.2,20.8,0,17,12,0,5,304.4308333,67.93176612,28.6545738,11.54928549
45.2,26.8,0,18,5,0,5,236.7328966,47.42833822,26.81712068,11.35471999
45.2,25.8,0,18,6,0,5,246.0890805,43.99432713,27.97401311,12.42415444
45.2,24.8,0,18,7,0,5,286.1059757,44.99846718,28.61813046,11.68737853
45.2,23.8,0,18,8,0,5,294.0134333,55.52266193,29.80960232,11.70590656
45.2,22.8,0,18,9,0,5,305.0217748,57.58950219,27.68383581,10.94587078
45.2,21.8,0,18,10,0,5,321.8574068,64.15345659,27.33302803,11.54928549
45.2,20.8,0,18,11,0,5,329.1047784,68.50866383,28.14768192,11.54928549
45.2,25.8,0,19,5,0,5,251.2433178,44.09726574,26.36205537,12.42415444
45.2,24.8,0,19,6,0,5,284.1690816,47.71135527,27.48579451,11.68737853
45.2,23.8,0,19,7,0,5,317.2944842,51.22943601,29.5728844,11.70590656
45.2,22.8,0,19,8,0,5,322.1952016,60.96222696,28.4288714,10.94587078
45.2,21.8,0,19,9,0,5,337.7907781,62.1625297,27.44703537,11.54928549
45.2,20.8,0,19,10,0,5,349.3736789,70.89123395,28.56451302,11.54928549
45.2,24.8,0,20,5,0,5,299.732415,46.30588517,26.80279335,11.68737853
45.2,23.8,0,20,6,0,5,331.1607445,50.88154008,27.9668772,11.70590656
45.2,22.8,0,20,7,0,5,346.407882,65.53129982,28.20086715,10.94587078
45.2,21.8,0,20,8,0,5,365.2984274,69.8090341,27.46214188,11.54928549
45.2,20.8,0,20,9,0,5,363.690571,76.63602673,28.28485643,11.54928549
45.2,28.8,0,21,0,0,5,227.1351427,44.99028155,21.17598437,11.6088616
45.2,23.8,0,21,5,0,5,341.3801308,53.50074049,28.66983873,11.70590656
45.2,22.8,0,21,6,0,5,356.9570125,67.46018186,28.0769623,10.94587078
45.2,21.8,0,21,7,0,5,370.9357977,78.26001678,26.54929304,11.54928549
45.2,20.8,0,21,8,0,5,367.2762063,77.43389349,27.96768511,11.54928549
45.2,27.8,0,22,0,0,5,275.4099772,47.65996919,25.47319266,11.91676098
45.2,22.8,0,22,5,0,5,370.9655274,76.44053137,28.69505376,10.94587078
45.2,21.8,0,22,6,0,5,389.5097269,80.85128443,27.63161387,11.54928549
45.2,20.8,0,22,7,0,5,377.903017,82.03362035,26.47907983,11.54928549
45.2,26.8,0,23,0,0,5,277.4967631,45.39655811,26.92409766,11.35471999
45.2,21.8,0,23,5,0,5,393.3387929,86.66785265,27.2552632,11.54928549
45.2,20.8,0,23,6,0,5,389.4067775,90.70505057,26.68940265,11.54928549
45.2,25.8,0,24,0,0,5,309.3647054,54.77138891,27.0057801,12.36509588
45.2,20.8,0,24,5,0,5,414.3729661,94.22628108,27.72318791,11.54928549
45.2,24.8,0,25,0,0,5,330.6361613,63.35375891,25.11575656,11.46030734
45.4,24.6,0,14,11,0,5,200.6802824,47.94411056,29.28380182,11.81101164
45.4,25.6,0,15,9,0,5,212.290077,41.49250427,27.11736093,11.46030734
45.4,24.6,0,15,10,0,5,217.7421746,45.23181472,27.6211441,11.81101164
45.4,23.6,0,15,11,0,5,213.7038424,57.80489485,29.54230756,11.26495328
45.4,25.6,0,16,8,0,5,219.4101986,43.43234206,27.35535998,11.46030734
45.4,24.6,0,16,9,0,5,228.7830954,42.84487155,27.59220185,11.81101164
45.4,23.6,0,16,10,0,5,231.8791121,54.50803666,28.20110641,11.26495328
45.4,27.6,0,17,5,0,5,204.393402,44.47286096,27.84267112,11.91676098
45.4,26.6,0,17,6,0,5,206.9478847,46.77736485,27.40884535,11.35471999
45.4,25.6,0,17,7,0,5,229.6059209,43.71870079,26.56242744,11.46030734
45.4,24.6,0,17,8,0,5,255.3611973,42.31923112,27.03553988,11.81101164
45.4,23.6,0,17,9,0,5,255.7720435,52.82360982,28.09887694,11.26495328
45.4,26.6,0,18,5,0,5,220.2373468,48.08593996,28.42483304,11.35471999
45.4,25.6,0,18,6,0,5,237.5733073,44.7395328,27.32413801,12.42415444
45.4,24.6,0,18,7,0,5,260.3746431,45.08539814,26.84736958,11.81101164
45.4,25.6,0,19,5,0,5,237.5618875,44.86477183,26.90807474,12.42415444
45.4,24.6,0,19,6,0,5,255.662479,45.94006263,27.55813519,11.68737853
44,20,0,7,23,1,5,202.0245912,93.5492159,29.27824101,11.54928549
44,20,0,10,20,1,5,214.2117918,83.92381193,30.71725156,11.54928549
44,25,0,11,14,1,5,209.7763435,57.30667537,30.27818366,11.81101164
44,21,0,11,18,1,5,200.643114,82.66567001,31.03129689,11.54928549
44,20,0,11,19,1,5,219.3408093,82.87717041,30.57806021,11.54928549
44,25,0,12,13,1,5,211.6791134,50.8825205,29.04200858,11.68737853
44,24,0,12,14,1,5,216.8396459,64.73395698,29.80981536,11.26495328
44,23,0,12,15,1,5,208.4161247,71.74180726,29.94128903,10.94587078
44,22,0,12,16,1,5,229.4085848,73.82955408,30.11719118,11.54928549
44,21,0,12,17,1,5,245.8869332,81.66367574,30.85857162,11.54928549
44,20,0,12,18,1,5,256.8118453,82.63730764,30.83239667,11.54928549
44,25,0,13,12,1,5,229.7324988,50.73543493,30.10568355,11.68737853
44,24,0,13,13,1,5,236.755154,63.94257939,28.92074756,11.70590656
44,23,0,13,14,1,5,227.853403,70.34924591,29.45795345,10.94587078
44,22,0,13,15,1,5,239.2919792,72.88085339,30.23213566,11.54928549
44,21,0,13,16,1,5,251.0091401,80.79948949,29.6058545,11.54928549
44,20,0,13,17,1,5,263.8976927,83.80565919,30.00523465,11.54928549
44,25,0,14,11,1,5,227.201856,49.21467798,26.61165581,11.68737853
44,24,0,14,12,1,5,232.5571451,58.75241856,28.70107049,11.70590656
44,23,0,14,13,1,5,244.8274089,70.46048942,30.18631348,10.94587078
44,22,0,14,14,1,5,251.3401083,70.95310457,29.61117538,11.54928549
44,21,0,14,15,1,5,260.6216211,76.63311324,30.45882703,11.54928549
44,20,0,14,16,1,5,271.3827446,79.56514137,30.12368839,11.54928549
44,26,0,15,9,1,5,202.0790575,46.48967248,27.26592983,12.42415444
44,25,0,15,10,1,5,228.1861642,48.82719976,26.74830435,11.68737853
44,24,0,15,11,1,5,257.0854169,57.84039993,26.93020822,11.70590656
44,23,0,15,12,1,5,266.2512153,66.68682782,28.13480621,10.94587078
44,22,0,15,13,1,5,264.5379754,72.19325818,30.21518916,11.54928549
44,21,0,15,14,1,5,268.3946901,75.34154655,29.79401696,11.54928549
44,20,0,15,15,1,5,283.3284811,78.83171344,29.92633427,11.54928549
44,27,0,16,7,1,5,213.8963659,46.75349784,28.17768563,11.35471999
44,26,0,16,8,1,5,217.9324565,48.5817343,28.80845452,12.42415444
44,25,0,16,9,1,5,243.118774,49.9745787,28.59271448,11.68737853
44,24,0,16,10,1,5,276.4347091,57.30745905,27.28109936,11.70590656
44,23,0,16,11,1,5,289.7732936,67.01191775,28.04824131,10.94587078
44,22,0,16,12,1,5,294.6330825,69.54557841,27.53863994,11.54928549
44,21,0,16,13,1,5,298.4154926,67.6051395,28.29200021,11.54928549
44,20,0,16,14,1,5,317.5218484,76.79546888,29.97094308,11.54928549
44,27,0,17,6,1,5,206.046476,46.90661602,27.6222097,11.35471999
44,26,0,17,7,1,5,224.7152044,44.64713873,28.87916968,12.42415444
44,25,0,17,8,1,5,238.5199525,50.58723183,29.64142929,11.68737853
44,24,0,17,9,1,5,290.9269787,58.14853185,27.35177186,11.70590656
44,23,0,17,10,1,5,292.6997118,65.86349323,27.53616875,10.94587078
44,22,0,17,11,1,5,293.5719621,66.18746771,27.71653899,11.54928549
44,21,0,17,12,1,5,316.9980332,68.13947534,28.11052968,11.54928549
44,20,0,17,13,1,5,327.0660004,73.94490815,28.13505038,11.54928549
44,27,0,18,5,1,5,206.1779809,46.41923736,27.32311957,11.35471999
44,26,0,18,6,1,5,229.9348564,43.84275811,27.88115638,12.36509588
44,25,0,18,7,1,5,254.4403072,45.51875208,29.27319774,11.46030734
44,24,0,18,8,1,5,293.8289779,55.44822348,27.48989166,11.70590656
44,23,0,18,9,1,5,299.3735661,66.26171633,27.46340205,10.94587078
44,22,0,18,10,1,5,318.5080506,65.59837927,28.2246447,11.54928549
44,21,0,18,11,1,5,333.0732727,67.41421284,28.30710433,11.54928549
44,20,0,18,12,1,5,343.2615972,73.32222862,27.8212016,11.54928549
44,26,0,19,5,1,5,239.8594159,45.43137093,27.16958415,12.36509588
44,25,0,19,6,1,5,263.4405267,46.31442537,28.74621834,11.46030734
44,24,0,19,7,1,5,298.135555,55.29626618,27.4476046,11.81101164
44,23,0,19,8,1,5,318.4608429,64.36053198,27.17296648,10.94587078
44,22,0,19,9,1,5,328.7491622,71.23436587,27.89244189,11.54928549
44,21,0,19,10,1,5,346.0018971,68.62206953,28.07661761,11.54928549
44,20,0,19,11,1,5,356.0296779,78.73431967,27.8300948,11.54928549
44,25,0,20,5,1,5,278.8843659,49.09867983,26.57672481,11.46030734
44,24,0,20,6,1,5,304.3394247,53.30530215,28.00074156,11.81101164
44,23,0,20,7,1,5,338.4081028,65.8580778,26.40172064,11.26495328
44,22,0,20,8,1,5,340.6581221,74.5114444,27.88898109,11.54928549
44,21,0,20,9,1,5,354.1607874,80.12957223,27.6051608,11.54928549
44,20,0,20,10,1,5,365.8992344,85.7884521,27.71128068,11.54928549
44,29,0,21,0,1,5,224.2325173,46.30123852,25.56420497,11.54411899
44,24,0,21,5,1,5,325.1048155,58.49087137,27.35897492,11.81101164
44,23,0,21,6,1,5,349.8951743,70.48024713,25.90286211,11.26495328
44,22,0,21,7,1,5,357.1512071,75.14297053,27.17990251,10.94587078
44,21,0,21,8,1,5,370.7598938,82.63864099,27.09478797,11.54928549
44,20,0,21,9,1,5,372.4060192,89.50852681,28.07072715,11.54928549
44,28,0,22,0,1,5,261.1882559,47.6329893,24.48442632,12.03031036
44,23,0,22,5,1,5,351.830378,76.4342301,24.84452235,11.26495328
44,22,0,22,6,1,5,367.6171238,79.62259001,24.8242708,10.94587078
44,21,0,22,7,1,5,375.586294,85.96952892,27.34380248,11.54928549
44,20,0,22,8,1,5,376.9556702,90.2261676,27.44670803,11.54928549
44,27,0,23,0,1,5,277.0016994,50.76603732,24.14782523,11.91676098
44,22,0,23,5,1,5,377.5463374,85.79517936,24.27805141,10.94587078
44,21,0,23,6,1,5,382.4606641,92.97776542,25.37792265,11.54928549
44,20,0,23,7,1,5,379.387915,98.69111008,27.35554821,11.54928549
44,26,0,24,0,1,5,317.0520817,58.57703475,24.27217082,11.35471999
44,21,0,24,5,1,5,406.0851218,96.0893235,24.84214742,11.54928549
44,20,0,24,6,1,5,409.5638686,100.7669503,25.68056155,11.54928549
44,25,0,25,0,1,5,321.1183922,63.52749246,24.74708549,12.42415444
44,20,0,25,5,1,5,411.1445854,105.2697081,23.02749445,11.54928549
44.2,20.8,0,13,16,1,5,202.7465924,81.77569981,31.04756875,11.54928549
44.2,21.8,0,14,14,1,5,204.2793074,72.17484867,30.57562116,11.54928549
44.2,20.8,0,14,15,1,5,210.5790096,78.87110403,30.76203863,11.54928549
44.2,23.8,0,15,11,1,5,204.3458009,56.52313744,28.14557756,11.70590656
44.2,22.8,0,15,12,1,5,219.5681653,66.76031413,28.38629384,10.94587078
44.2,21.8,0,15,13,1,5,224.1954479,71.79122437,30.43589876,11.54928549
44.2,20.8,0,15,14,1,5,228.8842586,73.09989191,31.17225429,11.54928549
44.2,24.8,0,16,9,1,5,227.7133646,48.93302498,28.70979914,11.68737853
44.2,23.8,0,16,10,1,5,241.9389725,56.42102845,27.59209795,11.70590656
44.2,22.8,0,16,11,1,5,253.1011039,67.29858621,28.36585469,10.94587078
44.2,21.8,0,16,12,1,5,251.13028,68.83761255,28.85179571,11.54928549
44.2,20.8,0,16,13,1,5,261.0959085,66.57283127,29.45753035,11.54928549
44.2,25.8,0,17,7,1,5,209.7304176,44.4186071,28.29155249,12.42415444
44.2,24.8,0,17,8,1,5,220.7736073,49.45331927,28.51633799,11.68737853
44.2,23.8,0,17,9,1,5,251.7011527,54.5411482,28.98737799,11.70590656
44.2,22.8,0,17,10,1,5,255.5754977,65.39588084,28.37503787,10.94587078
44.2,21.8,0,17,11,1,5,267.1485113,66.28367822,28.33424267,11.54928549
44.2,20.8,0,17,12,1,5,279.6903024,65.8339582,28.96288117,11.54928549
44.2,26.8,0,18,5,1,5,204.3877462,46.73016348,28.07068897,11.35471999
44.2,25.8,0,18,6,1,5,209.417989,44.19570047,28.54769795,12.42415444
44.2,24.8,0,18,7,1,5,234.7303569,46.44090116,29.51661437,11.68737853
44.2,23.8,0,18,8,1,5,262.347069,53.33579729,29.15546839,11.70590656
44.2,22.8,0,18,9,1,5,267.5214469,62.25731208,27.2303301,10.94587078
44.2,21.8,0,18,10,1,5,300.8594173,66.26955593,28.57327898,11.54928549
44.2,20.8,0,18,11,1,5,296.6236971,66.09318264,29.02745695,11.54928549
44.2,25.8,0,19,5,1,5,221.6411148,45.01938927,27.86283535,12.36509588
44.2,24.8,0,19,6,1,5,242.0173747,45.63046319,28.83888134,11.68737853
44.2,23.8,0,19,7,1,5,275.8873233,51.61095994,30.05610429,11.70590656
44.2,22.8,0,19,8,1,5,294.6743689,65.45655892,27.96723493,10.94587078
44.2,21.8,0,19,9,1,5,296.8432514,73.19324126,27.56293876,11.54928549
44.2,20.8,0,19,10,1,5,317.3453719,67.08264249,27.6846452,11.54928549
44.2,24.8,0,20,5,1,5,262.4266031,46.07859771,27.20389718,11.46030734
44.2,23.8,0,20,6,1,5,294.7369686,53.03408731,29.52814439,11.70590656
44.2,22.8,0,20,7,1,5,311.05841,66.4455984,27.72658355,10.94587078
44.2,21.8,0,20,8,1,5,317.1380741,71.04115905,28.09517375,11.54928549
44.2,20.8,0,20,9,1,5,338.2933636,81.87339297,28.27976861,11.54928549
44.2,28.8,0,21,0,1,5,212.3262493,47.08552009,22.68356337,11.6088616
44.2,23.8,0,21,5,1,5,298.4951838,57.25324447,28.71722936,11.81101164
44.2,22.8,0,21,6,1,5,323.0524327,72.34400814,28.55404363,11.26495328
44.2,21.8,0,21,7,1,5,337.9822027,75.3794506,27.56236172,11.54928549
44.2,20.8,0,21,8,1,5,347.6402247,82.89538368,28.07391576,11.54928549
44.2,27.8,0,22,0,1,5,256.9589527,46.58396847,25.26539671,11.91676098
44.2,22.8,0,22,5,1,5,328.3005455,77.13904118,28.00523365,11.26495328
44.2,21.8,0,22,6,1,5,355.0437894,79.48052443,26.3746715,10.94587078
44.2,20.8,0,22,7,1,5,352.5053751,83.63691766,28.59328033,11.54928549
44.2,26.8,0,23,0,1,5,263.5467343,51.39578537,25.33316156,11.35471999
44.2,21.8,0,23,5,1,5,361.6141905,87.31515664,26.47566303,10.94587078
44.2,20.8,0,23,6,1,5,367.4966877,92.52282921,27.21542878,11.54928549
44.2,25.8,0,24,0,1,5,298.2255765,61.44428842,24.18822707,12.36509588
44.2,20.8,0,24,5,1,5,382.1224158,96.90229576,25.20610028,11.54928549
44.2,24.8,0,25,0,1,5,315.8609437,62.63770544,23.98458688,11.46030734
44.4,24.6,0,16,9,1,5,215.6529813,50.36083473,28.01374215,11.68737853
44.4,23.6,0,16,10,1,5,233.0033244,55.91752696,27.69105728,11.70590656
44.4,24.6,0,17,8,1,5,219.3323826,51.7994936,27.12921715,11.68737853
44.4,25.6,0,18,6,1,5,202.2816153,44.79545862,27.49917709,12.42415444
44.4,24.6,0,18,7,1,5,210.5239663,47.05435732,27.71631581,11.68737853
44.4,25.6,0,19,5,1,5,221.3878304,44.69511615,27.8772259,12.42415444
44.4,24.6,0,19,6,1,5,228.9589999,46.14578172,27.26848808,11.68737853
43,22,0,11,17,2,5,200.7097864,80.11955782,30.9236058,11.54928549
43,21,0,11,18,2,5,203.0495349,86.19980208,30.71631616,11.54928549
43,20,0,11,19,2,5,228.6282005,84.74715024,30.89490934,11.54928549
43,24,0,12,14,2,5,204.8299435,69.52568951,30.1312535,11.70590656
43,23,0,12,15,2,5,205.9732745,73.94209879,29.38693138,10.94587078
43,22,0,12,16,2,5,200.4053353,77.9263049,30.03856732,11.54928549
43,21,0,12,17,2,5,220.4178994,85.71965184,30.58489421,11.54928549
43,20,0,12,18,2,5,237.8267815,84.27960322,30.62150603,11.54928549
43,24,0,13,13,2,5,221.2280332,65.75282395,29.93373542,11.70590656
43,23,0,13,14,2,5,221.3633113,71.89336793,30.30661126,10.94587078
43,22,0,13,15,2,5,214.3705061,76.26337591,29.75563316,11.54928549
43,21,0,13,16,2,5,239.3911193,83.48347878,29.46716247,11.54928549
43,20,0,13,17,2,5,246.2606897,85.84761158,30.42488668,11.54928549
43,24,0,14,12,2,5,216.9994905,64.21003816,29.1788531,11.70590656
43,23,0,14,13,2,5,224.5662414,70.86901003,30.19942209,10.94587078
43,22,0,14,14,2,5,233.3606627,76.03383267,30.1563928,11.54928549
43,21,0,14,15,2,5,250.1153614,80.32484433,30.41320752,11.54928549
43,20,0,14,16,2,5,250.3790052,83.75050573,30.06114974,11.54928549
43,25,0,15,10,2,5,205.748769,54.04286146,27.46638923,11.46030734
43,24,0,15,11,2,5,223.949911,61.01784586,26.67307076,11.81101164
43,23,0,15,12,2,5,251.8722288,70.57692783,29.58982125,10.94587078
43,22,0,15,13,2,5,265.886533,73.82778822,29.83902205,11.54928549
43,21,0,15,14,2,5,269.9316919,77.78723426,30.05961719,11.54928549
43,20,0,15,15,2,5,273.9215897,78.8504823,30.96298233,11.54928549
43,25,0,16,9,2,5,203.8591064,52.03042663,27.29529027,11.46030734
43,24,0,16,10,2,5,217.467281,57.50876127,27.08788868,11.81101164
43,23,0,16,11,2,5,260.3014575,68.32484452,27.88548991,11.26495328
43,22,0,16,12,2,5,274.9785852,74.25438976,28.62223886,11.54928549
43,21,0,16,13,2,5,276.1685477,74.62236741,29.6032315,11.54928549
43,20,0,16,14,2,5,272.3980545,78.49890322,29.9114694,11.54928549
43,25,0,17,8,2,5,201.6047277,48.89280387,27.63298323,11.46030734
43,24,0,17,9,2,5,226.0919071,58.49071654,26.58762885,11.81101164
43,23,0,17,10,2,5,263.9432824,64.39266966,27.53051244,11.26495328
43,22,0,17,11,2,5,270.9933604,71.75984531,28.34822658,10.94587078
43,21,0,17,12,2,5,295.0000676,69.87081232,28.16315434,11.54928549
43,20,0,17,13,2,5,304.3414909,76.98786436,28.8128378,11.54928549
43,25,0,18,7,2,5,205.615532,49.12051326,27.38135579,11.46030734
43,24,0,18,8,2,5,224.8582525,56.63145842,25.82319384,11.81101164
43,23,0,18,9,2,5,269.6823653,61.67203319,26.48702001,11.26495328
43,22,0,18,10,2,5,281.6638134,68.25931053,27.73767275,10.94587078
43,21,0,18,11,2,5,316.4313404,75.41293051,27.56989551,11.54928549
43,20,0,18,12,2,5,312.546572,75.12483012,27.87489435,11.54928549
43,26,0,19,5,2,5,204.1957198,46.8166806,25.70741124,12.36509588
43,25,0,19,6,2,5,225.4632827,48.98657791,26.66745755,11.46030734
43,24,0,19,7,2,5,245.7877358,55.19043154,25.09300042,11.81101164
43,23,0,19,8,2,5,271.4266086,62.48500297,25.4320924,11.26495328
43,22,0,19,9,2,5,311.9410155,72.18359961,25.95192086,10.94587078
43,21,0,19,10,2,5,319.2580017,75.18969788,26.00146685,11.54928549
43,20,0,19,11,2,5,326.2001706,82.30906936,27.67572835,11.54928549
43,25,0,20,5,2,5,244.4608355,49.07516659,26.73964558,11.46030734
43,24,0,20,6,2,5,261.0430232,56.09107751,24.55087945,11.81101164
43,23,0,20,7,2,5,282.1798205,62.1335589,23.84265531,11.26495328
43,22,0,20,8,2,5,319.2940043,76.47781505,25.61008081,10.94587078
43,21,0,20,9,2,5,327.5270912,82.17247424,25.92041077,11.54928549
43,20,0,20,10,2,5,342.5877062,85.89336005,26.13232827,11.54928549
43,29,0,21,0,2,5,207.2656757,43.55129618,24.1216801,11.54411899
43,24,0,21,5,2,5,276.9141423,53.99731405,24.13520741,11.81101164
43,23,0,21,6,2,5,297.5935922,63.70137547,24.82641131,11.26495328
43,22,0,21,7,2,5,333.9081206,77.58245351,25.05347877,10.94587078
43,21,0,21,8,2,5,338.7676715,85.15882625,25.21885948,11.54928549
43,20,0,21,9,2,5,346.7240864,85.2115903,25.96235304,11.54928549
43,28,0,22,0,2,5,240.3233602,50.06662518,23.91280749,12.03031036
43,23,0,22,5,2,5,301.6695383,67.36519085,22.9383379,11.70590656
43,22,0,22,6,2,5,333.7998943,79.64153641,24.04213692,10.94587078
43,21,0,22,7,2,5,357.0678939,88.06269866,25.79583051,11.54928549
43,20,0,22,8,2,5,374.5852713,88.93393059,24.98996105,11.54928549
43,27,0,23,0,2,5,264.5181054,52.38520997,22.50041189,11.91676098
43,22,0,23,5,2,5,340.2025755,83.04433904,24.03300209,10.94587078
43,21,0,23,6,2,5,378.5494558,85.96919848,24.06299661,11.54928549
43,20,0,23,7,2,5,391.7265344,90.45837681,25.02055621,11.54928549
43,26,0,24,0,2,5,299.3607849,57.06616612,23.12069981,11.35471999
43,21,0,24,5,2,5,382.3239074,91.41505023,23.71188842,11.54928549
43,20,0,24,6,2,5,395.3502105,95.71856816,24.15058901,11.54928549
43,25,0,25,0,2,5,304.8969636,60.89014083,22.48622817,12.42415444
43,20,0,25,5,2,5,390.8803442,100.1762937,23.58410921,11.54928549
43.2,22.8,0,16,11,2,5,216.5466813,69.0890278,26.94286884,10.94587078
43.2,21.8,0,16,12,2,5,218.5735081,73.80068539,27.97894606,11.54928549
43.2,20.8,0,16,13,2,5,223.7644181,72.38572432,28.8488849,11.54928549
43.2,23.8,0,17,9,2,5,203.1387507,56.84626602,26.48192026,11.81101164
43.2,22.8,0,17,10,2,5,237.6285647,62.79242771,26.26295275,10.94587078
43.2,21.8,0,17,11,2,5,234.4136654,71.63134906,27.66867148,11.54928549
43.2,20.8,0,17,12,2,5,242.9331595,71.19534188,28.29175853,11.54928549
43.2,23.8,0,18,8,2,5,207.8541013,54.85235584,25.89619361,11.81101164
43.2,22.8,0,18,9,2,5,229.7888597,62.95197137,25.76353804,11.26495328
43.2,21.8,0,18,10,2,5,246.7429252,72.81280135,27.2698343,11.54928549
43.2,20.8,0,18,11,2,5,260.7665787,73.91923604,27.64562369,11.54928549
43.2,24.8,0,19,6,2,5,207.525879,46.88802005,26.11117591,11.46030734
43.2,23.8,0,19,7,2,5,219.9937254,54.06217738,26.65961999,11.81101164
43.2,22.8,0,19,8,2,5,246.6371609,63.80275513,25.08675474,11.26495328
43.2,21.8,0,19,9,2,5,277.3143636,72.84819223,26.34600678,10.94587078
43.2,20.8,0,19,10,2,5,269.0523479,75.35418887,27.77530344,11.54928549
43.2,24.8,0,20,5,2,5,220.176195,45.62310416,26.43038813,11.46030734
43.2,23.8,0,20,6,2,5,234.5660379,52.26523667,26.96671309,11.81101164
43.2,22.8,0,20,7,2,5,266.1049706,61.83002895,25.1157186,11.26495328
43.2,21.8,0,20,8,2,5,280.8604418,78.46808201,25.59688405,10.94587078
43.2,20.8,0,20,9,2,5,288.5452546,81.95285839,25.5266558,11.54928549
43.2,23.8,0,21,5,2,5,272.6175559,54.52512067,26.74016198,11.81101164
43.2,22.8,0,21,6,2,5,272.0998574,66.07114685,25.90530738,11.26495328
43.2,21.8,0,21,7,2,5,301.7746497,81.72570687,24.86682132,10.94587078
43.2,20.8,0,21,8,2,5,305.6575277,83.97173425,25.71192479,11.54928549
43.2,27.8,0,22,0,2,5,227.3501652,50.31523641,25.68936935,12.03031036
43.2,22.8,0,22,5,2,5,276.6868168,69.03929007,24.75616977,11.26495328
43.2,21.8,0,22,6,2,5,310.2909928,81.90408371,24.79002526,10.94587078
43.2,20.8,0,22,7,2,5,316.2778231,88.69052962,26.21049518,11.54928549
43.2,26.8,0,23,0,2,5,242.5605632,52.14895484,24.48437598,11.91676098
43.2,21.8,0,23,5,2,5,327.1972782,82.87234594,24.78235384,10.94587078
43.2,20.8,0,23,6,2,5,341.3070451,87.51991655,25.44314626,11.54928549
43.2,25.8,0,24,0,2,5,286.5556992,57.99192071,23.54801856,11.35471999
43.2,20.8,0,24,5,2,5,346.1714275,92.30700057,25.44622974,11.54928549
43.2,24.8,0,25,0,2,5,293.9137295,60.14274827,23.54487146,12.42415444
43.4,24.6,0,19,6,2,5,203.4655531,44.27077574,22.72210579,11.46030734
42,20,0,13,17,3,5,202.6250382,85.23138855,26.72072733,11.54928549
42,21,0,14,15,3,5,205.794965,81.57504628,27.1848885,11.54928549
42,20,0,14,16,3,5,215.3705226,83.81395506,27.11160223,11.54928549
42,22,0,15,13,3,5,211.846365,78.48361117,25.97744788,10.94587078
42,21,0,15,14,3,5,232.256082,78.26408197,27.50013919,11.54928549
42,20,0,15,15,3,5,242.1862682,78.8371954,27.64906229,11.54928549
42,22,0,16,12,3,5,230.3526076,74.22388116,25.37389647,10.94587078
42,21,0,16,13,3,5,236.7444842,75.57765738,25.63773005,11.54928549
42,20,0,16,14,3,5,228.1922096,77.09566046,27.29178154,11.54928549
42,22,0,17,11,3,5,231.749425,72.19986162,23.74892634,10.94587078
42,21,0,17,12,3,5,249.0999231,76.91213837,24.30804541,11.54928549
42,20,0,17,13,3,5,248.2682499,77.39075508,25.69049299,11.54928549
42,23,0,18,9,3,5,210.6642683,63.9766791,23.49966793,11.26495328
42,22,0,18,10,3,5,249.8192768,72.23625141,22.86649923,10.94587078
42,21,0,18,11,3,5,255.3607222,78.22901881,23.53596621,11.54928549
42,20,0,18,12,3,5,269.3269981,78.84635881,24.5373547,11.54928549
42,23,0,19,8,3,5,219.4570486,64.36190572,23.28075482,11.70590656
42,22,0,19,9,3,5,235.626469,74.258462,23.00658173,10.94587078
42,21,0,19,10,3,5,269.6881343,82.78934725,23.13088827,11.54928549
42,20,0,19,11,3,5,261.6957799,84.67380094,23.0270143,11.54928549
42,25,0,20,5,3,5,202.3400527,55.10881665,24.8269271,12.42415444
42,24,0,20,6,3,5,211.9275392,57.63034301,23.22933895,11.68737853
42,23,0,20,7,3,5,233.1768547,66.00268466,23.17877793,11.70590656
42,22,0,20,8,3,5,248.783998,76.86366431,23.28766183,10.94587078
42,21,0,20,9,3,5,278.9568462,86.92132944,23.35432275,11.54928549
42,20,0,20,10,3,5,272.1432644,85.93880196,23.0624941,11.54928549
42,24,0,21,5,3,5,235.407575,60.15358847,22.83995138,11.68737853
42,23,0,21,6,3,5,261.0344237,69.6129048,22.52584649,11.70590656
42,22,0,21,7,3,5,275.3755091,77.50537331,23.358659,10.94587078
42,21,0,21,8,3,5,289.164793,85.27559462,23.57726905,11.54928549
42,20,0,21,9,3,5,291.2331138,87.98208,23.28260395,11.54928549
42,28,0,22,0,3,5,201.3715648,50.3515469,22.03236005,11.6088616
42,23,0,22,5,3,5,280.0743886,70.2610032,22.07253652,11.70590656
42,22,0,22,6,3,5,281.9380033,80.18172387,23.35189204,10.94587078
42,21,0,22,7,3,5,303.0763984,86.75246302,23.60603746,11.54928549
42,20,0,22,8,3,5,302.491177,89.76873706,23.12763241,11.54928549
42,27,0,23,0,3,5,232.9465658,50.74168871,21.35776447,11.91676098
42,22,0,23,5,3,5,286.859045,79.23369964,22.62948419,10.94587078
42,21,0,23,6,3,5,300.7747933,88.13996756,23.62608394,11.54928549
42,20,0,23,7,3,5,314.721556,91.6528565,23.4649567,11.54928549
42,26,0,24,0,3,5,263.008662,57.08449816,21.13562721,11.35471999
42,21,0,24,5,3,5,300.229332,90.36646587,22.81370825,11.54928549
42,20,0,24,6,3,5,331.8685875,98.01024912,23.08089921,11.54928549
42,25,0,25,0,3,5,278.4455319,59.38265376,20.86796293,12.36509588
42,20,0,25,5,3,5,338.8508846,95.67373955,22.72713846,11.54928549
42.2,20.8,0,17,12,3,5,209.2715423,78.85067326,22.56231308,11.54928549
42.2,21.8,0,18,10,3,5,214.2743063,77.70484162,21.62552394,10.94587078
42.2,20.8,0,18,11,3,5,227.986486,78.64758647,21.46103535,11.54928549
42.2,22.8,0,19,8,3,5,208.1035522,66.77837704,21.43678614,11.26495328
42.2,21.8,0,19,9,3,5,221.6887617,75.92280235,22.47229365,10.94587078
42.2,20.8,0,19,10,3,5,244.1334492,82.47510056,22.24163634,11.54928549
42.2,23.8,0,20,6,3,5,204.1989323,56.90060827,23.48199148,11.68737853
42.2,22.8,0,20,7,3,5,221.7515091,66.58521676,22.40178746,11.70590656
42.2,21.8,0,20,8,3,5,247.5331219,76.16124414,22.54009589,10.94587078
42.2,20.8,0,20,9,3,5,262.1353437,87.12649399,22.83345143,11.54928549
42.2,23.8,0,21,5,3,5,221.7246517,61.76489555,24.95113787,11.68737853
42.2,22.8,0,21,6,3,5,255.4997194,70.22244465,22.80216098,11.70590656
42.2,21.8,0,21,7,3,5,259.8133654,78.50825948,22.56489736,10.94587078
42.2,20.8,0,21,8,3,5,275.9860081,84.12384137,22.69605589,11.54928549
42.2,22.8,0,22,5,3,5,262.9067869,71.31311055,23.06804665,11.70590656
42.2,21.8,0,22,6,3,5,274.1531807,79.14617554,23.22058767,10.94587078
42.2,20.8,0,22,7,3,5,293.652821,88.91347073,23.7852958,11.54928549
42.2,26.8,0,23,0,3,5,223.9237585,50.7574207,23.34153452,11.91676098
42.2,21.8,0,23,5,3,5,277.5697542,81.69620245,22.39234848,10.94587078
42.2,20.8,0,23,6,3,5,298.5642773,90.46669831,23.60593419,11.54928549
42.2,25.8,0,24,0,3,5,254.7398809,59.65615237,22.05310736,11.35471999
42.2,20.8,0,24,5,3,5,297.5718855,91.79231619,23.10000425,11.54928549
42.2,24.8,0,25,0,3,5,270.6649245,57.6454234,21.43001376,12.36509588
41,20,0,15,15,4,5,201.6451084,79.12187747,23.10553291,11.54928549
41,20,0,16,14,4,5,218.2934437,78.34829245,23.37027828,11.54928549
41,21,0,17,12,4,5,216.1664203,78.11436405,22.55623088,11.54928549
41,20,0,17,13,4,5,226.0100007,81.87583701,22.0928513,11.54928549
41,20,0,18,12,4,5,233.0076398,84.03578756,21.61438125,11.54928549
41,22,0,19,9,4,5,205.1916606,73.32700545,21.51405493,10.94587078
41,21,0,19,10,4,5,212.3834363,82.5034816,20.91206007,11.54928549
41,20,0,19,11,4,5,251.9477371,88.19972705,21.56437362,11.54928549
41,23,0,20,7,4,5,204.9914029,72.07183015,22.05984721,11.70590656
41,22,0,20,8,4,5,223.3790438,75.52729206,21.89884859,10.94587078
41,21,0,20,9,4,5,239.644121,84.11274409,21.37857447,11.54928549
41,20,0,20,10,4,5,259.5653352,89.35693982,21.51581673,11.54928549
41,24,0,21,5,4,5,219.6972083,67.90047603,21.54078344,11.46030734
41,23,0,21,6,4,5,236.5986152,70.6228407,21.80925679,11.81101164
41,22,0,21,7,4,5,252.0374615,75.60349545,22.39034576,10.94587078
41,21,0,21,8,4,5,258.9445441,83.03529006,22.05530305,11.54928549
41,20,0,21,9,4,5,267.7421305,87.41328249,21.76088053,11.54928549
41,23,0,22,5,4,5,258.8289831,73.09023341,21.76998622,11.81101164
41,22,0,22,6,4,5,269.1707535,75.13636642,22.62116594,11.26495328
41,21,0,22,7,4,5,268.8227135,85.20364598,22.33120634,11.54928549
41,20,0,22,8,4,5,268.2730295,95.47217322,22.78788432,11.54928549
41,27,0,23,0,4,5,211.0234052,55.94114151,20.65324242,11.91676098
41,22,0,23,5,4,5,261.6752753,78.62315416,22.07248568,11.26495328
41,21,0,23,6,4,5,268.2044182,85.12360005,22.42082153,10.94587078
41,20,0,23,7,4,5,273.2805404,96.06558088,22.26545433,11.54928549
41,26,0,24,0,4,5,238.0603905,63.61928811,18.80421652,11.35471999
41,21,0,24,5,4,5,272.2338591,85.8665676,21.71324965,10.94587078
41,20,0,24,6,4,5,276.849147,101.1992429,22.59181493,11.54928549
41,25,0,25,0,4,5,262.6801865,62.40628349,19.39376345,12.36509588
41,20,0,25,5,4,5,286.6792187,101.8413592,21.59956135,11.54928549
41.2,20.8,0,18,11,4,5,205.1161794,82.88660596,20.2274028,11.54928549
41.2,21.8,0,19,9,4,5,200.8430317,79.43056361,21.41067741,10.94587078
41.2,20.8,0,19,10,4,5,215.9824659,81.41063069,20.48182186,11.54928549
41.2,22.8,0,20,7,4,5,202.7887061,74.03357395,20.42587968,11.70590656
41.2,21.8,0,20,8,4,5,220.4695849,75.90323566,21.33577312,10.94587078
41.2,20.8,0,20,9,4,5,231.3286953,88.46686679,21.44042265,11.54928549
41.2,23.8,0,21,5,4,5,208.5552201,68.71829732,22.29181178,11.68737853
41.2,22.8,0,21,6,4,5,227.6562603,71.92482346,21.78505986,11.70590656
41.2,21.8,0,21,7,4,5,245.9720727,76.96280275,22.27973875,10.94587078
41.2,20.8,0,21,8,4,5,255.2090731,87.78533722,21.23019555,11.54928549
41.2,22.8,0,22,5,4,5,245.3950578,72.51465228,21.74657862,11.70590656
41.2,21.8,0,22,6,4,5,265.5445816,77.23760713,22.81434479,10.94587078
41.2,20.8,0,22,7,4,5,273.0593207,88.46895416,22.40385861,11.54928549
41.2,26.8,0,23,0,4,5,203.0770177,55.62041578,21.83109162,11.91676098
41.2,21.8,0,23,5,4,5,260.2726845,81.30190693,21.81721595,11.26495328
41.2,20.8,0,23,6,4,5,270.8390818,89.48947931,22.75558463,11.54928549
41.2,25.8,0,24,0,4,5,228.8276911,60.8956774,20.95663433,11.35471999
41.2,20.8,0,24,5,4,5,270.5391769,87.74294367,21.75222406,10.94587078
41.2,24.8,0,25,0,4,5,255.0250816,59.39773015,20.575246,12.36509588
40,20,0,19,11,5,5,208.8058688,87.10887203,20.1219119,11.54928549
40,22,0,20,8,5,5,210.194231,77.39148707,21.03432216,11.26495328
40,21,0,20,9,5,5,223.258909,78.93851447,21.15702933,10.94587078
40,20,0,20,10,5,5,245.5703868,90.79018223,21.61471181,11.54928549
40,23,0,21,6,5,5,218.2799809,76.09125612,21.26217789,11.81101164
40,22,0,21,7,5,5,216.4196762,75.80050367,21.61137102,11.26495328
40,21,0,21,8,5,5,243.5487902,79.05184335,21.44484967,10.94587078
40,20,0,21,9,5,5,231.6557524,94.15292344,21.22827985,11.54928549
40,23,0,22,5,5,5,229.4834315,74.94207311,21.58678832,11.81101164
40,22,0,22,6,5,5,251.5332015,79.36382293,22.11900541,11.26495328
40,21,0,22,7,5,5,253.7191716,83.85567986,22.19142612,10.94587078
40,20,0,22,8,5,5,257.566177,90.70844657,21.57405812,11.54928549
40,22,0,23,5,5,5,253.346875,81.36054527,20.96208799,11.26495328
40,21,0,23,6,5,5,251.7179458,84.90881583,21.59607042,10.94587078
40,20,0,23,7,5,5,260.9378281,88.88892113,21.88292784,11.54928549
40,26,0,24,0,5,5,204.6834596,60.89089305,16.03203226,11.91676098
40,21,0,24,5,5,5,257.318807,86.07064607,20.54705306,10.94587078
40,20,0,24,6,5,5,264.5571473,89.67541137,21.71907992,11.54928549
40,25,0,25,0,5,5,221.9598432,67.83607668,16.12542733,11.35471999
40,20,0,25,5,5,5,257.0129169,92.89228049,20.00642287,11.54928549
40.2,20.8,0,20,9,5,5,220.9927957,80.79693899,20.55695798,11.54928549
40.2,22.8,0,21,6,5,5,209.4359321,75.44752289,20.5983811,11.81101164
40.2,21.8,0,21,7,5,5,216.6075116,75.83123203,21.35388857,11.26495328
40.2,20.8,0,21,8,5,5,239.1225809,80.04893394,21.56998554,10.94587078
40.2,22.8,0,22,5,5,5,214.6913428,76.65370862,20.64416142,11.81101164
40.2,21.8,0,22,6,5,5,243.562198,81.42607621,21.69106081,11.26495328
40.2,20.8,0,22,7,5,5,247.5301946,83.9378917,21.78858145,10.94587078
40.2,21.8,0,23,5,5,5,247.7637509,81.32664847,20.95731773,11.26495328
40.2,20.8,0,23,6,5,5,249.6210587,85.75407891,21.3201032,10.94587078
40.2,20.8,0,24,5,5,5,251.5609521,86.28022913,20.16478563,10.94587078
40.2,24.8,0,25,0,5,5,221.0912713,63.66773387,18.56284495,11.35471999
39,20,0,20,10,6,5,209.9416891,84.11852257,19.4495256,11.54928549
39,21,0,21,8,6,5,214.3815207,78.91667834,19.71192241,10.94587078
39,20,0,21,9,6,5,220.30208,87.06116236,19.71420348,11.54928549
39,22,0,22,6,6,5,205.4287763,82.04582308,17.30742832,11.70590656
39,21,0,22,7,6,5,231.8735821,82.65670683,18.96630182,10.94587078
39,20,0,22,8,6,5,233.4636515,87.30184126,20.01146892,11.54928549
39,22,0,23,5,6,5,229.2218662,82.15456162,17.02933513,11.70590656
39,21,0,23,6,6,5,232.5416627,83.99591508,17.00037915,10.94587078
39,20,0,23,7,6,5,230.4916433,88.63568931,18.4961372,11.54928549
39,21,0,24,5,6,5,231.5446646,82.5753738,16.76317971,10.94587078
39,20,0,24,6,6,5,235.8188772,89.10831827,17.17689837,11.54928549
39,20,0,25,5,6,5,240.1705863,87.97506137,16.01641146,11.54928549
39.2,20.8,0,22,7,6,5,224.4662597,82.76717845,17.4035457,10.94587078
39.2,21.8,0,23,5,6,5,216.527488,81.64225787,16.47816135,11.70590656
39.2,20.8,0,23,6,6,5,219.7063695,83.80142074,16.69800957,10.94587078
39.2,20.8,0,24,5,6,5,224.5179351,84.08884263,16.7058587,10.94587078
38,20,0,21,9,7,5,202.7574935,87.77530849,17.09702882,11.54928549
38,20,0,22,8,7,5,209.7111867,89.4399173,16.69602515,11.54928549
38,20,0,23,7,7,5,205.0007137,91.1730963,16.56509648,11.54928549
38,20,0,24,6,7,5,201.9314434,89.3581201,15.53707083,11.54928549
38,20,0,25,5,7,5,207.5392636,89.87136967,16.00285419,10.94587078
40,23,5,15,12,0,5,200.3184773,49.03023596,29.95674159,10.94587078
40,22,5,15,13,0,5,200.0905416,52.86088105,28.64428079,11.54928549
40,21,5,15,14,0,5,207.7733235,63.54556663,29.88138342,11.54928549
40,20,5,15,15,0,5,220.6258445,65.0307651,29.95324201,11.54928549
40,24,5,16,10,0,5,206.453651,45.00569047,27.60410808,11.70590656
40,23,5,16,11,0,5,208.8049335,47.82770494,29.49429374,10.94587078
40,22,5,16,12,0,5,214.3075119,53.54656358,29.56342175,11.54928549
40,21,5,16,13,0,5,225.4615743,58.96937248,28.99165271,11.54928549
40,20,5,16,14,0,5,225.7901606,66.79384082,29.33675937,11.54928549
40,25,5,17,8,0,5,206.7495678,42.96869252,27.03530914,11.68737853
40,24,5,17,9,0,5,228.2346252,40.2413508,26.56966113,11.70590656
40,23,5,17,10,0,5,223.0801514,46.47856411,28.56742814,10.94587078
40,22,5,17,11,0,5,229.3983305,52.59899352,28.01663906,11.54928549
40,21,5,17,12,0,5,234.2847042,54.28994229,29.4921319,11.54928549
40,20,5,17,13,0,5,232.4619277,64.23472593,30.48319436,11.54928549
40,25,5,18,7,0,5,213.3205913,41.66582735,27.36762832,11.68737853
40,24,5,18,8,0,5,238.0945401,39.45797371,28.03537212,11.70590656
40,23,5,18,9,0,5,241.3742091,42.78030993,27.69786722,10.94587078
40,22,5,18,10,0,5,238.6219826,51.94316999,28.50498245,11.54928549
40,21,5,18,11,0,5,250.6086493,56.72084264,27.80713972,11.54928549
40,20,5,18,12,0,5,255.7279259,60.51869036,29.27122715,11.54928549
40,25,5,19,6,0,5,207.4764719,39.34589408,27.21964205,11.68737853
40,24,5,19,7,0,5,242.4017897,39.13438014,28.13540186,11.70590656
40,23,5,19,8,0,5,247.6841806,43.01947469,28.09415806,10.94587078
40,22,5,19,9,0,5,244.328584,48.03771096,28.19140848,11.54928549
40,21,5,19,10,0,5,253.8392878,54.97413843,28.15354104,11.54928549
40,20,5,19,11,0,5,274.8181905,58.16907106,28.11559183,11.54928549
40,25,5,20,5,0,5,202.8739779,37.10488225,27.15290262,11.46030734
40,24,5,20,6,0,5,250.9365884,39.80479984,27.15732813,11.70590656
40,23,5,20,7,0,5,256.0453276,41.24562084,27.16697651,10.94587078
40,22,5,20,8,0,5,257.2088539,48.38409792,28.99252066,11.54928549
40,21,5,20,9,0,5,276.7165509,52.14400103,27.82012963,11.54928549
40,20,5,20,10,0,5,295.1874218,56.15976645,26.63986378,11.54928549
40,24,5,21,5,0,5,244.0752528,36.81581855,26.5370361,11.81101164
40,23,5,21,6,0,5,254.6301129,38.29062509,26.59382284,11.26495328
40,22,5,21,7,0,5,274.3204774,46.4026863,28.02976752,11.54928549
40,21,5,21,8,0,5,292.9820312,54.15008348,27.61793336,11.54928549
40,20,5,21,9,0,5,298.857348,59.73289001,27.29541266,11.54928549
40,23,5,22,5,0,5,264.6127535,35.59071228,26.03257997,11.26495328
40,22,5,22,6,0,5,290.5028481,49.02322849,27.7829309,10.94587078
40,21,5,22,7,0,5,309.193983,49.97463076,26.69926431,11.54928549
40,20,5,22,8,0,5,310.3483333,62.6031462,25.86029726,11.54928549
40,27,5,23,0,0,5,204.5513725,42.60260854,21.4446983,11.35471999
40,22,5,23,5,0,5,313.7503161,46.48024126,26.78280363,10.94587078
40,21,5,23,6,0,5,329.5801097,54.52814046,27.11756491,11.54928549
40,20,5,23,7,0,5,325.7942339,67.74150051,25.33648031,11.54928549
40,26,5,24,0,0,5,225.7016284,41.98040867,24.2622112,12.36509588
40,21,5,24,5,0,5,337.4432897,61.40748345,27.14054718,11.54928549
40,20,5,24,6,0,5,338.3203872,73.27125605,25.46627959,11.54928549
40,25,5,25,0,0,5,275.0211097,43.49733636,24.25971029,11.46030734
40,20,5,25,5,0,5,347.5213787,82.51672617,25.97079737,11.54928549
40.2,25.8,5,24,0,0,5,208.1332466,43.14417381,20.74246454,12.36509588
40.2,24.8,5,25,0,0,5,264.9851404,46.15791643,25.32611098,11.46030734
40.4,25.6,5,24,0,0,5,200.5910836,42.86691275,19.94919075,12.36509588
40.4,24.6,5,25,0,0,5,252.951611,45.83967163,21.95289673,11.46030734
40.6,24.4,5,25,0,0,5,245.8602456,43.50086939,19.04604139,11.46030734
40.8,24.2,5,25,0,0,5,242.7921427,43.04600087,16.99547413,11.68737853
39,23,5,17,10,1,5,203.5353599,46.08232859,22.89059677,10.94587078
39,22,5,17,11,1,5,204.3532565,52.67307316,24.07467896,11.54928549
39,21,5,17,12,1,5,205.7251225,60.92903064,24.48365223,11.54928549
39,20,5,17,13,1,5,200.4386688,71.20730929,24.7814904,11.54928549
39,23,5,18,9,1,5,209.0971427,46.57638944,22.73117132,11.26495328
39,22,5,18,10,1,5,217.1422629,53.07345009,22.32371873,10.94587078
39,21,5,18,11,1,5,209.5803302,53.94050074,22.54226731,11.54928549
39,20,5,18,12,1,5,214.2769569,71.31887743,24.70971731,11.54928549
39,23,5,19,8,1,5,216.5160815,45.01555804,23.28475212,11.26495328
39,22,5,19,9,1,5,217.402039,51.8807237,22.32977606,10.94587078
39,21,5,19,10,1,5,214.4272971,56.04019878,21.83518753,11.54928549
39,20,5,19,11,1,5,229.4187463,63.88805598,22.88206399,11.54928549
39,23,5,20,7,1,5,220.9953153,41.87771768,23.07840131,11.26495328
39,22,5,20,8,1,5,230.062153,48.68114502,23.81671682,10.94587078
39,21,5,20,9,1,5,226.1297466,52.46809041,21.76279588,11.54928549
39,20,5,20,10,1,5,249.6525603,59.14787441,21.69927451,11.54928549
39,24,5,21,5,1,5,200.6555582,36.41613181,23.05483525,11.81101164
39,23,5,21,6,1,5,227.0700529,37.45008995,23.38290121,11.26495328
39,22,5,21,7,1,5,237.0149817,44.49085368,23.7692836,10.94587078
39,21,5,21,8,1,5,262.5154301,52.36472648,21.88766219,11.54928549
39,20,5,21,9,1,5,272.9031944,61.48287893,21.76634529,11.54928549
39,23,5,22,5,1,5,220.5674104,38.45914125,24.66789076,11.26495328
39,22,5,22,6,1,5,253.3409571,40.56528282,24.05565537,10.94587078
39,21,5,22,7,1,5,271.5835366,52.91825534,21.95365223,11.54928549
39,20,5,22,8,1,5,289.2021152,59.99117955,21.53649542,11.54928549
39,22,5,23,5,1,5,274.8428312,43.6401358,24.94656572,10.94587078
39,21,5,23,6,1,5,294.7558765,54.93315922,23.80627259,11.54928549
39,20,5,23,7,1,5,308.7579701,65.28292252,21.70658136,11.54928549
39,26,5,24,0,1,5,212.0672352,41.54901884,22.90635157,11.35471999
39,21,5,24,5,1,5,302.213399,59.76665803,24.27266374,11.54928549
39,20,5,24,6,1,5,313.4940501,71.58577675,23.03967065,11.54928549
39,25,5,25,0,1,5,249.2569921,43.43978832,23.77047503,12.42415444
39,20,5,25,5,1,5,321.2165371,75.68702048,23.55285129,11.54928549
39.2,24.8,5,25,0,1,5,245.5104226,43.31097458,24.15381639,12.42415444
39.4,24.6,5,25,0,1,5,228.6843432,45.36644921,23.0620622,12.42415444
39.6,24.4,5,25,0,1,5,226.5778267,45.71391592,20.01636246,11.46030734
38,22,5,18,10,2,5,200.2664613,56.56644646,20.64463327,10.94587078
38,21,5,18,11,2,5,203.3073085,63.27977631,21.93425248,11.54928549
38,22,5,19,9,2,5,205.4847069,51.82104256,20.38074934,10.94587078
38,21,5,19,10,2,5,206.4168664,56.72882663,19.27899531,11.54928549
38,20,5,19,11,2,5,204.2690879,70.41841023,21.08150623,11.54928549
38,22,5,20,8,2,5,223.1950136,48.92937738,21.51796502,10.94587078
38,21,5,20,9,2,5,222.0926695,55.76061954,19.81394957,11.54928549
38,20,5,20,10,2,5,228.2165447,65.1262868,20.64620183,11.54928549
38,23,5,21,6,2,5,204.2468847,41.3209461,22.61203644,11.70590656
38,22,5,21,7,2,5,225.936233,47.98285583,21.6178002,10.94587078
38,21,5,21,8,2,5,236.16092,53.88542422,20.94023551,11.54928549
38,20,5,21,9,2,5,250.1981143,62.76708378,21.12036731,11.54928549
38,23,5,22,5,2,5,212.1642502,41.59584172,23.76569288,11.70590656
38,22,5,22,6,2,5,225.574412,45.07244559,23.91753962,10.94587078
38,21,5,22,7,2,5,270.5604389,57.68657516,21.14939794,11.54928549
38,20,5,22,8,2,5,274.242051,66.93902576,21.03104177,11.54928549
38,22,5,23,5,2,5,242.9172827,47.2111315,24.18623475,10.94587078
38,21,5,23,6,2,5,280.0186469,63.14779495,22.52306522,11.54928549
38,20,5,23,7,2,5,283.0584104,69.78112553,21.08294822,11.54928549
38,26,5,24,0,2,5,213.5228241,41.61206335,22.65333131,11.35471999
38,21,5,24,5,2,5,296.8754919,66.58308434,22.72462741,11.54928549
38,20,5,24,6,2,5,312.8256049,72.8657295,22.52891112,11.54928549
38,25,5,25,0,2,5,243.823805,43.48609275,22.34997059,12.36509588
38,20,5,25,5,2,5,315.7668963,85.51311171,22.04139769,11.54928549
38.2,25.8,5,24,0,2,5,201.2095327,41.89334437,22.92232641,11.35471999
38.2,24.8,5,25,0,2,5,230.9834229,42.48721995,23.97196146,12.42415444
38.4,24.6,5,25,0,2,5,217.5787188,43.78062955,23.28179892,12.42415444
37,21,5,19,10,3,5,207.5169363,68.03589753,19.95620252,11.54928549
37,20,5,19,11,3,5,201.0447639,71.53784797,21.26532805,11.54928549
37,21,5,20,9,3,5,203.9706487,61.58739813,19.26533884,11.54928549
37,20,5,20,10,3,5,211.7198746,72.25524607,19.86537819,11.54928549
37,21,5,21,8,3,5,202.2680077,60.71182895,19.46554292,11.54928549
37,20,5,21,9,3,5,241.4809231,72.34282837,19.86647682,11.54928549
37,22,5,22,6,3,5,218.9346396,49.80269374,22.02837057,10.94587078
37,21,5,22,7,3,5,226.5226674,65.49605594,20.50094238,11.54928549
37,20,5,22,8,3,5,263.5187625,66.74669841,21.03016787,11.54928549
37,22,5,23,5,3,5,222.2422534,53.09825839,22.56600216,11.26495328
37,21,5,23,6,3,5,256.8795506,69.81251292,21.41565098,11.54928549
37,20,5,23,7,3,5,286.3824655,75.51897818,22.21456223,11.54928549
37,26,5,24,0,3,5,207.8426212,41.59406566,19.58560365,11.35471999
37,21,5,24,5,3,5,246.5120423,71.10147684,21.91294378,10.94587078
37,20,5,24,6,3,5,278.8428821,82.52070171,22.03648403,11.54928549
37,25,5,25,0,3,5,230.5775583,43.80805757,19.71372054,12.36509588
37,20,5,25,5,3,5,272.3930913,86.20948976,21.53242488,11.54928549
37.2,24.8,5,25,0,3,5,221.0546781,44.40228342,21.52578574,12.36509588
37.4,24.6,5,25,0,3,5,210.9608989,44.48302911,20.82356845,12.36509588
36,21,5,22,7,4,5,202.5241591,69.86959006,20.14007172,10.94587078
36,20,5,22,8,4,5,223.4365007,81.58580848,18.91720493,11.54928549
36,21,5,23,6,4,5,209.6893178,62.60319924,18.8665776,10.94587078
36,20,5,23,7,4,5,238.6615285,83.43425242,20.70738715,11.54928549
36,21,5,24,5,4,5,224.7933562,66.77990189,18.17580974,10.94587078
36,20,5,24,6,4,5,237.711666,81.80982219,19.96745167,11.54928549
36,25,5,25,0,4,5,212.194536,44.32965927,16.6744853,11.35471999
36,20,5,25,5,4,5,245.9406294,78.80534618,18.46092423,11.54928549
36.2,24.8,5,25,0,4,5,205.9135476,44.42834494,18.73434749,11.35471999
36.4,24.6,5,25,0,4,5,200.2323381,44.81925625,17.9898167,12.36509588
39,21,6,16,13,0,5,204.9936834,60.13893603,27.37560554,11.54928549
39,20,6,16,14,0,5,204.0859481,65.41972333,27.75756563,11.54928549
39,24,6,17,9,0,5,204.5773911,42.30702918,24.78636417,11.70590656
39,23,6,17,10,0,5,203.0919029,44.75712789,26.03251206,10.94587078
39,22,6,17,11,0,5,207.1839776,51.97440339,27.66210132,11.54928549
39,21,6,17,12,0,5,216.7326322,52.14015585,27.80339605,11.54928549
39,20,6,17,13,0,5,217.0213017,64.02226225,27.38570423,11.54928549
39,24,6,18,8,0,5,218.896799,39.50444797,25.62136929,11.70590656
39,23,6,18,9,0,5,221.8023142,40.60601946,26.58169637,10.94587078
39,22,6,18,10,0,5,225.5195537,50.7171411,26.29179194,11.54928549
39,21,6,18,11,0,5,231.8019186,52.04916149,26.37585591,11.54928549
39,20,6,18,12,0,5,229.9231102,61.79319318,26.92179958,11.54928549
39,24,6,19,7,0,5,217.4117952,40.46967219,24.68406818,11.70590656
39,23,6,19,8,0,5,234.3430494,39.92438538,25.77330041,10.94587078
39,22,6,19,9,0,5,230.5055384,48.5534286,26.39720508,11.54928549
39,21,6,19,10,0,5,234.583451,52.08830867,26.47037801,11.54928549
39,20,6,19,11,0,5,259.9874818,55.0868174,25.64037318,11.54928549
39,24,6,20,6,0,5,232.9332206,39.2058777,24.71794461,11.81101164
39,23,6,20,7,0,5,240.0616954,41.01187674,24.1196306,10.94587078
39,22,6,20,8,0,5,247.1872354,46.49519732,25.83470534,11.54928549
39,21,6,20,9,0,5,255.5502932,49.99171889,26.6503358,11.54928549
39,20,6,20,10,0,5,273.6103273,57.61509327,25.36861953,11.54928549
39,24,6,21,5,0,5,229.0219822,39.5033159,24.63534384,11.81101164
39,23,6,21,6,0,5,233.3937186,41.44703847,24.81932745,11.26495328
39,22,6,21,7,0,5,254.712587,43.80709605,24.92403446,11.54928549
39,21,6,21,8,0,5,283.4348132,50.3543878,25.61700437,11.54928549
39,20,6,21,9,0,5,283.6368947,56.94938813,25.90277092,11.54928549
39,23,6,22,5,0,5,240.8295324,39.39033965,24.67905913,11.26495328
39,22,6,22,6,0,5,273.395521,43.84813453,25.01333147,10.94587078
39,21,6,22,7,0,5,294.198813,48.85649072,25.50601111,11.54928549
39,20,6,22,8,0,5,295.6153431,58.06493168,23.63468105,11.54928549
39,22,6,23,5,0,5,276.0801589,44.18972693,25.68871485,10.94587078
39,21,6,23,6,0,5,293.1246048,49.16460715,25.68812613,11.54928549
39,20,6,23,7,0,5,315.4434607,59.38526594,23.90599708,11.54928549
39,26,6,24,0,0,5,212.5427214,41.5100391,21.74834107,12.36509588
39,21,6,24,5,0,5,308.2665505,51.66490801,25.78284902,11.54928549
39,20,6,24,6,0,5,307.1466788,66.16250721,25.22076688,11.54928549
39,25,6,25,0,0,5,245.1040435,41.97558163,24.44039856,12.42415444
39,20,6,25,5,0,5,319.442134,71.15718889,25.47515033,11.54928549
39.2,25.8,6,24,0,0,5,201.5509371,41.71115134,19.95388317,12.36509588
39.2,24.8,6,25,0,0,5,240.7714084,41.26666034,22.28010758,11.46030734
39.4,24.6,6,25,0,0,5,246.1827468,41.6420293,20.41637645,11.46030734
38,23,6,18,9,1,5,207.6113777,41.5338081,21.82417864,11.26495328
38,22,6,18,10,1,5,206.0329002,48.126469,22.82509573,10.94587078
38,21,6,18,11,1,5,200.8958941,54.17741593,22.98434464,11.54928549
38,23,6,19,8,1,5,206.0505945,43.90373087,21.96387302,11.26495328
38,22,6,19,9,1,5,216.1882844,48.54939129,22.30860234,10.94587078
38,21,6,19,10,1,5,204.3834304,54.83815027,21.15442174,11.54928549
38,20,6,19,11,1,5,209.0201505,61.24038015,22.51057774,11.54928549
38,23,6,20,7,1,5,216.63177,41.92695378,22.32016417,11.26495328
38,22,6,20,8,1,5,226.1026675,47.30179225,22.65791725,10.94587078
38,21,6,20,9,1,5,218.03893,53.05042428,20.7838319,11.54928549
38,20,6,20,10,1,5,233.245967,57.39787977,20.07189377,11.54928549
38,23,6,21,6,1,5,214.3082468,42.96533358,21.92096195,11.26495328
38,22,6,21,7,1,5,228.5878269,45.80328838,22.93568712,10.94587078
38,21,6,21,8,1,5,238.3469285,51.01381897,21.99729743,11.54928549
38,20,6,21,9,1,5,258.4863067,58.19240218,20.51995402,11.54928549
38,23,6,22,5,1,5,207.6669516,40.98501403,24.02063596,11.26495328
38,22,6,22,6,1,5,228.0466514,46.25693494,23.62782471,10.94587078
38,21,6,22,7,1,5,261.0929508,51.89056259,22.27593211,11.54928549
38,20,6,22,8,1,5,283.6247634,59.73154422,21.30428767,11.54928549
38,22,6,23,5,1,5,261.8187501,44.2791408,24.21076471,10.94587078
38,21,6,23,6,1,5,271.758348,56.34941135,24.64773499,11.54928549
38,20,6,23,7,1,5,299.0564002,60.88520259,21.84525089,11.54928549
38,26,6,24,0,1,5,207.7148325,41.61126003,22.08600786,11.35471999
38,21,6,24,5,1,5,297.4200048,60.52068265,24.90249312,11.54928549
38,20,6,24,6,1,5,305.4838599,70.29969086,23.25597842,11.54928549
38,25,6,25,0,1,5,244.630885,40.50211333,23.57364956,12.42415444
38,20,6,25,5,1,5,311.867099,72.55962501,23.26864583,11.54928549
38.2,24.8,6,25,0,1,5,227.6443513,40.72136183,23.90442741,12.42415444
37,21,6,19,10,2,5,205.5421831,61.68387532,19.56737215,11.54928549
37,22,6,20,8,2,5,201.4783593,52.64021631,21.76987234,10.94587078
37,21,6,20,9,2,5,212.3211139,54.98013897,20.21878488,11.54928549
37,20,6,20,10,2,5,202.7290651,70.88224649,20.40565287,11.54928549
37,22,6,21,7,2,5,201.0898521,50.60109171,22.50760169,10.94587078
37,21,6,21,8,2,5,223.9640692,59.96260349,20.75512498,11.54928549
37,20,6,21,9,2,5,234.2124325,62.45074353,19.66432244,11.54928549
37,23,6,22,5,2,5,205.254305,40.26730303,22.73590688,11.70590656
37,22,6,22,6,2,5,208.2589002,45.89924238,22.58019483,10.94587078
37,21,6,22,7,2,5,239.9828723,57.8449833,20.9510529,11.54928549
37,20,6,22,8,2,5,263.7766087,64.2325855,20.03220282,11.54928549
37,22,6,23,5,2,5,218.0084376,44.16334772,23.95186089,10.94587078
37,21,6,23,6,2,5,259.3443092,56.66734059,22.42479686,11.54928549
37,20,6,23,7,2,5,273.1478343,68.6252997,20.87553978,11.54928549
37,26,6,24,0,2,5,205.1886145,41.07966256,21.37267348,11.35471999
37,21,6,24,5,2,5,285.1706276,61.44497798,23.49728336,11.54928549
37,20,6,24,6,2,5,291.954504,69.98174499,22.07347982,11.54928549
37,25,6,25,0,2,5,238.3969574,41.98102511,21.91251635,12.36509588
37,20,6,25,5,2,5,301.8685127,75.03037619,22.93464434,11.54928549
37.2,24.8,6,25,0,2,5,228.8770531,41.06815058,23.91413216,12.42415444
36,25,6,25,0,3,5,226.480286,41.99065997,18.57185313,12.36509588
36.2,24.8,6,25,0,3,5,216.3947251,42.5477518,19.46061538,12.36509588
35,25,6,25,0,4,5,202.0255843,42.54347421,17.15130384,11.35471999
38,23,7,18,9,0,5,203.7167093,41.05996865,23.13790144,10.94587078
38,22,7,18,10,0,5,205.4870802,45.30342116,23.66432078,11.54928549
38,21,7,18,11,0,5,207.380185,51.4639696,24.24333038,11.54928549
38,20,7,18,12,0,5,208.3339121,61.40146218,23.93748447,11.54928549
38,23,7,19,8,0,5,207.8159053,42.14563818,22.41468102,10.94587078
38,22,7,19,9,0,5,214.6734695,42.77004467,22.83140801,11.54928549
38,21,7,19,10,0,5,212.863222,51.17533531,23.97674139,11.54928549
38,20,7,19,11,0,5,227.3681788,52.74324564,24.53693166,11.54928549
38,24,7,20,6,0,5,212.8066725,41.36436738,23.07890148,11.81101164
38,23,7,20,7,0,5,215.0040369,41.12269612,22.94322833,11.26495328
38,22,7,20,8,0,5,220.4992762,45.06121254,23.08406054,11.54928549
38,21,7,20,9,0,5,228.4759848,48.12066256,23.42944839,11.54928549
38,20,7,20,10,0,5,250.1595851,56.41032185,23.59436517,11.54928549
38,24,7,21,5,0,5,222.2424906,41.10573903,23.78229525,11.81101164
38,23,7,21,6,0,5,226.9605295,43.57375095,22.87846496,11.26495328
38,22,7,21,7,0,5,223.192112,49.08522125,22.64023052,10.94587078
38,21,7,21,8,0,5,246.7421863,46.31260725,23.87480693,11.54928549
38,20,7,21,9,0,5,270.9726782,54.94145426,22.01010306,11.54928549
38,23,7,22,5,0,5,224.08623,42.16857423,23.29237671,11.26495328
38,22,7,22,6,0,5,240.1560386,49.72465887,22.67504784,10.94587078
38,21,7,22,7,0,5,265.4416828,46.93633835,23.6522579,11.54928549
38,20,7,22,8,0,5,269.8307508,53.51387517,23.09843446,11.54928549
38,22,7,23,5,0,5,256.5850669,46.03974946,24.00293629,10.94587078
38,21,7,23,6,0,5,272.0360748,47.57360634,24.14924413,11.54928549
38,20,7,23,7,0,5,277.2788731,56.5079691,23.04978496,11.54928549
38,21,7,24,5,0,5,284.7688062,49.79066151,24.44604273,11.54928549
38,20,7,24,6,0,5,291.2217277,60.42195724,25.17360461,11.54928549
38,25,7,25,0,0,5,225.6836315,40.22403551,22.41326849,12.42415444
38,20,7,25,5,0,5,301.9977856,62.76212361,25.04419196,11.54928549
38.2,24.8,7,25,0,0,5,221.9543405,40.92156262,20.0685676,11.46030734
37,22,7,19,9,1,5,201.2986785,48.16285111,21.44951324,10.94587078
37,21,7,19,10,1,5,200.5365247,53.33519775,21.84010883,11.54928549
37,22,7,20,8,1,5,202.3968594,50.45220071,21.67610876,10.94587078
37,21,7,20,9,1,5,206.3982118,55.56315564,21.21268978,11.54928549
37,20,7,20,10,1,5,210.9751084,62.77589555,19.59756128,11.54928549
37,22,7,21,7,1,5,209.7127311,46.06173441,22.52923215,10.94587078
37,21,7,21,8,1,5,213.0231068,52.25087538,22.38962994,11.54928549
37,20,7,21,9,1,5,233.2319038,63.02596223,20.31490216,11.54928549
37,23,7,22,5,1,5,203.7204982,41.29630617,22.82464595,11.26495328
37,22,7,22,6,1,5,225.1762332,44.85894934,22.47578951,10.94587078
37,21,7,22,7,1,5,240.4275992,51.99944032,23.16609708,11.54928549
37,20,7,22,8,1,5,259.4172385,60.89261299,20.75257029,11.54928549
37,22,7,23,5,1,5,236.6577536,42.71997222,23.03532484,10.94587078
37,21,7,23,6,1,5,263.985392,51.02189877,23.42042673,11.54928549
37,20,7,23,7,1,5,272.6237442,58.44922601,21.26126733,11.54928549
37,21,7,24,5,1,5,284.7062946,52.13934215,24.17186459,11.54928549
37,20,7,24,6,1,5,299.8425579,63.42280918,23.42093627,11.54928549
37,25,7,25,0,1,5,226.2477365,40.16678373,21.94384243,12.42415444
37,20,7,25,5,1,5,314.6785591,67.82426427,23.73102612,11.54928549
37.2,24.8,7,25,0,1,5,215.7882804,40.72598002,21.96169152,12.42415444
36,20,7,20,10,2,5,202.7511598,73.19074413,19.50804925,11.54928549
36,25,7,25,0,2,5,220.5116107,40.15517309,21.90692172,12.36509588
37,20,8,18,12,0,5,203.1612262,59.58797005,23.56433576,11.54928549
37,21,8,19,10,0,5,201.5884327,52.39129316,22.90792639,11.54928549
37,20,8,19,11,0,5,218.4966678,57.61422754,23.93912936,11.54928549
37,21,8,20,9,0,5,209.7250232,48.2571167,22.07147452,11.54928549
37,20,8,20,10,0,5,230.2214954,58.9059124,22.12400132,11.54928549
37,24,8,21,5,0,5,207.383989,41.92966571,23.18438299,11.81101164
37,23,8,21,6,0,5,212.0853199,42.47161057,22.33949942,11.26495328
37,22,8,21,7,0,5,212.8430868,45.43671724,22.32471104,10.94587078
37,21,8,21,8,0,5,216.9536806,49.24149582,22.70128032,11.54928549
37,20,8,21,9,0,5,249.8673407,55.52538666,21.92406457,11.54928549
37,23,8,22,5,0,5,219.333167,43.80975232,22.53427388,11.26495328
37,22,8,22,6,0,5,233.4118729,45.33571485,21.77754851,10.94587078
37,21,8,22,7,0,5,252.7785668,50.01277033,22.98437792,11.54928549
37,20,8,22,8,0,5,251.5598702,53.65445207,23.09038986,11.54928549
37,22,8,23,5,0,5,241.2435756,45.93558854,23.53146225,10.94587078
37,21,8,23,6,0,5,274.8371308,49.0736228,22.58580414,11.54928549
37,20,8,23,7,0,5,275.7842372,52.28616796,23.00513098,11.54928549
37,21,8,24,5,0,5,272.7131392,49.03352411,23.59792178,11.54928549
37,20,8,24,6,0,5,280.5773188,52.42224259,24.13492768,11.54928549
37,25,8,25,0,0,5,209.5583878,41.39639061,20.62669304,12.42415444
37,20,8,25,5,0,5,305.3498019,56.35844178,25.0256174,11.54928549
36,22,8,21,7,1,5,202.0375483,45.23028905,21.59432106,10.94587078
36,20,8,21,9,1,5,204.4850765,61.02865336,19.85759714,11.54928549
36,22,8,22,6,1,5,216.1628465,45.6418691,22.35195202,10.94587078
36,21,8,22,7,1,5,215.9366743,50.45810129,22.1384263,11.54928549
36,20,8,22,8,1,5,244.6930101,58.71217711,20.64315197,11.54928549
36,22,8,23,5,1,5,217.4686372,40.41215036,22.80414474,10.94587078
36,21,8,23,6,1,5,244.3058266,49.10858541,22.07653096,11.54928549
36,20,8,23,7,1,5,258.2268693,55.65886001,22.29826789,11.54928549
36,21,8,24,5,1,5,266.2988076,49.47043364,23.63265626,11.54928549
36,20,8,24,6,1,5,280.4120097,53.23223466,23.52537039,11.54928549
36,25,8,25,0,1,5,215.76172,40.49397863,20.89337807,12.42415444
36,20,8,25,5,1,5,306.2607603,57.50953773,24.12737608,11.54928549
35,25,8,25,0,2,5,201.9472688,39.88316419,20.97359628,12.36509588
36,20,9,20,10,0,5,203.3299999,56.56608446,22.52365497,11.54928549
36,23,9,21,6,0,5,209.1524678,42.39239811,22.28435246,11.26495328
36,22,9,21,7,0,5,207.5290905,44.13090194,21.54813883,10.94587078
36,21,9,21,8,0,5,209.0410766,49.32526584,21.50850628,11.54928549
36,20,9,21,9,0,5,226.425201,54.84475927,21.86505798,11.54928549
36,23,9,22,5,0,5,214.2297886,42.09108741,22.68339632,11.26495328
36,22,9,22,6,0,5,214.9816275,45.5012008,22.17883967,10.94587078
36,21,9,22,7,0,5,226.871087,49.84969163,21.53633115,11.54928549
36,20,9,22,8,0,5,244.7224294,51.89679063,22.27351658,11.54928549
36,22,9,23,5,0,5,231.3504397,45.59030486,22.05233535,10.94587078
36,21,9,23,6,0,5,262.2276894,47.61411601,21.95848537,11.54928549
36,20,9,23,7,0,5,266.5774655,52.33687619,22.78205649,11.54928549
36,21,9,24,5,0,5,267.2456948,49.08425194,23.36333537,11.54928549
36,20,9,24,6,0,5,272.8676702,54.57887139,22.26194983,11.54928549
36,25,9,25,0,0,5,205.8148077,41.35851662,19.65446345,12.42415444
36,20,9,25,5,0,5,297.7011665,54.06460022,24.29330411,11.54928549
35,20,9,22,8,1,5,204.2154001,55.46568351,21.42052581,11.54928549
35,25,9,25,0,1,5,204.0451265,41.02765719,19.56141601,12.42415444
35,20,10,21,9,0,5,210.2383617,51.4328625,21.53278627,11.54928549
35,23,10,22,5,0,5,207.3387736,41.97999444,23.04814289,11.26495328
35,22,10,22,6,0,5,206.3383601,43.06243438,21.48796333,10.94587078
35,21,10,22,7,0,5,212.2612978,46.75491457,21.10811738,11.54928549
35,20,10,22,8,0,5,226.2598228,49.74598341,20.77029021,11.54928549
35,22,10,23,5,0,5,226.1479691,43.95061653,22.26940492,10.94587078
35,21,10,23,6,0,5,227.0907627,47.16013217,21.8337097,11.54928549
35,20,10,23,7,0,5,248.2839096,50.35087193,21.69410682,11.54928549
35,21,10,24,5,0,5,265.4262598,46.94151245,22.93978523,11.54928549
35,20,10,24,6,0,5,266.30678,49.73150331,22.64091276,11.54928549
35,20,10,25,5,0,5,278.8590978,51.3527208,22.54005413,11.54928549
34,21,11,22,7,0,5,205.4635314,42.93511271,20.82361973,11.54928549
34,20,11,22,8,0,5,219.165765,50.96788297,21.02259617,11.54928549
34,22,11,23,5,0,5,206.2992792,39.77074786,22.28060505,10.94587078
34,21,11,23,6,0,5,220.4561571,44.75761178,21.53640295,11.54928549
34,20,11,23,7,0,5,233.3761065,47.39912744,20.98790629,11.54928549
34,21,11,24,5,0,5,246.72827,45.42764901,22.89812359,11.54928549
34,20,11,24,6,0,5,253.4305088,47.39966058,21.64535993,11.54928549
34,20,11,25,5,0,5,266.5124602,48.34704634,22.73433279,11.54928549
33,22,12,23,5,0,5,202.0009273,40.85105654,21.55202196,10.94587078
33,21,12,24,5,0,5,228.3201268,42.64706033,21.6508019,11.54928549
33,20,12,25,5,0,5,256.3538022,46.16839382,22.29274865,11.54928549
